spelling,count,looks_polish,locations
ABREKOWA,1,False,example.txt:2177
ALSYKOWIC,1,False,example.txt:44235
AUCTANS,1,False,example.txt:47564
AWEDULI,1,False,example.txt:42667
Abanaru,2,False,example.txt:8392; example.txt:8397
Abdelka,1,False,example.txt:52372
Abdicans,1,False,example.txt:18842
Abermanowoska,1,False,example.txt:14322
Abnieszowska,1,True,example.txt:47728
Abreuiationem,1,False,example.txt:35430
Abrkowic,2,False,example.txt:1863; example.txt:1872
Abrkowu,1,False,example.txt:1825
Academiae,1,False,example.txt:40306
Accesor,1,False,example.txt:37955
Accisorem,1,False,example.txt:27790
Acedich,1,False,example.txt:51012
Achsinger,1,False,example.txt:36183
Acioxesi,1,False,example.txt:25168
Actoreque,1,False,example.txt:25218
ActumAuocatio,1,False,example.txt:33760
ActumIlko,1,False,example.txt:27546
Adamansuit,1,False,example.txt:47133
Adamaskiem,1,False,example.txt:40718
Adamaskowa,1,False,example.txt:40724
Adamaszek,1,True,example.txt:15269
Adamaszkowego,1,True,example.txt:5188
Adamowic,2,False,example.txt:44825; example.txt:44825
Addititia,1,False,example.txt:6306
Adelcsionis,2,False,example.txt:2050; example.txt:2051
Adelesior,1,False,example.txt:2060
Adisilonius,1,False,example.txt:10114
Adnotatia,1,False,example.txt:17574
Adriano,2,False,example.txt:48283; example.txt:48292
Adrinopolu,2,False,example.txt:52868; example.txt:52869
AdvocatiFideiussorem,1,False,example.txt:3121
Adwersarzowi,1,True,example.txt:2778
Aerarij,1,False,example.txt:35857
Aerolaus,1,False,example.txt:19937
Agatha,1,False,example.txt:9667
Agelasto,1,False,example.txt:14110
Agneszką,1,True,example.txt:26446
Agnethiey,1,False,example.txt:5730
Agnieszka,2,True,example.txt:25459; example.txt:48536
Agnieszki,1,True,example.txt:6329
Aichingier,1,False,example.txt:36209
Aichsingiera,1,False,example.txt:36185
Aichsingierowskim,1,False,example.txt:36189
Albiastiego,1,False,example.txt:13326
Albrech,1,False,example.txt:35373
Albrichtowic,2,False,example.txt:40317; example.txt:40323
Albrycht,1,False,example.txt:44991
Albrychtowic,1,False,example.txt:44992
Alditoris,1,False,example.txt:52242
Alebtarii,1,False,example.txt:43614
Alembeg,2,False,example.txt:19634; example.txt:19676
Alembege,2,False,example.txt:19649; example.txt:19652
Alembekow,2,False,example.txt:19626; example.txt:19639
Alemdliowic,1,False,example.txt:43001
Alexame,1,False,example.txt:24217
Alexandrowicz,2,True,example.txt:19016; example.txt:19023
Alexinszkaina,1,True,example.txt:18885
Alexista,1,False,example.txt:13102
Alexowa,1,False,example.txt:26169
Alexsiae,1,False,example.txt:3497
Alexullu,1,False,example.txt:13324
Algisij,1,False,example.txt:45145
Alincoroska,1,False,example.txt:1556
Alinowna,1,False,example.txt:46157
Allembek,2,False,example.txt:6054; example.txt:11609
Allochowic,1,False,example.txt:42810
Allochowicz,1,True,example.txt:42812
Almariami,1,False,example.txt:25026
Almarią,1,True,example.txt:25009
Almichowey,1,False,example.txt:50804
Almischek,1,False,example.txt:45145
Almizavey,1,False,example.txt:50790
Alphonsus,1,False,example.txt:40206
Alpnerowska,1,False,example.txt:47135
Alscher,1,False,example.txt:9286
Alsykoto,1,False,example.txt:44238
Alszkot,1,True,example.txt:46579
Alszkotowic,1,True,example.txt:46564
Altamistam,1,False,example.txt:5503
Altansionarium,1,False,example.txt:5503
Altaristae,1,False,example.txt:10079
Altaristam,1,False,example.txt:25387
Alternatori,1,False,example.txt:4599
Altheae,1,False,example.txt:9193
Althochouii,1,False,example.txt:42826
Alutary,1,False,example.txt:33620
Amadeiuis,1,False,example.txt:24944
Amatoriam,1,False,example.txt:20126
Ambeles,1,False,example.txt:16821
Amerstok,2,False,example.txt:16192; example.txt:16193
Ancanus,1,False,example.txt:43578
Anczowiensis,1,True,example.txt:39095
Andrusko,1,False,example.txt:4808
Andrzeionowska,2,True,example.txt:12729; example.txt:12738
Angermiy,1,False,example.txt:22526
Angielczyka,1,True,example.txt:28769
Angielskiey,1,False,example.txt:34042
Angstu,1,False,example.txt:18413
Anienbyskiego,1,False,example.txt:17317
Ankurbani,1,False,example.txt:42409
Anninci,1,False,example.txt:40281
Annofuturo,1,False,example.txt:19722
Antewrbani,1,False,example.txt:36499
Anthonina,1,False,example.txt:9830
Antiphij,1,False,example.txt:16192
Antmanna,1,False,example.txt:33955
Antraszek,1,True,example.txt:36243
Anxerima,1,False,example.txt:38502
Anzelmus,1,False,example.txt:12386
Apostata,2,False,example.txt:21872; example.txt:21892
Apostatae,1,False,example.txt:21895
Apostolonowski,1,False,example.txt:24770
Apostolowski,2,False,example.txt:51389; example.txt:52440
Apotecarius,1,False,example.txt:1153
Aprekans,1,False,example.txt:12066
Aptekarz,1,True,example.txt:10965
Aptekarza,1,True,example.txt:12627
Aptekarzem,1,True,example.txt:12053
Aptekarzowi,1,True,example.txt:672
Aquarii,2,False,example.txt:49053; example.txt:49054
Aquatius,2,False,example.txt:32408; example.txt:32409
Archimagistri,1,False,example.txt:800
Archimendritae,1,False,example.txt:36461
Architriclini,1,False,example.txt:39013
Arciwko,1,False,example.txt:2784
Arenator,2,False,example.txt:28453; example.txt:28474
Arendarza,1,True,example.txt:10845
Arfamiemu,1,False,example.txt:13331
Arielski,1,False,example.txt:36259
Armacaru,1,False,example.txt:38839
Armamentarii,1,False,example.txt:42080
Armatorem,1,False,example.txt:4420
Aronowi,1,False,example.txt:2226
Artykuły,2,True,example.txt:3708; example.txt:3719
Asembergi,1,False,example.txt:15589
Assiduos,1,False,example.txt:16922
Asteles,1,False,example.txt:32542
Astliactricz,1,True,example.txt:31958
Astoborowna,1,False,example.txt:50983
Athlacum,1,False,example.txt:14386
Atlasowe,1,False,example.txt:13841
Atłasu,1,True,example.txt:40721
Auciuersa,1,False,example.txt:13622
Audosuime,1,False,example.txt:11103
Audzbowig,1,True,example.txt:31997
Auersstok,2,False,example.txt:16291; example.txt:16292
Auerszt,1,True,example.txt:51354
Auetactio,1,False,example.txt:52828
Auirscziek,1,True,example.txt:24870
Austrowium,1,False,example.txt:13284
Autoluwic,1,False,example.txt:25678
Autumno,2,False,example.txt:48624; example.txt:51174
Autumnus,1,False,example.txt:46483
Auxentego,1,False,example.txt:23793
Awenigo,1,False,example.txt:18887
Awxentego,1,False,example.txt:13328
Axancowic,1,False,example.txt:21614
Axantomicz,1,True,example.txt:21631
Axantowic,1,False,example.txt:35166
Axantowicz,2,True,example.txt:8895; example.txt:35171
Axantowiczowey,1,True,example.txt:8888
Axantowiczu,1,True,example.txt:8899
Axantowna,1,False,example.txt:8970
Axantowne,1,False,example.txt:8959
Axantowny,1,False,example.txt:8944
Axentowicz,1,True,example.txt:32936
Axiomati,1,False,example.txt:20133
BALDUINUS,1,False,example.txt:48566
Babalio,1,False,example.txt:5102
Babczec,1,True,example.txt:40825
Babicczanie,1,True,example.txt:39929
Babiczowic,1,True,example.txt:5870
Babiczowska,2,True,example.txt:1622; example.txt:1641
Babisey,1,False,example.txt:33657
Babkami,1,False,example.txt:30431
Babymska,1,False,example.txt:45572
Bacalaureae,1,False,example.txt:32016
Bacalaureum,1,False,example.txt:33348
Bacalaureus,1,False,example.txt:33311
Bacalaurum,1,False,example.txt:49526
Baccalaurei,2,False,example.txt:18332; example.txt:48092
Baccalaureo,1,False,example.txt:33462
Baccalaureum,2,False,example.txt:18658; example.txt:46618
Baccalaureus,1,False,example.txt:45554
Bachczam,1,True,example.txt:29397
Baczuli,1,True,example.txt:30845
Baiaczek,1,True,example.txt:20817
Bairku,1,False,example.txt:13012
Balactowa,1,False,example.txt:20265
Balcerowa,1,False,example.txt:37804
Balcerowi,1,False,example.txt:33682
Balcertowic,1,False,example.txt:54
Balcertowit,1,False,example.txt:76
Baldinum,1,False,example.txt:48573
Baliczeromowska,1,True,example.txt:38473
Baliemgene,1,False,example.txt:13359
Baliowic,2,False,example.txt:8114; example.txt:8123
Balnerowi,1,False,example.txt:33165
Baltizerowic,1,False,example.txt:49478
Balwirc,1,False,example.txt:30698
Bambiomy,1,False,example.txt:30666
Bamelniana,1,False,example.txt:36257
Bankszowy,1,True,example.txt:17319
Banniciali,2,False,example.txt:42761; example.txt:42780
Bannicida,1,False,example.txt:51930
Bannicidarum,1,False,example.txt:51938
Banowikowic,1,False,example.txt:6592
Bantzy,1,False,example.txt:30532
Bapnikach,1,False,example.txt:3774
Bapruta,1,False,example.txt:45363
Baptimate,1,False,example.txt:38934
Barachsorit,1,False,example.txt:51575
Baralau,1,False,example.txt:32683
Baralaureo,1,False,example.txt:32264
Baralaureus,1,False,example.txt:32267
Baralawrzeo,1,True,example.txt:35815
Baraniego,1,False,example.txt:33627
Barankowych,1,False,example.txt:32971
Baranlaurent,1,False,example.txt:36063
Baratauro,1,False,example.txt:19755
BarbaraRedchus,1,False,example.txt:47313
Barbitonsor,1,False,example.txt:22314
Barcsimeus,1,False,example.txt:37036
Barczlawsky,1,True,example.txt:50853
Bardziej,1,True,example.txt:24658
Barmiszowce,1,True,example.txt:5599
Barnussowicze,1,True,example.txt:887
Barstowcz,1,True,example.txt:12392
Bartelsdolo,1,False,example.txt:1694
Barthoszowicowna,1,True,example.txt:23581
Barthramska,1,False,example.txt:10381
Bartłomieja,1,True,example.txt:40732
Basilea,1,False,example.txt:12685
Bastameci,1,False,example.txt:33031
Baszada,1,True,example.txt:30337
Baszcie,1,True,example.txt:38732
Baszkannik,1,True,example.txt:5232
Bauczisk,1,True,example.txt:47201
BauczkownaComparens,1,True,example.txt:7697
Bboiscon,1,False,example.txt:9053
Bebelczina,1,True,example.txt:25080
Bebelka,2,False,example.txt:24953; example.txt:25082
Bebelta,2,False,example.txt:24916; example.txt:24917
Bebniacym,1,False,example.txt:31950
Beceswic,1,False,example.txt:44295
Becthonego,1,False,example.txt:28768
Bednarskie,1,False,example.txt:36655
Bednarskiej,1,False,example.txt:36188
Bednarskiey,1,False,example.txt:38560
Bednarskow,1,False,example.txt:7847
Bedziosch,1,True,example.txt:44186
Bedziriot,1,True,example.txt:44214
Bekieska,1,False,example.txt:40716
Beldasynym,1,False,example.txt:44713
Beleianus,1,False,example.txt:17525
Belgeren,1,False,example.txt:38467
Beliono,1,False,example.txt:30524
Bellart,1,False,example.txt:1300
Bembkami,1,False,example.txt:32977
Bendykowi,1,False,example.txt:29927
Bendzierski,1,True,example.txt:29373
Benediger,1,False,example.txt:38881
Benneta,1,False,example.txt:22479
Beratońsskie,1,True,example.txt:37495
Berettem,1,False,example.txt:24707
Berinsko,1,False,example.txt:35959
Bernardinskie,1,False,example.txt:40713
Bernardyny,1,False,example.txt:30485
Bernburgensis,1,False,example.txt:44194
Bernecz,1,True,example.txt:39862
Berniemiem,1,False,example.txt:40564
Bernsfarge,1,False,example.txt:34433
Bernysla,1,False,example.txt:18716
Bersanni,1,False,example.txt:21265
Berunko,1,False,example.txt:30467
Berwonym,1,False,example.txt:36296
Besseren,1,False,example.txt:313
Beszynane,1,True,example.txt:36266
Beszynku,1,True,example.txt:37548
Bialeyglony,1,False,example.txt:30582
Bialklia,1,False,example.txt:40539
Białeygłowy,1,True,example.txt:30964
Bibouicii,1,False,example.txt:44323
Bidlowski,2,False,example.txt:6977; example.txt:6982
Biednich,1,False,example.txt:13831
Biedrzycki,1,True,example.txt:30828
Biedrzyckiego,1,True,example.txt:29878
Bielcznia,1,True,example.txt:7369
Bielmaczowski,1,True,example.txt:40351
Bielosersa,1,False,example.txt:10978
Bielosor,1,False,example.txt:45121
Bielososcen,2,False,example.txt:45111; example.txt:45117
Bielososcia,1,False,example.txt:45119
Bielsky,1,False,example.txt:38289
Bienkowskiemu,1,False,example.txt:22543
Biereri,1,False,example.txt:17931
Bierlada,1,False,example.txt:2224
Biersawy,1,False,example.txt:8261
Biezdziedzkiego,2,True,example.txt:8035; example.txt:8036
Bigoszowszka,1,True,example.txt:16101
Biliowska,2,False,example.txt:44449; example.txt:44466
Bilohoscien,1,False,example.txt:28600
Bilohoszcza,1,True,example.txt:28599
Bilskosien,1,False,example.txt:14683
Binnymi,1,False,example.txt:40476
Birfem,1,False,example.txt:30505
Birkorosski,1,False,example.txt:13651
Bisynek,1,False,example.txt:50999
Bitomien,1,False,example.txt:43382
Bitskow,1,False,example.txt:49790
Blabeioni,1,False,example.txt:29568
Blacheta,2,False,example.txt:356; example.txt:9930
Blachetka,1,False,example.txt:27184
Blaczstwa,1,True,example.txt:37858
Blazeiowiczu,1,True,example.txt:33596
Blazewic,1,False,example.txt:21239
BlazowsciCoram,1,False,example.txt:21562
Blenszteins,1,True,example.txt:44536
Bliechanzo,1,False,example.txt:17127
Blierbarczysins,1,True,example.txt:31665
Bliuisonskie,1,False,example.txt:35599
Blokerarius,1,False,example.txt:1178
Blutacium,2,False,example.txt:21790; example.txt:21805
Bmayitych,1,False,example.txt:33024
Bobrecen,2,False,example.txt:26429; example.txt:26434
Bobreckiego,1,False,example.txt:26407
Bobrscensi,1,False,example.txt:28640
Boczylek,1,True,example.txt:3335
Bodroc,1,False,example.txt:45827
Bodzienlis,1,True,example.txt:52720
Boetibo,1,False,example.txt:1346
Bogaczowszka,1,True,example.txt:28913
Bogathem,1,False,example.txt:37671
Boguslaski,1,False,example.txt:14960
Boguslaum,1,False,example.txt:14958
Bohdanowic,1,False,example.txt:3353
Bohdanowiczowna,2,True,example.txt:3359; example.txt:3365
Bohiawliemia,2,False,example.txt:29934; example.txt:29935
Bohojawliemia,1,False,example.txt:29937
Bojącz,1,True,example.txt:29709
Boleshice,2,False,example.txt:37251; example.txt:37253
Boleszan,1,True,example.txt:37249
Boloszomius,1,True,example.txt:32010
Bonaczewskiego,1,True,example.txt:26416
Bonarkowskie,1,False,example.txt:3860
Boniaruen,1,False,example.txt:41972
Bonkonie,1,False,example.txt:25355
Borglowa,1,False,example.txt:4547
Bornkonshkine,1,False,example.txt:25975
Bornski,1,False,example.txt:44424
Borsad,1,False,example.txt:2209
Borsicam,1,False,example.txt:9526
Bosdanowic,2,False,example.txt:3382; example.txt:3400
Bosdanum,1,False,example.txt:3379
Botwik,1,False,example.txt:33057
Boxnatorowicz,1,True,example.txt:24117
Boymianus,1,False,example.txt:27049
Boytroama,1,False,example.txt:36245
Bracatore,1,False,example.txt:9025
Braclapstal,1,False,example.txt:2328
Braclawskie,1,False,example.txt:44800
Bracstwo,1,False,example.txt:23425
Braitgam,1,False,example.txt:22521
Branecki,2,False,example.txt:35349; example.txt:35350
Brasiator,1,False,example.txt:42434
Brataiego,1,False,example.txt:10825
Bratersczej,1,True,example.txt:33858
Bratourt,1,False,example.txt:43910
Brenberg,1,False,example.txt:38871
Brenerski,1,False,example.txt:34378
Brentzbins,1,False,example.txt:9297
Breschi,1,False,example.txt:8403
Bretwicth,1,False,example.txt:40298
Bridzina,1,True,example.txt:43834
Briesin,1,False,example.txt:45747
Brigittae,1,False,example.txt:42263
Brixius,1,False,example.txt:28511
Broisshawic,1,False,example.txt:50593
Brolachi,1,False,example.txt:45948
Bromiowskie,1,False,example.txt:42961
Bronieuignum,1,False,example.txt:49070
Brothny,1,False,example.txt:24391
Brovsla,1,False,example.txt:20750
Broxmithego,1,False,example.txt:32994
Broziny,1,False,example.txt:38084
Brunszyn,1,True,example.txt:4998
Brunszynensis,1,True,example.txt:5001
Brusisij,1,False,example.txt:38056
Brussek,1,False,example.txt:7792
Brutorexori,1,False,example.txt:45994
Bryknerowic,2,False,example.txt:4401; example.txt:4404
Brzemin,1,True,example.txt:33766
Brzesan,2,True,example.txt:46976; example.txt:46999
Brzesanskiey,1,True,example.txt:42888
Brzesany,2,True,example.txt:47011; example.txt:47027
Brzeskowskiego,2,True,example.txt:36344; example.txt:36345
Brzesski,2,True,example.txt:25741; example.txt:40184
Brzitswei,1,True,example.txt:48793
Brzostecensis,1,True,example.txt:43582
Brzostow,1,True,example.txt:25856
Brzozow,2,True,example.txt:3960; example.txt:25813
Brzuchowicza,2,True,example.txt:22258; example.txt:22264
Bubendnika,1,False,example.txt:30000
Bubesamiey,1,False,example.txt:38305
Bubowap,1,False,example.txt:30644
Bucarka,1,False,example.txt:45792
Buczac,1,True,example.txt:742
Buczat,1,True,example.txt:1911
Buczmiskimi,1,True,example.txt:29202
Budkiem,1,False,example.txt:33914
Budmiracki,1,False,example.txt:36990
Budnej,1,False,example.txt:35941
Bugwaski,1,False,example.txt:15147
Bulatswia,1,False,example.txt:47759
Bulewski,1,False,example.txt:33036
Bulgarico,1,False,example.txt:8224
Bupstwa,1,False,example.txt:23364
Burcamerario,1,False,example.txt:19500
Burczyna,1,True,example.txt:38083
Burdario,1,False,example.txt:42071
Burdaun,1,False,example.txt:6939
Burkarzo,2,True,example.txt:7490; example.txt:7491
Burkarzowskie,1,True,example.txt:7484
Burkowey,1,False,example.txt:24835
Burrodi,1,False,example.txt:23519
Burskowid,1,False,example.txt:3226
Burson,1,False,example.txt:52793
Burtarzowskie,1,True,example.txt:7478
Busczanensi,1,True,example.txt:38378
Busczanka,1,True,example.txt:19823
Buskay,1,False,example.txt:45802
Buskoskiego,2,False,example.txt:8634; example.txt:8640
Butkowic,1,False,example.txt:1120
Butozyn,1,False,example.txt:14454
Buzczan,2,True,example.txt:38371; example.txt:38372
Bybelskanska,1,False,example.txt:38351
Bychynam,1,False,example.txt:40444
Byczanka,1,True,example.txt:37223
Byczyny,1,True,example.txt:40551
Byczyną,1,True,example.txt:40479
Bydeblu,1,False,example.txt:18941
Bydlonskich,1,False,example.txt:32031
Bydłowskiego,1,True,example.txt:26408
Bylesynski,1,False,example.txt:5023
Bylinszowska,1,True,example.txt:6960
Bylonowa,1,False,example.txt:41584
Bymianka,1,False,example.txt:18804
Bymiągnąwszy,1,True,example.txt:30198
Byrurgum,1,False,example.txt:5438
Bystek,1,False,example.txt:43693
Bystrzynskiemi,1,True,example.txt:41460
Bystrzynskim,1,True,example.txt:41461
Bystąmpinsky,1,True,example.txt:30197
Byszmucha,1,True,example.txt:23631
Bądzymu,1,True,example.txt:40623
Błohot,1,True,example.txt:22501
Błysnęła,1,True,example.txt:30499
CEMBARCIE,1,False,example.txt:22326
CHOCYSZEWSKI,1,True,example.txt:40861
CLAJCZTA,1,True,example.txt:6846
Cabrich,1,False,example.txt:1122
Cadaver,1,False,example.txt:11505
Cadaveris,1,False,example.txt:11498
Caelmski,1,False,example.txt:34378
Caeremonialibus,1,False,example.txt:22945
Caeremonias,1,False,example.txt:22947
Caethedralis,1,False,example.txt:43675
Cafaluco,1,False,example.txt:20654
Caietan,1,False,example.txt:46432
Caietani,1,False,example.txt:43245
Caleczeum,1,True,example.txt:35645
Calezem,1,False,example.txt:11530
Calicenskie,1,False,example.txt:41656
Calkarszyznie,1,True,example.txt:8942
Cambana,1,False,example.txt:40897
Cameniciae,1,False,example.txt:8726
Camienieckie,1,False,example.txt:52755
Camieńcu,1,True,example.txt:8667
Camnika,1,False,example.txt:40123
Campana,1,False,example.txt:28561
Campanas,2,False,example.txt:5906; example.txt:21480
Campanefus,1,False,example.txt:34145
Camphussore,1,False,example.txt:874
Campiana,2,False,example.txt:12627; example.txt:22821
Campiani,1,False,example.txt:23096
Campianowe,1,False,example.txt:51940
Campianus,1,False,example.txt:31714
Canalesque,2,False,example.txt:9571; example.txt:40268
Candidae,1,False,example.txt:43058
Cantifusores,2,False,example.txt:24176; example.txt:24186
Capnika,1,False,example.txt:39927
Caramellus,1,False,example.txt:13906
Caranowic,1,False,example.txt:28452
Carbonarium,1,False,example.txt:25399
Carelskiem,1,False,example.txt:24445
Carnace,1,False,example.txt:18033
Carnauio,1,False,example.txt:41575
Carnicier,1,False,example.txt:8695
Carnionatorem,1,False,example.txt:4079
Carnispriuium,2,False,example.txt:3794; example.txt:39797
Carnoxile,1,False,example.txt:120
Carsoni,1,False,example.txt:9784
Casimgris,1,False,example.txt:779
Casimiri,1,False,example.txt:1630
Casiniec,1,False,example.txt:51112
Catacalli,1,False,example.txt:43584
Catacallo,1,False,example.txt:20663
Catacalls,1,False,example.txt:43579
Catarallo,2,False,example.txt:43436; example.txt:43601
Catholickiemi,1,False,example.txt:24675
Catolikom,1,False,example.txt:22859
Cattarxeme,1,False,example.txt:22421
Catzabi,1,False,example.txt:12403
Caxifabri,1,False,example.txt:37844
Cazimira,1,False,example.txt:40429
Cbochszowey,1,True,example.txt:48058
Cebisla,1,False,example.txt:52670
Cebrykowski,1,False,example.txt:32431
Cebzryk,1,False,example.txt:32424
Cechmagistri,2,False,example.txt:36401; example.txt:37528
Cechmagistros,1,False,example.txt:14257
Cechmagri,2,False,example.txt:15217; example.txt:15644
Cechmagris,1,False,example.txt:39866
Cechmagros,2,False,example.txt:15229; example.txt:16401
Cechmiskich,1,False,example.txt:8979
Cechmistrzem,1,True,example.txt:3709
Cechmistrzow,1,True,example.txt:3711
Cechsadzia,1,True,example.txt:50538
Cechsmagistri,1,False,example.txt:32515
Celarego,1,False,example.txt:33195
Celnych,1,False,example.txt:8385
Celnym,2,False,example.txt:8351; example.txt:8369
Celnymi,1,False,example.txt:8377
Cembarij,1,False,example.txt:7555
Cementerij,1,False,example.txt:19313
Centarii,1,False,example.txt:38276
Centurces,1,False,example.txt:4907
Cerbmagros,1,False,example.txt:35658
Cereficiariam,1,False,example.txt:12827
Ceremonii,1,False,example.txt:11056
Cerevisiae,1,False,example.txt:47361
Cerkiewna,1,False,example.txt:10896
Cerkwie,1,False,example.txt:37802
Cersavi,1,False,example.txt:41717
Cersmagistros,1,False,example.txt:48929
Cessuala,1,False,example.txt:10941
Cestatowa,1,False,example.txt:11566
Cetinski,2,False,example.txt:1455; example.txt:1459
Cettner,1,False,example.txt:44241
Chalevo,1,False,example.txt:2148
Chamiec,2,False,example.txt:23679; example.txt:23680
Charabka,1,False,example.txt:3418
Charizium,1,False,example.txt:21704
Chartifusores,1,False,example.txt:24355
Chartifusorum,1,False,example.txt:24357
Chegula,1,False,example.txt:43391
Chelmno,1,False,example.txt:25793
Chelmskiemu,1,False,example.txt:34400
Chernirpsi,1,False,example.txt:1037
Chilricensis,1,False,example.txt:34732
Chixnogi,1,False,example.txt:33536
Chlostki,1,False,example.txt:47118
Chmielow,1,False,example.txt:14963
Chobrziniec,1,True,example.txt:4199
Chociazem,1,False,example.txt:24019
Chociszewski,1,True,example.txt:40862
Chodakomsski,1,False,example.txt:14361
Chodkiewic,1,False,example.txt:46784
Chodlowa,1,False,example.txt:26480
Chodoniemowicz,1,True,example.txt:27273
Chodzieiewicio,1,True,example.txt:27271
Choienski,2,False,example.txt:17395; example.txt:26730
Choienszki,1,True,example.txt:19943
Choiniszki,1,True,example.txt:19932
Chojenski,1,False,example.txt:17737
Chomicosone,1,False,example.txt:36422
Chominska,2,False,example.txt:29034; example.txt:51282
Chornic,1,False,example.txt:51280
Chorunci,1,False,example.txt:39466
Chozinski,1,False,example.txt:20887
Chozmile,1,False,example.txt:33920
Chriczko,1,True,example.txt:19240
Christoforowiczem,1,True,example.txt:18910
Christopsowej,1,False,example.txt:36306
Chrobot,1,False,example.txt:23546
Chrompliem,1,False,example.txt:41464
Chronaff,1,False,example.txt:10610
Chropkow,1,False,example.txt:29398
Chropotowski,1,False,example.txt:20934
Chrusline,1,False,example.txt:30739
Chustomoski,1,False,example.txt:12447
Chwalowna,1,False,example.txt:47735
Chwiedko,1,False,example.txt:25346
Chwycic,1,False,example.txt:49963
Cibonicij,2,False,example.txt:34062; example.txt:34067
Ciboszoniz,1,True,example.txt:27865
Cibyneli,1,False,example.txt:24431
Cichoszoniz,1,True,example.txt:27880
Cidadani,1,False,example.txt:46142
Cielecki,1,False,example.txt:28029
Cieliecki,1,False,example.txt:17945
Cielięcego,1,True,example.txt:33627
Ciesielskie,1,False,example.txt:41709
Ciesielskiego,1,False,example.txt:41710
Cieslitz,1,False,example.txt:36279
Cieszkonoszki,1,True,example.txt:21312
Cioteczne,1,True,example.txt:37681
Ciotecznego,2,True,example.txt:27902; example.txt:27909
Ciotecznem,1,True,example.txt:27894
Circossa,1,False,example.txt:27924
Cirurgica,1,False,example.txt:36234
Cirurgum,1,False,example.txt:38038
Cistiferi,1,False,example.txt:46905
Civesmagistri,1,False,example.txt:32499
Civesque,2,False,example.txt:3354; example.txt:36366
Civimagistros,1,False,example.txt:32793
Civisnen,1,False,example.txt:46142
Ciągnąc,1,True,example.txt:7396
Clarissimorum,1,False,example.txt:29343
Clarissowska,1,False,example.txt:49230
Claustre,1,False,example.txt:52140
Clembotom,1,False,example.txt:51575
Clementinarum,1,False,example.txt:13242
Clepardiensem,2,False,example.txt:14993; example.txt:14994
Clumaczka,1,True,example.txt:52926
Cmentarzu,1,True,example.txt:8947
Cobionsthinun,1,False,example.txt:25975
Cochrowskie,1,False,example.txt:23621
Coczonska,1,True,example.txt:42053
Coenobio,2,False,example.txt:40266; example.txt:52488
Coenobium,1,False,example.txt:40267
Coeszek,1,True,example.txt:51321
Cokeyze,1,False,example.txt:11544
Colanfesamina,1,False,example.txt:12876
Colbrowna,1,False,example.txt:9062
Colkelanowa,1,False,example.txt:48156
Colomeia,1,False,example.txt:8771
Colompneum,1,False,example.txt:42485
Combactatuum,1,False,example.txt:9092
Comissarski,1,False,example.txt:23390
Comissarskiego,1,False,example.txt:23368
Commercialis,1,False,example.txt:9640
Compensantes,1,False,example.txt:17514
Conceditque,1,False,example.txt:22897
Concludendum,1,False,example.txt:35530
Condemnat,1,False,example.txt:8002
Condibannik,1,False,example.txt:5719
Condorff,2,False,example.txt:11413; example.txt:11789
Confutka,1,False,example.txt:36296
Coniuchomski,1,False,example.txt:21224
Considerandum,1,False,example.txt:47972
Consistoriali,1,False,example.txt:47620
Consistorij,1,False,example.txt:14543
Consistorio,1,False,example.txt:27069
Consodale,1,False,example.txt:2121
Consortorialis,1,False,example.txt:46930
Constantinianacommigrabet,1,False,example.txt:28271
Constantinoviensis,2,False,example.txt:28264; example.txt:33794
Consulmagistri,1,False,example.txt:48319
Convisarzami,1,True,example.txt:24321
Convisarze,1,True,example.txt:24325
Cooluia,1,False,example.txt:11419
Corbuga,1,False,example.txt:27679
Cordouan,1,False,example.txt:48993
Cormaico,1,False,example.txt:4609
Corniatho,1,False,example.txt:43894
Cornifler,1,False,example.txt:41383
Corocławia,1,True,example.txt:1294
Corubezeny,1,False,example.txt:36224
Cosciente,1,False,example.txt:44712
Cosmagri,1,False,example.txt:12015
Cossiutom,1,False,example.txt:11869
Couzistofem,1,False,example.txt:26460
Cozmaesto,1,False,example.txt:29161
Craliensi,1,False,example.txt:52490
Craslawie,1,False,example.txt:42702
Crasnostauiae,1,False,example.txt:331
Cratona,1,False,example.txt:33186
Crepkowit,1,False,example.txt:11202
Creselkow,1,False,example.txt:50224
Croikonis,1,False,example.txt:14757
Croikowa,1,False,example.txt:14807
Croikowna,2,False,example.txt:14761; example.txt:14765
Cromatary,2,False,example.txt:25769; example.txt:38311
Cruisczps,2,True,example.txt:26055; example.txt:26062
Crumenarij,1,False,example.txt:33271
Crumenariorum,2,False,example.txt:29384; example.txt:33272
Crumenarios,1,False,example.txt:29373
Crumenarium,1,False,example.txt:29372
Cruszeczki,1,True,example.txt:36058
Csomianka,1,False,example.txt:36423
Csominiszka,1,True,example.txt:36428
Cswedkonem,1,False,example.txt:11424
Cswicterus,1,False,example.txt:25677
Cubicu,1,False,example.txt:13880
Cubicularij,1,False,example.txt:13810
Cubiculario,1,False,example.txt:19865
Cuchownicami,1,False,example.txt:41870
Cudzej,1,True,example.txt:30956
Culparhowien,1,False,example.txt:26320
Cummenacione,1,False,example.txt:25123
Cuncer,1,False,example.txt:45363
Cunctawa,1,False,example.txt:46383
Cunczkarz,1,True,example.txt:9899
Cunegundis,2,False,example.txt:52208; example.txt:52209
Cupientesque,1,False,example.txt:34169
Curiepala,1,False,example.txt:17533
Curricubus,1,False,example.txt:18704
Cusszyka,1,True,example.txt:42597
Custodiendi,1,False,example.txt:31080
Cutrubus,1,False,example.txt:52047
Cuxriface,1,False,example.txt:28457
Cveklae,2,False,example.txt:10397; example.txt:10404
Cveklina,1,False,example.txt:10401
Cveklonis,1,False,example.txt:10433
Cwaissowna,1,False,example.txt:40887
Cwarschouiam,1,False,example.txt:46309
Cwarsteczysowic,1,True,example.txt:46282
Cwartowa,1,False,example.txt:27148
Cwelichu,1,False,example.txt:32999
Cwictoruss,1,False,example.txt:46315
Cwiedana,1,False,example.txt:25361
Cwiertnic,1,False,example.txt:44472
Cwiklic,1,False,example.txt:43711
Cwioteski,1,False,example.txt:41220
Cwirczowa,1,True,example.txt:25807
Cwirszowa,1,True,example.txt:38043
Cwistkar,1,False,example.txt:8274
Cwoiciesz,1,True,example.txt:42888
Cwoiciewskiey,1,False,example.txt:42887
Cwoitowego,1,False,example.txt:41884
Cwozdz,1,True,example.txt:41717
Cyamonum,1,False,example.txt:17088
Cygan,2,False,example.txt:14685; example.txt:14735
Cyganet,1,False,example.txt:31623
Cyganha,1,False,example.txt:31643
Cyprianus,1,False,example.txt:38935
Cypryssu,1,False,example.txt:10790
Cyrwonym,1,False,example.txt:13838
Cyszin,1,True,example.txt:34796
Czabierczyk,1,True,example.txt:51879
Czadiensis,1,True,example.txt:21330
Czaicowi,2,True,example.txt:3965; example.txt:3970
Czakonianka,1,True,example.txt:20752
Czakorosskic,1,True,example.txt:12511
Czakowianka,1,True,example.txt:30894
Czakońsskiem,1,True,example.txt:37494
Czalionskim,1,True,example.txt:16976
Czambliton,1,True,example.txt:13873
Czaplicki,1,True,example.txt:51687
Czapnickiego,1,True,example.txt:37554
Czapniczego,1,True,example.txt:37532
Czarnussovice,1,True,example.txt:5570
Czartorieyski,1,True,example.txt:15189
Czartoryski,1,True,example.txt:15208
Czartoryskiego,1,True,example.txt:39924
Czartorysski,1,True,example.txt:15194
Czartowiensi,1,True,example.txt:22051
Czasloia,1,True,example.txt:2261
Czasloni,1,True,example.txt:37286
Czasloswskiemu,1,True,example.txt:37299
Czawron,1,True,example.txt:12015
Czayposiecs,1,True,example.txt:42734
Czbanonsski,1,True,example.txt:37493
Czebronowski,1,True,example.txt:17554
Czebrowoski,1,True,example.txt:13288
Czebuszyk,1,True,example.txt:32458
Czechmagri,1,True,example.txt:15970
Czechosz,2,True,example.txt:27865; example.txt:27879
Czechrowa,1,True,example.txt:47179
Czedomski,1,True,example.txt:36718
Czeifowi,2,True,example.txt:51140; example.txt:51178
Czelnika,1,True,example.txt:23781
Czemerz,1,True,example.txt:12527
Czernieiow,1,True,example.txt:32036
Czernorowigenero,1,True,example.txt:41664
Czernorowski,1,True,example.txt:41655
Czerograff,1,True,example.txt:12854
Czersmagrorum,1,True,example.txt:36224
Czerwienskich,1,True,example.txt:43501
Czerzepnik,1,True,example.txt:35831
Czesarskie,1,True,example.txt:31037
Czesarzkiego,1,True,example.txt:31217
Czeskoczych,1,True,example.txt:49629
Cziburek,1,True,example.txt:38427
Cziemiernicensis,2,True,example.txt:30849; example.txt:30859
Czihico,1,True,example.txt:36721
Czihicum,1,True,example.txt:36725
Czinczowska,1,True,example.txt:32151
Czirar,1,True,example.txt:30828
Czmiepienski,1,True,example.txt:41478
Czober,1,True,example.txt:42169
Czochkrowes,1,True,example.txt:52240
Czogser,1,True,example.txt:25976
Czoienschi,1,True,example.txt:19116
Czominszha,1,True,example.txt:31735
Czopowego,2,True,example.txt:8600; example.txt:43509
Czorani,1,True,example.txt:15681
Czorniski,1,True,example.txt:10129
Czorossowirt,2,True,example.txt:41021; example.txt:41024
Czubatych,1,True,example.txt:32967
Czubrino,1,True,example.txt:48622
Czumerarium,1,True,example.txt:25121
Czwartbliem,1,True,example.txt:25061
Czwelichowych,1,True,example.txt:33055
Czwirnowskie,1,True,example.txt:7848
Czwoygoda,1,True,example.txt:38438
Czyganek,1,True,example.txt:31625
Czykotowski,1,True,example.txt:32309
Czynności,1,True,example.txt:3726
Czyskowicza,1,True,example.txt:19204
Czyssonka,1,True,example.txt:42011
Czyszkoni,1,True,example.txt:49708
Częstochowey,1,True,example.txt:40500
DIVORTIALIS,1,False,example.txt:6076
DUXISSOWA,1,False,example.txt:34754
Dabrowca,1,False,example.txt:2843
Daidany,1,False,example.txt:17182
Dalmarz,1,True,example.txt:33915
Damaxici,1,False,example.txt:3931
Damazerija,1,False,example.txt:27164
Dambrownice,2,False,example.txt:23688; example.txt:23701
Damuderio,2,False,example.txt:31040; example.txt:31214
Damuderius,1,False,example.txt:31217
Danilonem,1,False,example.txt:1239
Danywatewic,1,False,example.txt:37953
Dapifer,1,False,example.txt:23680
Dapiferi,1,False,example.txt:50830
Darowna,1,False,example.txt:8883
Dauricy,1,False,example.txt:30862
Davidzianowic,1,True,example.txt:52731
Dawidzie,1,True,example.txt:14064
Dawrynski,1,False,example.txt:36705
Dayoska,2,False,example.txt:38173; example.txt:38195
Debatyn,1,False,example.txt:11545
Debiteque,1,False,example.txt:5914
Debolowius,1,False,example.txt:51746
Decemnouem,1,False,example.txt:29432
Deczkiem,1,True,example.txt:34037
Dedacius,1,False,example.txt:49595
Dedewota,1,False,example.txt:52488
Dehincque,1,False,example.txt:41244
Deisibi,1,False,example.txt:41981
Deklaracyey,2,False,example.txt:24576; example.txt:24585
Delinaczam,1,True,example.txt:23636
Demauari,1,False,example.txt:12380
Dereiko,1,False,example.txt:11653
Derekiem,1,False,example.txt:16928
Derezko,1,False,example.txt:11831
DesBanBony,1,False,example.txt:38400
Deskoniz,2,False,example.txt:27863; example.txt:27878
Despatensis,1,False,example.txt:38028
Desskorowski,1,False,example.txt:10461
Deueten,1,False,example.txt:21833
Devenisse,1,False,example.txt:20337
Deyimiamin,1,False,example.txt:27376
Diakona,2,False,example.txt:8259; example.txt:8260
Diament,1,False,example.txt:11623
Diaprzewskiego,1,True,example.txt:16154
Diasschihi,1,False,example.txt:30663
Dibonicz,1,True,example.txt:44267
Dibouicki,1,False,example.txt:43396
Dibowius,1,False,example.txt:28824
Dibucicia,1,False,example.txt:27164
Dicowska,1,False,example.txt:4290
Didaskalo,1,False,example.txt:52696
Dietkowe,1,False,example.txt:50954
Dignissimus,1,False,example.txt:20569
Dignitarijs,1,False,example.txt:21414
Dignitariorum,1,False,example.txt:12979
Dignosiam,1,False,example.txt:9345
Dilatorij,1,False,example.txt:35657
Dimirawic,1,False,example.txt:31789
Dinnasaban,1,False,example.txt:26364
Dinnasabath,1,False,example.txt:24759
Dinumeris,1,False,example.txt:26497
Distincta,1,False,example.txt:48879
Diuisores,2,False,example.txt:25067; example.txt:27339
Divisori,1,False,example.txt:12221
Dknapzo,1,False,example.txt:11122
Dlatego,1,False,example.txt:31185
Dlonigo,1,False,example.txt:9776
Dloniszki,2,True,example.txt:41929; example.txt:41931
Dniestrow,1,False,example.txt:8608
Dobercen,1,False,example.txt:2787
Doberdoszowej,1,True,example.txt:36307
Dobiesianskiego,1,False,example.txt:29879
Dobouicze,2,True,example.txt:23690; example.txt:23694
Dobratwor,1,False,example.txt:19239
Dobreniensem,1,False,example.txt:20780
Dobrochinski,1,False,example.txt:50155
Dobrochscius,1,False,example.txt:46758
Dobromysl,1,False,example.txt:43992
Dobrscowic,1,False,example.txt:51505
Dobruszka,1,True,example.txt:35491
Dobrzessowskij,2,True,example.txt:42552; example.txt:42555
Docazatoby,1,False,example.txt:29967
Dochilek,2,False,example.txt:25658; example.txt:25660
DoctiusCampiam,1,False,example.txt:23196
Doctorowska,1,False,example.txt:43087
Dodawski,1,False,example.txt:2731
Dodzbyna,1,True,example.txt:38329
Doidobretichny,1,False,example.txt:19618
Dokloss,1,False,example.txt:1095
Dolezyrobota,1,False,example.txt:28385
Dolhyiey,1,False,example.txt:11071
Dolieczyskota,1,True,example.txt:36232
Dolinecensis,1,False,example.txt:9037
Dolinscae,1,False,example.txt:48795
Dolniska,2,False,example.txt:48702; example.txt:48703
Dolohszyin,1,True,example.txt:34798
Domassewski,1,False,example.txt:1757
Domaszewicz,2,True,example.txt:15416; example.txt:15419
Domaszewski,1,True,example.txt:36479
Domatrzenski,1,True,example.txt:35742
Domazerskirs,1,False,example.txt:15702
Domazerskius,1,False,example.txt:15745
Domazerskuis,1,False,example.txt:15794
Domazorskius,1,False,example.txt:6089
Dombrowicz,1,True,example.txt:4557
Domeshios,1,False,example.txt:12350
Domeshiro,1,False,example.txt:12337
Domeshius,1,False,example.txt:12324
Domesion,1,False,example.txt:12394
Domesius,1,False,example.txt:12406
Domesliou,1,False,example.txt:16362
Domesthum,1,False,example.txt:14065
Domiatowska,1,False,example.txt:40116
Domiatowskiego,1,False,example.txt:40123
Dominicanorum,1,False,example.txt:36864
Dommianowi,1,False,example.txt:30176
Domniemam,1,False,example.txt:50371
Domnikami,1,False,example.txt:37129
Donaxowicz,1,True,example.txt:22304
Doneysa,1,False,example.txt:23740
Donnicz,1,True,example.txt:38557
Donorwakowic,1,False,example.txt:45920
Donowakomic,1,False,example.txt:37962
Donowalcourt,1,False,example.txt:50219
Donowalowic,1,False,example.txt:52746
Donwycz,1,True,example.txt:52872
Doponem,1,False,example.txt:14683
Dorathskami,1,False,example.txt:37058
Dornslie,1,False,example.txt:51024
Dornstich,1,False,example.txt:51183
Dorosentij,1,False,example.txt:52417
Dowiensdy,1,False,example.txt:17103
Dowossy,1,False,example.txt:22500
Dragimfredo,1,False,example.txt:1072
Draiman,1,False,example.txt:5001
Drapchus,1,False,example.txt:8090
Draszecki,1,True,example.txt:30531
Drenislia,1,False,example.txt:48851
Dresnerum,1,False,example.txt:5082
Dresnerus,1,False,example.txt:5096
Drexler,1,False,example.txt:35848
Drezner,2,False,example.txt:5072; example.txt:18005
Dricorezego,1,False,example.txt:11179
Drizdo,1,False,example.txt:20191
Drobolin,1,False,example.txt:530
Drobolski,1,False,example.txt:49469
Drobowna,2,False,example.txt:50941; example.txt:50941
Drohobn,1,False,example.txt:47198
Drohobski,2,False,example.txt:51403; example.txt:51415
DruszkowicComparens,1,True,example.txt:28746
Druzijcki,1,False,example.txt:23281
Druzikow,1,False,example.txt:28752
Druzileswski,1,False,example.txt:51885
Drzazgi,1,True,example.txt:28016
Drzeweczkę,1,True,example.txt:30283
DrzguBers,1,True,example.txt:40655
Drzinky,1,True,example.txt:2423
Dslunscie,1,False,example.txt:48793
Dszikzynek,1,True,example.txt:17744
Duacillani,1,False,example.txt:21259
Duband,1,False,example.txt:24051
Dubrawskiego,1,False,example.txt:29917
Ducampian,1,False,example.txt:4058
Duchmnisea,1,False,example.txt:37899
Duchmniska,1,False,example.txt:37910
Duchowne,1,False,example.txt:43497
Duczamicza,1,True,example.txt:36553
Duellari,1,False,example.txt:7146
Dulfiak,1,False,example.txt:17299
Dulianin,1,False,example.txt:43205
Dunajowskiej,1,False,example.txt:15937
Duplicans,1,False,example.txt:26197
Durczynskie,1,True,example.txt:20472
Durnusowey,1,False,example.txt:46817
Dursmanka,1,False,example.txt:4985
Durszenka,2,True,example.txt:39721; example.txt:39739
Duszenka,2,True,example.txt:39706; example.txt:39707
Duszmucha,1,True,example.txt:23640
Duusinem,1,False,example.txt:47906
Dvoyzierza,1,True,example.txt:38332
Dvoyzierżom,1,True,example.txt:38336
Dweadwoski,1,False,example.txt:12476
Dwedziczka,1,True,example.txt:14807
Dwillowow,1,False,example.txt:34379
Dworaiow,1,False,example.txt:44026
Dworzisen,1,True,example.txt:36341
Dwurozego,2,False,example.txt:11141; example.txt:11158
Dwurozem,1,False,example.txt:11146
Dwurozesi,1,False,example.txt:11173
Dwurozy,2,False,example.txt:11150; example.txt:11163
Dwyjzeliey,1,False,example.txt:33026
Dyablu,1,False,example.txt:29854
Dydaczowskie,1,True,example.txt:2747
Dydkowic,1,False,example.txt:11590
Dygslonski,1,False,example.txt:28536
Dygustem,1,False,example.txt:26200
Dymitrowic,1,False,example.txt:3947
Dyrzgmusta,2,True,example.txt:24173; example.txt:24191
Dyszanka,1,True,example.txt:4152
Dyzgenstwem,1,False,example.txt:31116
Dzeiefowskiego,1,True,example.txt:38746
Dzendzme,2,True,example.txt:23789; example.txt:23828
Dzerszonsczanka,1,True,example.txt:29532
Dzesowskiego,1,True,example.txt:20120
Dzessonowski,1,True,example.txt:21442
Dziadowna,1,True,example.txt:27830
Dziamiego,1,True,example.txt:20630
Dzianiego,1,True,example.txt:24862
Dziaterskowski,1,True,example.txt:7321
Dziayąc,1,True,example.txt:31206
Dziecinne,1,True,example.txt:48432
Dziegego,1,True,example.txt:40480
Dzieisku,1,True,example.txt:22204
Dziekanowi,1,True,example.txt:22502
Dziekanska,1,True,example.txt:12005
Dzielentys,1,True,example.txt:30565
Dzielinsski,2,True,example.txt:12637; example.txt:12645
Dzielnica,1,True,example.txt:7390
Dzielnice,2,True,example.txt:7394; example.txt:26039
Dzielnisa,2,True,example.txt:32730; example.txt:32731
Dzieltkiewsa,1,True,example.txt:37076
Dziendoni,2,True,example.txt:24018; example.txt:31893
Dziendzieskanth,1,True,example.txt:13108
Dzienianell,1,True,example.txt:52497
Dziersomsski,1,True,example.txt:29448
Dzierszek,2,True,example.txt:16181; example.txt:24048
Dzierzek,2,True,example.txt:16318; example.txt:26506
Dzierzkow,1,True,example.txt:24050
Dzierżawnika,1,True,example.txt:30992
Dziesczcina,1,True,example.txt:11051
Dziesczcinie,1,True,example.txt:11033
Dziesiaty,1,True,example.txt:11625
Dziesiąta,1,True,example.txt:34633
Dziewienczdziesiantz,1,True,example.txt:20830
Dziewiąta,1,True,example.txt:34628
Dziexinstwa,1,True,example.txt:13122
Dzigatura,1,True,example.txt:13841
Dziuratowi,2,True,example.txt:5806; example.txt:5808
Dziurdziorum,1,True,example.txt:7021
Dziwiesim,1,True,example.txt:11116
Dziwikambski,1,True,example.txt:43445
Dziwuię,1,True,example.txt:45070
Dzonimski,1,True,example.txt:49213
DzurdzComparentes,1,True,example.txt:1331
Dzwscowicum,1,True,example.txt:52134
Dzyatkolowska,1,True,example.txt:3527
Dzybiszkiey,1,True,example.txt:30189
Dzybuskiej,2,True,example.txt:30196; example.txt:30197
Dzzemisil,1,True,example.txt:24227
EUSTACHIA,1,False,example.txt:36969
Ecclesiasticae,1,False,example.txt:22379
Ecclesiasticos,1,False,example.txt:14263
Ecilewska,1,False,example.txt:50924
Ecker,2,False,example.txt:11933; example.txt:11934
Edzcher,1,True,example.txt:25960
Egregii,1,False,example.txt:2288
Egzamina,1,False,example.txt:12058
Elblouini,1,False,example.txt:28857
Elenchoma,1,False,example.txt:13308
Eliminatorum,1,False,example.txt:52433
Elleberger,1,False,example.txt:42247
Elsthomirski,1,False,example.txt:26910
Elsthomirszki,2,True,example.txt:26925; example.txt:26985
Elstomirski,1,False,example.txt:26911
Elstomirszki,2,True,example.txt:26989; example.txt:26993
Elstomirszkoc,1,True,example.txt:26989
Elszenof,1,True,example.txt:34251
Elszkonsski,1,True,example.txt:15928
Elydetha,1,False,example.txt:50166
Elzbiecie,1,False,example.txt:52961
Elzbietsą,1,True,example.txt:18928
Emissmoska,1,False,example.txt:45679
Ephraim,1,False,example.txt:45039
Erasmiana,1,False,example.txt:45705
Erazmusza,1,True,example.txt:24216
Erdmuthi,1,False,example.txt:10590
Erunckna,1,False,example.txt:25118
Esentisig,1,False,example.txt:41233
Eudoxia,1,False,example.txt:45818
Eudoxiam,1,False,example.txt:46967
Eudoxie,2,False,example.txt:51753; example.txt:51758
Eudrinis,1,False,example.txt:52415
Eugeni,1,False,example.txt:35678
Euphemiam,1,False,example.txt:46162
Euzylomis,2,False,example.txt:17741; example.txt:17747
Exarowskiy,1,False,example.txt:12857
Exartio,1,False,example.txt:8575
Exempli,1,False,example.txt:13181
Exesdorecki,1,False,example.txt:23047
Expedissimum,1,False,example.txt:11197
Exsendu,1,False,example.txt:30570
Ezascowic,1,False,example.txt:25763
Ezechiel,1,False,example.txt:51316
FRANCZOWA,1,True,example.txt:7523
Faberferrarius,1,False,example.txt:27098
Fabricius,1,False,example.txt:32008
Fabriczymska,1,True,example.txt:1641
Fabrilignarii,1,False,example.txt:17406
Fabrilignarium,1,False,example.txt:45294
Fabritium,1,False,example.txt:39530
Fadick,1,False,example.txt:15703
Fagesweder,1,False,example.txt:1577
Failiundysza,1,True,example.txt:13793
Failundisowy,1,False,example.txt:40718
Falanowic,1,False,example.txt:20436
Falcznek,1,True,example.txt:43672
FamatumSimonem,1,False,example.txt:40082
Famenij,1,False,example.txt:32645
Famielsdowna,1,False,example.txt:20451
Famifex,1,False,example.txt:19154
Fannicidas,1,False,example.txt:52413
Fanwicti,1,False,example.txt:1707
Farciorku,1,False,example.txt:11538
Farmankowskie,1,False,example.txt:12034
Fartuch,1,False,example.txt:33058
Fartuchy,1,False,example.txt:36255
Fartuskow,1,False,example.txt:33057
Farzęczki,1,True,example.txt:25085
Faszelmt,1,True,example.txt:2600
Fathkone,2,False,example.txt:46895; example.txt:46896
Fathkonem,2,False,example.txt:46891; example.txt:46898
Faustmano,1,False,example.txt:6224
Faustodixisse,1,False,example.txt:9474
Fauxbars,1,False,example.txt:28974
Faylundysz,1,True,example.txt:13791
Fedasy,1,False,example.txt:28579
Fedkonis,2,False,example.txt:19076; example.txt:28573
Fedkorem,1,False,example.txt:39399
Fedkowszka,1,True,example.txt:35428
Fedorowic,1,False,example.txt:22271
Fedorowico,1,False,example.txt:34120
Fegelone,1,False,example.txt:12535
FelionetCoram,1,False,example.txt:28923
Felshinskiego,1,False,example.txt:31645
Felskin,1,False,example.txt:14940
Felsztin,1,True,example.txt:42643
Feneratorem,1,False,example.txt:41756
Fetersnym,1,False,example.txt:11043
Fiantiae,1,False,example.txt:32189
Fickomiczem,1,True,example.txt:26406
Fictitium,1,False,example.txt:34472
Fideiudicii,1,False,example.txt:11780
Fidelitatibus,2,False,example.txt:43184; example.txt:43189
Fiduciarij,1,False,example.txt:19800
Figurae,1,False,example.txt:20997
Filharz,1,True,example.txt:3538
Filharzowa,1,True,example.txt:3540
Filipska,1,False,example.txt:33505
Fingsit,1,False,example.txt:16915
Finitheosis,1,False,example.txt:43279
Fiolner,1,False,example.txt:9622
Fionelkae,1,False,example.txt:7533
Fischen,1,False,example.txt:28424
Fiscoque,1,False,example.txt:9161
Fisukti,1,False,example.txt:33389
Flamstikowska,2,False,example.txt:45936; example.txt:45954
Flaxiney,1,False,example.txt:839
Flaxiny,1,False,example.txt:840
Flettina,1,False,example.txt:13845
Flicziow,1,True,example.txt:15386
Flombo,1,False,example.txt:1784
Florczyk,1,True,example.txt:38316
Florzouiensi,1,True,example.txt:15396
Flszemis,1,True,example.txt:37255
Flumarzonwicz,1,True,example.txt:18901
Fnietskie,1,False,example.txt:13844
Foederis,1,False,example.txt:41569
Fogelweder,2,False,example.txt:1522; example.txt:1529
Fogelwederow,1,False,example.txt:1526
Folcznek,1,True,example.txt:43676
Folczowic,1,True,example.txt:42713
Folgveder,1,False,example.txt:1518
Foltarozen,1,False,example.txt:46847
Foltinek,2,False,example.txt:20211; example.txt:20213
Forbotek,1,False,example.txt:5196
Formandi,1,False,example.txt:5001
Formanki,1,False,example.txt:3328
Formanski,1,False,example.txt:3330
Formantowic,2,False,example.txt:8409; example.txt:8411
Formation,1,False,example.txt:11042
Forowicz,1,True,example.txt:22124
Fouscati,1,False,example.txt:51393
Foxorowicz,1,True,example.txt:23730
Frachkowic,2,False,example.txt:41660; example.txt:47807
Frackow,1,False,example.txt:4788
Frackowic,2,False,example.txt:1729; example.txt:1750
Fractowic,1,False,example.txt:1723
Fraczkowa,1,True,example.txt:33874
Fraiborkowskim,1,False,example.txt:51821
Framfex,1,False,example.txt:23251
Framficum,1,False,example.txt:23253
Framfire,1,False,example.txt:23315
Framfirem,2,False,example.txt:23308; example.txt:23313
Framifex,1,False,example.txt:16921
Framkowit,1,False,example.txt:42749
Frampien,1,False,example.txt:16993
Francimirewicz,1,True,example.txt:21961
Franciszkanow,1,True,example.txt:2168
Franciszkanskim,2,True,example.txt:2171; example.txt:2172
Franciszkowa,1,True,example.txt:2971
Franciszkowna,2,True,example.txt:2979; example.txt:22680
Francon,1,False,example.txt:29497
Francwenitsowa,1,False,example.txt:37583
Franczkiego,1,True,example.txt:29886
Franczkowicz,1,True,example.txt:21977
Franiceti,1,False,example.txt:25094
Franifex,1,False,example.txt:19142
Franifiris,2,False,example.txt:22056; example.txt:25774
Franiskowim,1,False,example.txt:37682
Franoshkowus,1,False,example.txt:37675
Franuskoroviz,1,False,example.txt:27996
Fratriswczi,1,True,example.txt:45621
Fratrorii,1,False,example.txt:3217
Fratrowczik,1,True,example.txt:9021
Fratswczik,1,True,example.txt:46395
Frechowa,1,False,example.txt:10212
Frencznikom,2,True,example.txt:17326; example.txt:17333
Frenczucow,1,True,example.txt:17337
Frenfcia,1,False,example.txt:46756
Frenifi,1,False,example.txt:48932
Frenikieris,1,False,example.txt:49340
Frichonis,1,False,example.txt:43856
Fricteski,1,False,example.txt:3274
Fromfex,1,False,example.txt:42920
Fromficerum,1,False,example.txt:44454
Fromfrem,1,False,example.txt:7755
Frusinski,1,False,example.txt:47486
Frutkowic,1,False,example.txt:28472
Fuczgwie,1,True,example.txt:42191
Fuczstawska,1,True,example.txt:14412
Fucztowic,2,True,example.txt:1369; example.txt:1386
Fuksowinam,1,False,example.txt:6559
Fulsztin,1,True,example.txt:22727
Fulsztyn,1,True,example.txt:52505
Fumficz,1,True,example.txt:45152
Fumifi,1,False,example.txt:43826
Fumifici,1,False,example.txt:43833
Fundatiey,2,False,example.txt:23380; example.txt:40406
Fundatrix,1,False,example.txt:10092
Furmanic,1,False,example.txt:13906
Furmanouis,1,False,example.txt:35378
Furtawicz,1,True,example.txt:52238
Furzanski,1,True,example.txt:28300
Fushanba,1,False,example.txt:38094
Fysiel,1,False,example.txt:28570
Fyszał,1,True,example.txt:39306
GLOWTSWAT,1,False,example.txt:35183
Gagathkowa,1,False,example.txt:9720
Gagathowa,1,False,example.txt:4892
Gagathowam,2,False,example.txt:9742; example.txt:9755
Gagathowey,1,False,example.txt:4908
Gaidow,1,False,example.txt:23608
Gaidowic,1,False,example.txt:23594
Gaidziney,1,True,example.txt:4239
Gaiecki,1,False,example.txt:22781
Galican,1,False,example.txt:7676
Galusska,1,False,example.txt:14001
Gamlietowy,1,False,example.txt:17313
Gamlitowa,1,False,example.txt:17312
Gansedornowska,1,False,example.txt:42820
Garbarska,1,False,example.txt:4488
Garbarsz,2,True,example.txt:24780; example.txt:24786
Garncarzem,1,True,example.txt:41464
Garncarzowi,1,True,example.txt:33173
Garstka,1,False,example.txt:51328
Gasecki,1,False,example.txt:8383
Gaserzki,1,True,example.txt:38123
Gaserzkiego,1,True,example.txt:38122
Gaserzkim,1,True,example.txt:38130
Gasiorko,1,False,example.txt:23462
Gasiorkowa,1,False,example.txt:23457
Gasiszko,1,True,example.txt:20741
Gaslaronowska,1,False,example.txt:29664
Gasziorek,1,True,example.txt:27749
Gasztonniem,1,True,example.txt:23331
Gawrilo,1,False,example.txt:2224
Gawriloni,1,False,example.txt:2209
Gdanczanina,1,True,example.txt:16464
Gebnanym,1,False,example.txt:24430
Gelasiniowny,1,False,example.txt:31825
Gelasinorosska,1,False,example.txt:12128
Gelasinorowna,1,False,example.txt:12114
Gelasinowskie,1,False,example.txt:40808
Gelasinowszka,1,True,example.txt:12237
Gelazinowney,1,False,example.txt:31852
Geliardemu,1,False,example.txt:33200
Geliazinonski,1,False,example.txt:12200
Gendrziejkowszki,1,True,example.txt:39584
Gerowski,1,False,example.txt:43587
Gerskmi,1,False,example.txt:24254
Gerskmu,1,False,example.txt:24250
Gerstie,1,False,example.txt:2253
Gesianoska,1,False,example.txt:18555
Gesianoszka,1,True,example.txt:18276
Gesinoska,1,False,example.txt:18373
Geyfowe,1,False,example.txt:24256
Ggozinszym,1,True,example.txt:27895
Giblionoska,1,False,example.txt:35834
Giblionowy,1,False,example.txt:23172
Giebostryka,1,False,example.txt:33917
Gieczulski,1,True,example.txt:37889
Gienerzowic,1,True,example.txt:52716
Gienewic,1,False,example.txt:51974
Gienusnowic,1,False,example.txt:3373
Gierusmic,1,False,example.txt:52003
Gieruszna,2,True,example.txt:41168; example.txt:41175
Giesllo,1,False,example.txt:36257
Gieswczna,1,True,example.txt:45633
Gintarowa,2,False,example.txt:43229; example.txt:43328
Girmege,1,False,example.txt:22136
Girssego,1,False,example.txt:29885
Gladificis,1,False,example.txt:7462
Gladisowa,1,False,example.txt:20397
Glafaka,1,False,example.txt:47742
Glarowska,1,False,example.txt:11503
Glasczka,2,True,example.txt:17421; example.txt:17423
Glaserka,1,False,example.txt:6848
Glauter,1,False,example.txt:15040
Glavona,1,False,example.txt:11610
Glemosyk,1,False,example.txt:38311
Gleuszko,1,True,example.txt:7724
Gliacz,1,True,example.txt:29665
Glimecki,1,False,example.txt:3942
Glimiely,1,False,example.txt:3985
Gliniana,1,False,example.txt:28042
Glisczycz,1,True,example.txt:42183
Globowska,1,False,example.txt:3837
Globrow,1,False,example.txt:50516
Glogowiensi,1,False,example.txt:739
Gloriosae,1,False,example.txt:32896
Glowaczowska,1,True,example.txt:45194
Gluskornis,1,False,example.txt:39044
Gmalborka,2,False,example.txt:18934; example.txt:18941
Gmaliecki,1,False,example.txt:18926
Gmibar,1,False,example.txt:50941
Gnerbyna,1,False,example.txt:29916
Gnerosiae,1,False,example.txt:47118
Gnessium,1,False,example.txt:11013
Gobstern,1,False,example.txt:11765
Godbori,1,False,example.txt:24716
Godekmiczow,1,True,example.txt:46938
Godności,1,True,example.txt:10574
Godrienko,1,False,example.txt:51978
Godzislawa,1,True,example.txt:47169
Goldslagierowe,1,False,example.txt:50548
Golembiowski,1,False,example.txt:49416
Gologoriensis,1,False,example.txt:14755
Gologorskiego,1,False,example.txt:14808
Golpachow,1,False,example.txt:18624
Gombrowicij,1,False,example.txt:42226
Goporowna,1,False,example.txt:47682
Gorcziana,1,True,example.txt:21505
Gorczyn,1,True,example.txt:44854
Goreczki,2,True,example.txt:14883; example.txt:14899
Goreczski,1,True,example.txt:14860
Gorenski,1,False,example.txt:33793
Gorniski,1,False,example.txt:44228
Gorselmi,1,False,example.txt:52241
Gorselnik,1,False,example.txt:52669
Goructi,1,False,example.txt:19736
Gorzelnik,1,True,example.txt:48057
Gostomski,1,False,example.txt:40264
Goxorzijcza,1,True,example.txt:17725
Gołąb,1,True,example.txt:8192
Grabarsom,1,False,example.txt:11867
Grabiecz,1,True,example.txt:29499
Grakowczyk,1,True,example.txt:45627
Graskowey,1,False,example.txt:35747
Gravamen,1,False,example.txt:16510
Graviensi,1,False,example.txt:41491
Grawerzyna,1,True,example.txt:29787
Graybyerzum,1,True,example.txt:19787
Gregiec,1,False,example.txt:27903
Gregoroska,1,False,example.txt:6932
Gregorowicz,2,True,example.txt:13435; example.txt:14364
Gregorowska,1,False,example.txt:28938
Gregrowa,1,False,example.txt:13718
Gregrowic,1,False,example.txt:7985
Gregrowsc,1,False,example.txt:44739
Greislo,1,False,example.txt:20877
Grembka,1,False,example.txt:51616
Gremigi,1,False,example.txt:37570
Grenusni,1,False,example.txt:41165
Greuzyna,1,False,example.txt:29742
Grinwalt,2,False,example.txt:36572; example.txt:45994
Grislonem,1,False,example.txt:3512
Groaskiem,1,False,example.txt:22218
Groaskio,1,False,example.txt:22220
Grochobernii,1,False,example.txt:44403
Grocziciorum,1,True,example.txt:9886
Grodeciae,1,False,example.txt:24952
Grodecii,1,False,example.txt:5092
Grodecten,1,False,example.txt:2955
Grodinczyla,1,True,example.txt:43856
Grodzicki,2,True,example.txt:3144; example.txt:45948
Grodzickich,1,True,example.txt:8387
Grodzickiego,2,True,example.txt:7805; example.txt:38547
Grodzkich,1,True,example.txt:30236
Grodzkiem,2,True,example.txt:30451; example.txt:30575
Grodzkiey,1,True,example.txt:8039
Grodzmisky,1,True,example.txt:46783
Grodzschio,1,True,example.txt:19815
Groloczy,1,True,example.txt:24704
Gromefieniem,1,False,example.txt:17259
Gromimoth,1,False,example.txt:22495
Grosakowa,1,False,example.txt:18863
Groswajer,2,False,example.txt:2741; example.txt:2748
Groszami,1,True,example.txt:26102
Groszhema,1,True,example.txt:14129
Grozothenski,1,False,example.txt:27254
Gruncarz,1,True,example.txt:18193
Gruntarz,1,True,example.txt:18195
Gruszeczski,1,True,example.txt:36091
Gryczana,1,True,example.txt:44850
Gryff,1,False,example.txt:22287
Gryffowa,1,False,example.txt:22286
Gryfza,1,False,example.txt:24391
Grymas,1,False,example.txt:6744
Gryswacu,1,False,example.txt:22284
Gryzlo,1,False,example.txt:32735
Grzebiemiarze,1,True,example.txt:33012
Grzebien,1,True,example.txt:36279
Grzeczkowa,1,True,example.txt:19492
Grzecznowicz,1,True,example.txt:19495
Grzegorza,2,True,example.txt:3955; example.txt:10849
Grzegorzowi,2,True,example.txt:23293; example.txt:41482
Grzemaki,1,True,example.txt:33047
Grzesha,2,True,example.txt:26101; example.txt:26105
Grzesiewa,1,True,example.txt:48404
Grzeska,2,True,example.txt:26016; example.txt:26022
Grzesko,1,True,example.txt:48406
Grzesyna,1,True,example.txt:8352
Grzeszyna,1,True,example.txt:29884
Gręczyn,1,True,example.txt:8382
Guardia,1,False,example.txt:40696
Guberlskiego,1,False,example.txt:12855
Gucheterowska,1,False,example.txt:19714
Guiniel,1,False,example.txt:24372
Guiteczno,1,True,example.txt:3574
Gulmishki,2,False,example.txt:125; example.txt:134
Gulmiskie,2,False,example.txt:1058; example.txt:1062
Guswek,1,False,example.txt:36151
Guteterowska,1,False,example.txt:1909
Gutheterowskim,1,False,example.txt:13027
Guthetherxorosska,2,False,example.txt:13921; example.txt:13935
Guttekovodska,1,False,example.txt:9613
Gutterowska,1,False,example.txt:9572
Guzikow,1,False,example.txt:33002
Guzinskiego,1,False,example.txt:41699
Gwaskorowic,2,False,example.txt:20589; example.txt:20590
Gweliskony,2,False,example.txt:36254; example.txt:36254
Gwierna,1,False,example.txt:38160
Gyzownyis,1,False,example.txt:14130
Gzarowski,1,False,example.txt:13085
Gzegorzowska,1,True,example.txt:6969
Gzeworka,1,False,example.txt:28410
Gziemno,1,False,example.txt:13834
Gąszeczki,1,True,example.txt:32355
Gąsziorek,1,True,example.txt:27555
Gładyszowa,1,True,example.txt:8207
Głorchonsskim,1,True,example.txt:15934
Głowaczys,1,True,example.txt:40505
Głowczyn,1,True,example.txt:11941
Głowszyna,1,True,example.txt:11941
Gżebyłojm,1,True,example.txt:22512
Habellon,1,False,example.txt:36262
Habititer,1,False,example.txt:6744
Haczlowa,1,True,example.txt:10114
Haczulnia,1,True,example.txt:11409
Halewskiey,1,False,example.txt:51815
Halshe,2,False,example.txt:50795; example.txt:50803
Halszine,1,True,example.txt:50791
Hamalowa,1,False,example.txt:25433
Hamcundo,1,False,example.txt:52763
Hamesio,1,False,example.txt:40846
Hamlikowi,1,False,example.txt:41482
Hamlowna,2,False,example.txt:10092; example.txt:10103
Hamussi,1,False,example.txt:9270
Hamussowskam,1,False,example.txt:47477
Hanczowska,1,True,example.txt:4527
Handliowski,1,False,example.txt:31665
Handlowne,1,False,example.txt:37672
Handslokowicz,1,True,example.txt:20753
Haniczonski,2,True,example.txt:17971; example.txt:17974
Haniszem,1,True,example.txt:36299
Hanlionsohi,1,False,example.txt:35907
Hannissio,1,False,example.txt:9239
Hantwoss,1,False,example.txt:12191
Hanusowskoloconska,1,False,example.txt:32957
Hanusscholomsska,1,False,example.txt:14575
Hanussini,1,False,example.txt:44998
Hanussolo,1,False,example.txt:12236
Hanxilom,1,False,example.txt:19248
Harbours,1,False,example.txt:13118
Harmonem,1,False,example.txt:7535
Hartnoch,1,False,example.txt:12844
Hartnowi,1,False,example.txt:13257
Hartsmann,1,False,example.txt:43212
Hassanowi,2,False,example.txt:8235; example.txt:8239
Haworilowic,1,False,example.txt:5162
Hawrilani,1,False,example.txt:45162
Hawrilo,2,False,example.txt:46312; example.txt:46315
Haxho,1,False,example.txt:22273
Hebiminska,1,False,example.txt:36998
Hedliczka,2,True,example.txt:36550; example.txt:36554
Hedliczki,2,True,example.txt:36542; example.txt:36547
Hedvigulae,1,False,example.txt:12699
Helbrechty,1,False,example.txt:33686
Heliassa,1,False,example.txt:1305
Hemblowe,1,False,example.txt:11842
Hennidego,1,False,example.txt:14106
Hepnaromio,1,False,example.txt:35210
Herbert,2,False,example.txt:45867; example.txt:45897
Herberto,1,False,example.txt:45888
Herbort,1,False,example.txt:52505
Herburt,1,False,example.txt:21288
Herburth,1,False,example.txt:42643
Heretici,1,False,example.txt:21390
Hermanonowicz,1,True,example.txt:21475
Heroolai,1,False,example.txt:19883
Hieronymowicz,1,True,example.txt:49727
Hieronymowiczowi,1,True,example.txt:41816
Hipocau,1,False,example.txt:10312
Hispano,2,False,example.txt:8456; example.txt:8474
Historiae,1,False,example.txt:21365
Histricis,1,False,example.txt:17742
Hluszan,1,True,example.txt:27062
Holodzieyczyk,1,True,example.txt:12474
Holohoszkie,1,True,example.txt:34799
Holombzko,1,False,example.txt:25965
Holonscen,1,False,example.txt:34900
Holorosszko,2,True,example.txt:14001; example.txt:14004
Holoskowiensis,1,False,example.txt:9071
Holosnocensi,1,False,example.txt:23576
Holossym,1,False,example.txt:2261
Holostrenses,1,False,example.txt:25344
Holoszijn,1,True,example.txt:25349
Holoszyn,1,True,example.txt:34900
Holowcina,1,False,example.txt:23596
Holowscen,1,False,example.txt:4810
Holowscensis,1,False,example.txt:32488
Holubowic,2,False,example.txt:52848; example.txt:52858
Homingertorum,1,False,example.txt:29769
HonestaAndreas,1,False,example.txt:31672
Honestissima,1,False,example.txt:47800
HonestoConstantino,1,False,example.txt:19432
Honlesterriliter,1,False,example.txt:53028
Honorowiczem,1,True,example.txt:3842
Horoszynski,1,True,example.txt:31791
Horoxzynska,1,False,example.txt:24157
Hosczyn,2,True,example.txt:35184; example.txt:35189
Hospodarskie,2,False,example.txt:9525; example.txt:23846
Hotriadis,1,False,example.txt:4582
Houtampram,1,False,example.txt:23174
Hraczonnik,1,True,example.txt:49698
Hrebinczyna,1,True,example.txt:27525
Hrebromowicz,1,True,example.txt:27273
Hrehorowicz,1,True,example.txt:25679
Hrehorowicze,1,True,example.txt:20232
Hrencoel,1,False,example.txt:27812
Hriboxowe,1,False,example.txt:24158
Hricsko,1,False,example.txt:36606
Hriczin,1,True,example.txt:31789
Hriczko,2,True,example.txt:34854; example.txt:49698
Hriczkomis,1,True,example.txt:28077
Hriczkowska,2,True,example.txt:27113; example.txt:27982
Hriczoniszki,1,True,example.txt:21916
Hrisostomus,1,False,example.txt:27621
Hrosinski,1,False,example.txt:51684
Hryńkowi,1,True,example.txt:29910
Hstominscij,2,False,example.txt:26998; example.txt:26999
Hstozun,1,False,example.txt:26999
Hubichi,2,False,example.txt:1082; example.txt:1084
Hubicski,1,False,example.txt:123
Huicokom,2,False,example.txt:34804; example.txt:34809
Huicokomis,1,False,example.txt:34822
Huicskom,1,False,example.txt:23347
Huilkon,1,False,example.txt:43857
Hulstyn,2,False,example.txt:45867; example.txt:45888
Humienski,1,False,example.txt:17149
Hungaricalis,1,False,example.txt:50895
Hurpolici,1,False,example.txt:1955
Hutacius,2,False,example.txt:36329; example.txt:36340
Hymelreich,1,False,example.txt:7572
Hyppo,1,False,example.txt:1965
INSCIDIA,1,False,example.txt:43825
Iacobonis,1,False,example.txt:1120
Iacynara,1,False,example.txt:33917
Ialonele,1,False,example.txt:4158
Ianbynszki,1,True,example.txt:51943
Iandzinski,1,True,example.txt:9785
Ianusonis,1,False,example.txt:32167
Ianuszonis,1,True,example.txt:28811
Iasliski,1,False,example.txt:50915
Ibciswiefa,1,False,example.txt:46313
Iedersko,1,False,example.txt:34051
Iegorimi,1,False,example.txt:6645
Iffertur,1,False,example.txt:158
Iflandskie,1,False,example.txt:43492
Iflanskie,1,False,example.txt:9402
Ignatowic,1,False,example.txt:32716
Igrzatek,1,True,example.txt:51017
Iheronimo,1,False,example.txt:18764
Ihnatowic,1,False,example.txt:18681
Ilczykoth,1,True,example.txt:26832
Ilfowiczi,1,True,example.txt:26865
Ilkonis,1,False,example.txt:32717
Illitatem,1,False,example.txt:46475
Illuminationem,1,False,example.txt:11962
Ilzowier,1,False,example.txt:17028
Imanyn,1,False,example.txt:14059
Imeliana,1,False,example.txt:29025
Immissorum,1,False,example.txt:41011
Imperiali,1,False,example.txt:53028
Impressio,1,False,example.txt:50759
Imsikot,1,False,example.txt:32240
Imversat,1,False,example.txt:8720
Incanarum,1,False,example.txt:5865
Inclitos,1,False,example.txt:14257
Inclitum,1,False,example.txt:14566
Inconsulteque,1,False,example.txt:37598
Inconvenientiam,1,False,example.txt:25897
Incubernum,1,False,example.txt:49604
Incuberrimum,1,False,example.txt:50067
Indecens,1,False,example.txt:6261
Infamim,1,False,example.txt:11033
Inferente,1,False,example.txt:38376
Inflanskie,1,False,example.txt:8586
Inflantskie,1,False,example.txt:24063
Infliantskie,1,False,example.txt:28010
Informahey,1,False,example.txt:24590
Informans,1,False,example.txt:44609
Infutorum,1,False,example.txt:7731
Ingazum,1,False,example.txt:15028
IngenuiAndream,1,False,example.txt:4690
Inquilini,1,False,example.txt:23659
Insebendowicli,1,False,example.txt:33549
Insignem,1,False,example.txt:26607
Insinuans,1,False,example.txt:26559
Instauratorem,1,False,example.txt:42411
Instorowska,1,False,example.txt:30756
Insuperabilis,1,False,example.txt:28362
Insurgentis,1,False,example.txt:7647
Intasesa,1,False,example.txt:31633
Intercyze,1,False,example.txt:52965
Interlocutorem,1,False,example.txt:27992
Internuncium,1,False,example.txt:44424
Intrephonem,1,False,example.txt:31829
Iochilum,1,False,example.txt:13946
Iodoci,1,False,example.txt:29665
Iohielia,1,False,example.txt:27686
Ionasores,1,False,example.txt:30199
Iremigo,1,False,example.txt:34065
Irzeskone,1,True,example.txt:46257
Isaaco,2,False,example.txt:49672; example.txt:49682
Isaacum,1,False,example.txt:12845
Isaacus,1,False,example.txt:6210
Isaaromir,1,False,example.txt:13117
Isaaromis,1,False,example.txt:19515
Isaarowe,1,False,example.txt:22479
Isarowskiego,1,False,example.txt:13078
Iscade,1,False,example.txt:32392
Ismaitek,1,False,example.txt:33052
Istrokonski,1,False,example.txt:26263
Italiano,1,False,example.txt:37064
Italianom,1,False,example.txt:24290
Ithanowskiego,1,False,example.txt:28768
Itolya,1,False,example.txt:10248
Iuasszkone,1,True,example.txt:5240
Iudasowski,1,False,example.txt:39584
Iuliano,1,False,example.txt:43618
Iurebat,1,False,example.txt:10542
Iureconsultus,1,False,example.txt:29086
Iurkonem,1,False,example.txt:39035
Iusetsque,1,False,example.txt:26157
Iushemy,1,False,example.txt:31077
Iuskowirt,1,False,example.txt:11399
Iuswicz,1,True,example.txt:34796
Iuvenum,1,False,example.txt:9881
Ivashkorowicz,1,True,example.txt:21615
Ivaskomis,1,False,example.txt:21622
Iwansthi,1,False,example.txt:52374
Iwanuzymca,2,False,example.txt:27908; example.txt:27915
Iwanuzymiec,1,False,example.txt:27894
Iwasschourc,1,False,example.txt:42075
Izaaliewa,1,False,example.txt:49047
Iząbek,1,True,example.txt:17340
Iżesmy,1,True,example.txt:48539
Jabloniemi,1,False,example.txt:36359
Jachimiskiego,1,False,example.txt:37671
Jacimie,1,False,example.txt:51503
Jacimir,1,False,example.txt:19940
Jackomis,1,False,example.txt:40091
Jacobonis,1,False,example.txt:12532
Jacobowia,1,False,example.txt:26042
Jacorovi,1,False,example.txt:10272
Jacuuanus,1,False,example.txt:18748
Jadwidze,2,True,example.txt:4244; example.txt:17642
Jadwidzoni,1,True,example.txt:33171
Jafewic,1,False,example.txt:20310
Jafewicz,1,True,example.txt:20314
Jaikone,1,False,example.txt:52248
Jakobusowska,1,False,example.txt:5441
Jakubeira,1,False,example.txt:17290
Jakubusowska,2,False,example.txt:40938; example.txt:40946
Jalibour,1,False,example.txt:50680
Jamesnikowa,1,False,example.txt:33568
Jamesnikowska,1,False,example.txt:33573
Jamsorussomi,1,False,example.txt:31979
Janakitanum,1,False,example.txt:16542
Janassem,1,False,example.txt:31903
Janbymbyrzyego,2,True,example.txt:25043; example.txt:25053
Janculianka,1,False,example.txt:29036
Jandzicki,1,True,example.txt:4891
Janeschi,1,False,example.txt:24804
Jannuly,1,False,example.txt:20665
Janokowa,1,False,example.txt:24836
Janomigle,1,False,example.txt:40433
Janosse,1,False,example.txt:26131
Janowatowic,1,False,example.txt:20246
Janschornowska,1,False,example.txt:2992
Janthyniki,1,False,example.txt:52418
Jantulanta,1,False,example.txt:29026
Janusonis,1,False,example.txt:29553
Janusziensis,1,True,example.txt:25603
Januszpolia,2,True,example.txt:40114; example.txt:40127
Janzyna,1,False,example.txt:27903
Japomrekbyl,1,False,example.txt:13963
Jarmark,2,False,example.txt:33112; example.txt:33193
Jarmarkach,1,False,example.txt:22869
Jarmarku,1,False,example.txt:33191
Jarmolski,2,False,example.txt:27065; example.txt:27076
Jaromiej,1,False,example.txt:13546
Jaroschi,1,False,example.txt:26735
Jaroslauien,1,False,example.txt:15593
Jaroslauienses,1,False,example.txt:15596
Jaroslauiensi,1,False,example.txt:1633
Jaroslauiensis,2,False,example.txt:12961; example.txt:22729
Jaroslaum,2,False,example.txt:12801; example.txt:19778
Jaroslaus,1,False,example.txt:51827
Jaroslavia,1,False,example.txt:15562
Jaroslaviae,1,False,example.txt:22738
Jaroslaviam,1,False,example.txt:15555
Jaroslaviense,1,False,example.txt:15250
Jaroslaviensem,2,False,example.txt:15901; example.txt:22736
Jaroslavienses,1,False,example.txt:12957
Jaroslaviensi,1,False,example.txt:190
Jaroslaviensibus,2,False,example.txt:15245; example.txt:15253
Jaroslawa,2,False,example.txt:18720; example.txt:19491
Jaroslawskiego,1,False,example.txt:18722
Jaroslum,1,False,example.txt:16016
Jarosowi,1,False,example.txt:33183
Jaroszowska,1,True,example.txt:3059
Jarswfa,1,False,example.txt:52410
Jarubkonna,2,False,example.txt:13432; example.txt:13436
Jarzbymbskiego,2,True,example.txt:25016; example.txt:25026
Jarzecski,1,True,example.txt:24948
Jarzika,2,True,example.txt:14684; example.txt:14688
Jarzynczynska,2,True,example.txt:24986; example.txt:24991
Jarzynom,1,True,example.txt:17333
Jarzynosynska,1,True,example.txt:17222
Jasemiscza,1,True,example.txt:27063
Jasienska,1,False,example.txt:42577
Jasienski,1,False,example.txt:42561
Jasiusz,1,True,example.txt:41814
Jaskowansky,1,False,example.txt:18926
Jaskowiczowi,1,True,example.txt:52963
Jaskowskiemu,1,False,example.txt:18927
Jaskyrski,1,False,example.txt:17288
Jaslowiecien,1,False,example.txt:741
Jaslowieczki,1,True,example.txt:1917
Jasmierza,1,True,example.txt:18068
Jassinniesski,1,False,example.txt:39163
Jastania,1,False,example.txt:13188
Jastrzemb,1,True,example.txt:49110
Jaszlowiecki,1,True,example.txt:1911
Jauorouiensi,1,False,example.txt:29327
Jawirnizski,1,False,example.txt:39207
Jawirnskiego,1,False,example.txt:37679
Jaxyczyna,1,True,example.txt:14702
Jazeyto,1,False,example.txt:27653
Jbductio,1,False,example.txt:37898
Jchtorego,1,False,example.txt:23875
Jedenasta,1,False,example.txt:34634
Jednarde,2,False,example.txt:33584; example.txt:33608
Jednoczi,1,True,example.txt:97
Jedwabiu,2,False,example.txt:5197; example.txt:32989
Jedynym,1,False,example.txt:24429
Jeleniem,1,False,example.txt:3381
Jelonkiem,1,False,example.txt:1401
Jelonkowicow,1,False,example.txt:41646
Jelonkowiec,2,False,example.txt:1370; example.txt:1387
Jemricza,1,True,example.txt:49730
Jendrubeia,1,False,example.txt:35935
Jendrxeiowi,1,False,example.txt:29206
Jerzemu,1,True,example.txt:28011
Jerzonysz,1,True,example.txt:23422
Jesieno,1,False,example.txt:2205
Jesienowie,2,False,example.txt:2220; example.txt:2276
Jesierski,1,False,example.txt:4531
Jesionce,1,False,example.txt:10845
Jesuitom,1,False,example.txt:6421
Jezuse,1,False,example.txt:2773
Jmexenciae,1,False,example.txt:20483
JnaydBuie,1,False,example.txt:24225
Jnclyti,2,False,example.txt:22276; example.txt:22279
Jnclyto,1,False,example.txt:22275
Jniosek,1,False,example.txt:24700
Joabim,1,False,example.txt:25396
Joanishi,1,False,example.txt:50170
JoannesScholcz,1,True,example.txt:36379
Joannisannem,1,False,example.txt:22702
Joaskowiczow,2,True,example.txt:52850; example.txt:52862
Joaskowiczowi,1,True,example.txt:52864
Jobudrow,1,False,example.txt:18924
Jodlovi,1,False,example.txt:39977
Johakzowski,1,False,example.txt:19429
Jolbiczka,1,True,example.txt:22423
JoliatorComparens,1,False,example.txt:27824
Jossko,1,False,example.txt:31798
Jowala,1,False,example.txt:5731
Jresisze,2,True,example.txt:31065; example.txt:31068
Jroien,1,False,example.txt:31862
Jsisusze,1,True,example.txt:31076
Jsnatywle,1,False,example.txt:43908
Jstrang,1,False,example.txt:43051
Juanswna,1,False,example.txt:25553
Juberdeny,1,False,example.txt:36343
Jubystodol,1,False,example.txt:25488
Juchnowi,1,False,example.txt:48543
Jucundissimo,1,False,example.txt:22762
Judasschek,1,False,example.txt:15645
Judaszck,2,True,example.txt:50854; example.txt:50856
Judaszek,1,True,example.txt:19270
Judgcondo,1,False,example.txt:48757
Judicerno,1,False,example.txt:11326
JudicioExposito,2,False,example.txt:36047; example.txt:40204
Juditarum,1,False,example.txt:17578
Julianz,1,False,example.txt:28409
Jureconventi,1,False,example.txt:22215
Jureuicetor,1,False,example.txt:29099
Jurkowey,1,False,example.txt:4457
Justiciarii,1,False,example.txt:24966
Justnoniuzow,1,False,example.txt:15705
Juteracise,1,False,example.txt:38753
Jwanego,1,False,example.txt:22870
Jwaszkiem,1,True,example.txt:22182
Jwaszkowy,1,True,example.txt:22199
KATSWYFI,1,False,example.txt:36969
Kabalimy,1,False,example.txt:24276
Kabatowy,1,False,example.txt:13858
Kadłuba,1,True,example.txt:25062
Kaffer,1,False,example.txt:45912
Kaischanusowska,1,False,example.txt:15031
Kajałem,1,True,example.txt:39222
Kalbowy,1,False,example.txt:4984
Kalecina,1,False,example.txt:33903
Kalecza,1,True,example.txt:33429
Kaleczianka,1,True,example.txt:33441
Kaliczey,1,True,example.txt:51810
Kalicziey,1,True,example.txt:51809
Kaliecina,1,False,example.txt:33925
Kalieciny,1,False,example.txt:33921
Kaltwasser,1,False,example.txt:43200
Kamienieckiey,1,False,example.txt:50513
Kamiennopole,1,False,example.txt:52242
Kamienopole,2,False,example.txt:48049; example.txt:48050
Kamienopolie,1,False,example.txt:40029
Kamizela,1,False,example.txt:11641
Kaniampiani,1,False,example.txt:20192
Kansaliacione,1,False,example.txt:26023
Kapelusow,1,False,example.txt:32966
Kapelussow,1,False,example.txt:32967
Kapeluszow,1,True,example.txt:32981
Kapolszki,1,True,example.txt:13344
Kaprusiowi,1,False,example.txt:52860
Kapustka,1,False,example.txt:42988
Karamanos,1,False,example.txt:20628
Karbagii,1,False,example.txt:15025
Karczowicowie,2,True,example.txt:560; example.txt:590
Karilouic,1,False,example.txt:52248
Karmionka,1,False,example.txt:28638
Karsychki,1,False,example.txt:1965
Karwasow,1,False,example.txt:50015
Karzuawowski,1,True,example.txt:8151
Kasnodziei,1,True,example.txt:11868
Kassakowskis,1,False,example.txt:2611
Kataluho,2,False,example.txt:11251; example.txt:11252
Katelicti,1,False,example.txt:36036
Kauszowka,1,True,example.txt:28135
Kawadia,2,False,example.txt:4806; example.txt:4807
Kawako,1,False,example.txt:43482
Kawalkach,1,False,example.txt:5178
Kawasowy,1,False,example.txt:13840
Kawicza,1,True,example.txt:24205
Kazatroskiego,1,False,example.txt:31274
Kazigrabiec,1,False,example.txt:35239
Kazigrabiecs,1,False,example.txt:35240
Kazimiri,1,False,example.txt:19538
Kazimirkowska,1,False,example.txt:20379
Kazimirus,1,False,example.txt:19528
Kazwath,1,False,example.txt:34725
Kałamaik,1,True,example.txt:33008
Kałamaikow,1,True,example.txt:33008
Kcamaryska,2,False,example.txt:16880; example.txt:16892
Kcamaryski,2,False,example.txt:16881; example.txt:16888
Keasinski,1,False,example.txt:46265
Kedzierski,1,True,example.txt:52427
Kekerdisianouic,1,False,example.txt:41858
Kemenicz,1,True,example.txt:26793
Kempiscloris,1,False,example.txt:1500
Kendzierszki,1,True,example.txt:25122
Kesliemontiu,1,False,example.txt:19854
Kesselnik,1,False,example.txt:17698
Kiaczowszki,1,True,example.txt:18749
Kichlos,1,False,example.txt:5254
Kicskiancz,1,True,example.txt:21520
Kicslan,1,False,example.txt:40842
Kiedmixalski,1,False,example.txt:34758
Kiedrzynska,2,True,example.txt:11994; example.txt:11996
Kielich,1,False,example.txt:24257
Kieprzecski,1,True,example.txt:36999
Kiernos,2,False,example.txt:12818; example.txt:12821
Kierymowicza,1,True,example.txt:5800
Kierzkowius,1,True,example.txt:39507
Kiiowskie,1,False,example.txt:24063
Kijamucha,2,False,example.txt:14729; example.txt:14731
Kiktarsa,1,False,example.txt:44179
Kilienkas,1,False,example.txt:16985
Kimierzonis,2,True,example.txt:37194; example.txt:37205
Kimierzonus,1,True,example.txt:37185
Kiouiae,2,False,example.txt:9149; example.txt:16554
Kioviae,1,False,example.txt:11289
Kiriak,1,False,example.txt:2223
Kiriaki,1,False,example.txt:47614
Kiriako,1,False,example.txt:2209
Kiriakum,1,False,example.txt:2212
Kirienssi,1,False,example.txt:19751
Kirmel,1,False,example.txt:42093
Kirszharz,1,True,example.txt:20190
Kirszlians,2,True,example.txt:34937; example.txt:34951
Kitayczana,2,True,example.txt:13839; example.txt:13839
Kizirowic,2,False,example.txt:50621; example.txt:50626
Klaitary,1,False,example.txt:37796
Klanschkowna,1,False,example.txt:42034
Klapicz,1,True,example.txt:14704
Klasztoru,1,True,example.txt:40713
Klemanta,1,False,example.txt:29727
Kleyt,1,False,example.txt:47879
Kliemiel,1,False,example.txt:3220
Klieynoth,1,False,example.txt:32509
Klimiec,1,False,example.txt:46142
Klimkowic,1,False,example.txt:49046
Klimkowskam,1,False,example.txt:8455
Klinczowska,1,True,example.txt:1640
Klonowska,1,False,example.txt:2682
Klonowskae,1,False,example.txt:2685
Klopot,2,False,example.txt:12814; example.txt:12818
Klopoth,1,False,example.txt:12821
Kloryskabianka,2,False,example.txt:8842; example.txt:8845
Klosicki,1,False,example.txt:3570
Klosowic,1,False,example.txt:46894
Klubich,1,False,example.txt:44227
Kluszko,1,True,example.txt:42201
Kneset,1,False,example.txt:23251
Kobyszynscy,1,True,example.txt:41437
Kochnowska,2,False,example.txt:2040; example.txt:47121
Kolamencki,2,False,example.txt:3851; example.txt:3853
Kollarsonski,1,False,example.txt:12449
Kollendoff,1,False,example.txt:5703
Kolodzieia,1,True,example.txt:18717
Kolodzieyskiego,1,True,example.txt:18717
Kolomia,1,False,example.txt:12304
Komalsha,1,False,example.txt:24242
Komeczny,1,True,example.txt:21224
Komiaczki,2,True,example.txt:7112; example.txt:7126
Komieczki,1,True,example.txt:39337
Komiecznij,1,True,example.txt:28683
Komissarstela,1,False,example.txt:23398
Kommissarska,1,False,example.txt:24266
Kommissarza,2,True,example.txt:24249; example.txt:24253
Komnamski,1,False,example.txt:3349
Komornik,1,False,example.txt:30525
Kompasikow,1,False,example.txt:33017
Komwissarza,1,True,example.txt:51819
Kondorf,1,False,example.txt:47946
Koniaszek,1,True,example.txt:39622
Konszkie,1,True,example.txt:39621
Konwicki,2,False,example.txt:4050; example.txt:4052
Konwicti,2,False,example.txt:1709; example.txt:1714
Kopijshinski,1,False,example.txt:39236
Kopijstinski,1,False,example.txt:21043
Kopijsynski,1,False,example.txt:39249
Kopistinski,2,False,example.txt:38071; example.txt:38072
Koprowskiemu,1,False,example.txt:7941
Korbecz,1,True,example.txt:41823
Kordibany,1,False,example.txt:43626
Kordybannik,1,False,example.txt:36311
Kornafel,1,False,example.txt:17427
Kornathkiego,1,False,example.txt:2222
Korniacta,1,False,example.txt:41482
Koronnemu,1,False,example.txt:8604
Korythko,1,False,example.txt:33398
Korzychi,1,True,example.txt:33392
Kosakissa,1,False,example.txt:9207
Koscicssa,1,False,example.txt:9139
Koscielskiem,1,False,example.txt:33160
Kosciorowska,1,False,example.txt:49775
Koscwisski,1,False,example.txt:11829
Kosczieski,1,True,example.txt:11276
Kosdzies,1,True,example.txt:42592
Kosdziess,1,True,example.txt:42590
Koskowit,1,False,example.txt:7885
Kosskiem,1,False,example.txt:10835
Kostkowna,1,False,example.txt:46059
Kostogryzowski,1,False,example.txt:15615
Koszulek,1,True,example.txt:33056
Koszyczowskie,1,True,example.txt:51920
Kotlarz,1,True,example.txt:16870
Kotwinski,2,False,example.txt:27894; example.txt:27958
Kowalskiemu,1,False,example.txt:8943
Koxbemisski,1,False,example.txt:23280
Kozackich,1,False,example.txt:29928
Kozackiego,1,False,example.txt:29702
Kozackiey,1,False,example.txt:30550
Kozdrowna,1,False,example.txt:25478
Kozemorowski,1,False,example.txt:23300
Kozubec,1,False,example.txt:10734
Kozuch,1,False,example.txt:11722
Kołodziey,1,True,example.txt:30531
Kożuch,1,True,example.txt:11648
Kraiemski,1,False,example.txt:33949
Krainach,1,False,example.txt:20627
Kraisorowna,1,False,example.txt:44825
Kraisorowny,2,False,example.txt:44792; example.txt:44825
Kraisorowska,1,False,example.txt:1909
Krajnicer,1,False,example.txt:17088
Krakouczyk,1,True,example.txt:9025
Krakovianin,1,False,example.txt:38427
Krakowczykowa,1,True,example.txt:8159
Kramfiris,1,False,example.txt:12718
Krapisz,2,True,example.txt:1292; example.txt:1294
Krapski,2,False,example.txt:1317; example.txt:1321
Krasmuskowna,1,False,example.txt:43945
Krasnystawski,1,False,example.txt:7288
Krasons,1,False,example.txt:31312
Kraussowna,1,False,example.txt:50292
Krautman,1,False,example.txt:6210
Krawarony,1,False,example.txt:13858
Krayczym,1,True,example.txt:37282
Krayzerowskiem,1,False,example.txt:15678
Kreniczius,1,True,example.txt:35167
Kriphla,2,False,example.txt:6605; example.txt:6611
Krisnen,1,False,example.txt:40091
Kroiacierkowskiego,1,False,example.txt:40526
Krolestw,1,False,example.txt:8614
Krolewska,1,False,example.txt:8589
Kroliestw,1,False,example.txt:24082
Kroliestwa,1,False,example.txt:28027
Kroliow,2,False,example.txt:23927; example.txt:30554
Kromschyney,1,False,example.txt:22333
Krosnicz,1,True,example.txt:41725
Kroswand,1,False,example.txt:17820
Krotheski,1,False,example.txt:28202
Krowczian,2,True,example.txt:33930; example.txt:33931
Krowisko,1,False,example.txt:52429
Krsedszrzedz,1,True,example.txt:16987
Krsekuglion,1,False,example.txt:4138
Krsetunia,1,False,example.txt:4134
Krupcki,1,False,example.txt:43319
Krupecki,2,False,example.txt:43337; example.txt:43946
Krupithko,2,False,example.txt:42127; example.txt:42161
Krupkowy,1,False,example.txt:41657
Krupshynsky,2,False,example.txt:47523; example.txt:47524
Krupsinci,1,False,example.txt:46660
Krupsinscy,1,False,example.txt:46662
Krupski,1,False,example.txt:43438
Krusseczki,1,True,example.txt:14051
Krussetta,1,False,example.txt:5785
Kruszeczki,1,True,example.txt:12885
Kruszelnic,1,True,example.txt:11810
Kruszwic,1,True,example.txt:37139
Krutzecki,1,False,example.txt:27202
Krystoph,1,False,example.txt:24102
Krystyna,1,False,example.txt:17108
Kryszaik,1,True,example.txt:47783
Kryszaika,1,True,example.txt:47782
Krysztops,1,True,example.txt:26119
Krzciciela,2,True,example.txt:37307; example.txt:37311
Krzciel,1,True,example.txt:37314
Krzeczomowicze,1,True,example.txt:24868
Krzeczomowski,1,True,example.txt:24869
Krzedszrzedzia,1,True,example.txt:16975
Krzeprzelski,1,True,example.txt:21187
Krzescielski,2,True,example.txt:44986; example.txt:44990
Krziczeski,1,True,example.txt:12331
Krzuwce,1,True,example.txt:45142
Krzystanowic,1,True,example.txt:43955
Krzystyna,1,True,example.txt:17099
Krzysztanowicem,1,True,example.txt:4251
Krzysztof,1,True,example.txt:20127
Krzysztofa,2,True,example.txt:26173; example.txt:29878
Krzysztoffa,2,True,example.txt:20120; example.txt:20122
Krzysztopha,1,True,example.txt:26417
Krzyszyeszycze,1,True,example.txt:26512
Krzywcze,2,True,example.txt:45144; example.txt:45149
Kscilac,1,False,example.txt:36285
Kubeckim,1,False,example.txt:41867
Kuesik,1,False,example.txt:47848
Kufret,1,False,example.txt:41889
Kuirkoxoruis,1,False,example.txt:37895
Kuismie,1,False,example.txt:12171
Kuklinska,1,False,example.txt:4529
Kukowi,1,False,example.txt:3965
Kulczyckiego,1,True,example.txt:23697
Kulianczyk,1,True,example.txt:25459
Kulikowier,1,False,example.txt:14940
Kumiczki,1,True,example.txt:19559
Kunathik,1,False,example.txt:49723
Kunczyc,1,True,example.txt:28012
Kunicampian,1,False,example.txt:28772
Kunowcze,1,True,example.txt:45145
Kupianis,1,False,example.txt:13010
Kupiectwa,1,False,example.txt:33145
Kupieczka,1,True,example.txt:33121
Kupisomique,1,False,example.txt:23353
Kupkowiczowi,1,True,example.txt:44632
Kupromirowe,1,False,example.txt:13168
Kupronowe,1,False,example.txt:13178
Kupronowiczowego,1,True,example.txt:13180
Kupronowow,1,False,example.txt:12874
Kuprowowna,1,False,example.txt:13212
Kuproy,1,False,example.txt:23353
Kuriakos,1,False,example.txt:8290
Kurilowic,1,False,example.txt:40040
Kurylowis,2,False,example.txt:19938; example.txt:19941
Kurylowszka,1,True,example.txt:19927
Kusloms,1,False,example.txt:39706
Kusnierza,1,True,example.txt:3955
Kussni,2,False,example.txt:18401; example.txt:18413
Kustanka,2,False,example.txt:25843; example.txt:25846
Kustosie,1,False,example.txt:2173
Kuszarka,1,True,example.txt:36305
Kutsema,1,False,example.txt:6855
Kuśnierzy,1,True,example.txt:25007
KwaliSowego,1,False,example.txt:4269
Kwaser,1,False,example.txt:28334
Kwasina,1,False,example.txt:50994
Kwasset,1,False,example.txt:7840
Kwaylonska,1,False,example.txt:26741
Kwenicst,2,False,example.txt:52204; example.txt:52207
Kwietnia,1,False,example.txt:8613
Kwonsky,1,False,example.txt:52140
Kysiafiertyrowic,1,False,example.txt:37868
Kzebriow,1,False,example.txt:8237
Kzebriowi,1,False,example.txt:8235
Kzionsski,1,False,example.txt:17773
Kziszlik,1,True,example.txt:19696
Kłoboczki,1,True,example.txt:48231
LAZAROWIC,1,False,example.txt:6843
LXXV,1,False,example.txt:21420
Laborowy,1,False,example.txt:42537
Labrinka,1,False,example.txt:12185
Laczkonem,1,True,example.txt:33794
Laczowna,1,True,example.txt:2862
Ladislaus,2,False,example.txt:3352; example.txt:39491
Lafaluko,1,False,example.txt:16391
Lagiewnicki,1,False,example.txt:1794
Laguskim,1,False,example.txt:28775
Lagynczowska,1,True,example.txt:34319
Lakatosz,1,True,example.txt:10365
Lamanego,1,False,example.txt:33038
Lamankowo,1,False,example.txt:33592
Lamarycz,1,True,example.txt:16872
Lambasium,2,False,example.txt:34205; example.txt:34216
Lamenicum,1,False,example.txt:19864
Lamentatio,1,False,example.txt:8873
Lamiaczy,1,True,example.txt:33841
Lampischias,1,False,example.txt:16029
Lanaberno,1,False,example.txt:40391
Lanbwoylowi,1,False,example.txt:30954
Lanctorunfa,1,False,example.txt:19490
Lanczemus,2,True,example.txt:27185; example.txt:27186
Lanczkoronski,1,True,example.txt:19500
Lanczutensi,1,True,example.txt:15001
Lanczuth,1,True,example.txt:15012
Landrecht,1,False,example.txt:31035
Landuccus,1,False,example.txt:34137
Lanicida,1,False,example.txt:25749
Lanicula,1,False,example.txt:43374
Lanificina,1,False,example.txt:6879
Lanificionumque,1,False,example.txt:46227
Lanirzodzki,1,True,example.txt:47651
Lanistam,1,False,example.txt:41264
Lankorowskiemu,1,False,example.txt:42537
Lankwogowi,1,False,example.txt:29858
Lankwogycie,2,False,example.txt:29844; example.txt:29848
Lankwogys,1,False,example.txt:29854
Lankwoytowem,1,False,example.txt:30520
Lankwoytowi,2,False,example.txt:30513; example.txt:30514
Lannicida,1,False,example.txt:47462
Lanouri,1,False,example.txt:48941
Lanskiej,1,False,example.txt:44
Lanskiemu,1,False,example.txt:827
Lantwoythemgdy,1,False,example.txt:30542
Lanyciale,1,False,example.txt:8991
Lanzoltowszki,1,True,example.txt:20767
Laphoros,1,False,example.txt:37403
Lapicida,1,False,example.txt:49793
Lapicidae,1,False,example.txt:1212
Lapicidam,2,False,example.txt:2735; example.txt:42232
Lapicidankowa,1,False,example.txt:1217
Lapicidowa,1,False,example.txt:1211
Lapidulum,1,False,example.txt:6911
Lapusod,1,False,example.txt:17262
Larbut,1,False,example.txt:14882
Larbutowna,1,False,example.txt:14883
Larsowska,1,False,example.txt:34485
Larzimierski,1,True,example.txt:26730
Lasciessa,2,False,example.txt:11781; example.txt:11791
Laskowiczowna,1,True,example.txt:24874
Lasocieski,1,False,example.txt:27016
Lasowek,1,False,example.txt:37357
Lasymiecki,1,False,example.txt:14362
Latelka,1,False,example.txt:36245
Laterifici,1,False,example.txt:32323
Lathimirzynski,1,True,example.txt:4028
Laudimentis,1,False,example.txt:44163
Laudoriale,1,False,example.txt:33989
Laurentowna,1,False,example.txt:34244
Laurenzowicz,1,True,example.txt:33067
Lauryncowic,1,False,example.txt:43467
Lauszeczki,1,True,example.txt:38403
Lawrentowna,1,False,example.txt:34146
Laxinonowskianae,1,False,example.txt:23669
Lazienka,1,False,example.txt:3623
Lazistam,1,False,example.txt:33556
Lazotzki,1,False,example.txt:30896
Lazurkowo,1,False,example.txt:27555
Lazurowy,1,False,example.txt:33051
Lazurskno,1,False,example.txt:27750
Lazyńskiego,1,True,example.txt:40537
Leaswianta,1,False,example.txt:20750
Lebemiście,2,True,example.txt:10631; example.txt:10637
Leberowen,1,False,example.txt:4371
Lebkoroszka,1,True,example.txt:12272
Lebrzu,1,True,example.txt:32456
Lechowita,1,False,example.txt:36832
Leczwret,1,True,example.txt:10788
Lediana,1,False,example.txt:18918
Legerbrio,1,False,example.txt:46228
Legnaczium,1,True,example.txt:12064
Legnanus,1,False,example.txt:29494
Legnica,1,False,example.txt:10561
Legnicensis,1,False,example.txt:16212
Legnicz,1,True,example.txt:2457
Legumius,1,False,example.txt:18564
Leguslic,1,False,example.txt:52502
Lehawska,1,False,example.txt:27053
Leincowna,1,False,example.txt:40090
Leiphia,1,False,example.txt:10443
Leisnowic,2,False,example.txt:52657; example.txt:52660
Lekawska,2,False,example.txt:20989; example.txt:21004
Lekawski,1,False,example.txt:21010
Lelekowka,1,False,example.txt:7089
Lelsmid,1,False,example.txt:34503
Lembergensis,1,False,example.txt:35856
Lemniwfea,1,False,example.txt:47116
Lendnosi,1,False,example.txt:13057
Lenkowiczow,1,True,example.txt:2374
Lentwoycie,1,False,example.txt:29817
Lentwoytowi,1,False,example.txt:29817
Leoboldus,1,False,example.txt:12219
Leonstok,2,False,example.txt:10708; example.txt:10708
Leoparsek,1,False,example.txt:7889
Leopitele,1,False,example.txt:3283
LeopoliensisSigismundum,1,False,example.txt:741
Leoryncouic,1,False,example.txt:43877
Leoslai,1,False,example.txt:23884
Leoszyk,2,True,example.txt:39032; example.txt:39037
Lephaten,1,False,example.txt:10135
Lepianka,1,False,example.txt:51962
Leslewie,1,False,example.txt:10637
Lespecki,2,False,example.txt:40532; example.txt:40552
Leszarzowski,1,True,example.txt:27039
Leszplha,2,True,example.txt:6612; example.txt:6617
Leucathkowam,1,False,example.txt:2907
Leucolaum,1,False,example.txt:17488
Leuskei,1,False,example.txt:52836
Lewenstok,1,False,example.txt:52076
Lewrich,1,False,example.txt:49832
Lexywde,1,False,example.txt:22183
Liasonowi,1,False,example.txt:33183
Liathkow,1,False,example.txt:18750
Liatorszynski,1,True,example.txt:40689
Liatoszyn,1,True,example.txt:40426
Liatoszynski,2,True,example.txt:40419; example.txt:40426
Liberator,1,False,example.txt:7196
Libertatibus,1,False,example.txt:45837
Libisowski,1,False,example.txt:39251
Libowic,1,False,example.txt:7525
Libripensam,1,False,example.txt:27812
Libriten,1,False,example.txt:11876
LibrumHonoratum,1,False,example.txt:36796
Liczmissa,1,True,example.txt:12138
LieBacky,1,False,example.txt:25353
Liebanip,1,False,example.txt:30696
Liebelico,1,False,example.txt:9455
Liebierski,1,False,example.txt:40437
Liechreckiego,1,False,example.txt:40536
Liedoniedo,1,False,example.txt:19267
Liepstan,1,False,example.txt:13047
Liereszkonsski,1,True,example.txt:12212
Lierkozopski,1,False,example.txt:39492
Liermosowska,1,False,example.txt:3575
Lierstanowszka,2,True,example.txt:17159; example.txt:17159
Liesmonsski,1,False,example.txt:12650
Liesskomis,1,False,example.txt:28578
Liexterko,1,False,example.txt:12192
Lieyknis,2,False,example.txt:24258; example.txt:24258
Lignarij,1,False,example.txt:30896
Lignarium,2,False,example.txt:25434; example.txt:36972
Lignifaber,1,False,example.txt:35134
Lignifabro,1,False,example.txt:52668
Lignifabrum,1,False,example.txt:52671
Likoczyk,1,True,example.txt:10778
Limard,1,False,example.txt:17466
Limitatio,1,False,example.txt:11980
Limozar,1,False,example.txt:38937
Lincubernum,2,False,example.txt:49910; example.txt:49913
Lindaui,1,False,example.txt:53026
Lindauia,2,False,example.txt:53027; example.txt:53034
Lindauiensi,1,False,example.txt:53038
Lindauiensis,1,False,example.txt:53037
Lindlaw,1,False,example.txt:35204
Lingosch,1,False,example.txt:38193
Linkowicem,1,False,example.txt:49811
Linostowna,1,False,example.txt:20268
Linskerum,1,False,example.txt:35848
Liorancoli,1,False,example.txt:28726
Lirsonki,1,False,example.txt:20679
Lisarda,1,False,example.txt:38355
Lisonnik,1,False,example.txt:35904
Listarze,1,True,example.txt:33059
Liszarda,1,True,example.txt:38332
Liszardom,1,True,example.txt:38336
Liubartouiensis,1,False,example.txt:16334
Liubaszka,1,True,example.txt:15217
Liusmiado,1,False,example.txt:13546
Livinowa,1,False,example.txt:3652
Lmasczna,1,True,example.txt:17742
Lmethones,2,False,example.txt:18067; example.txt:18077
Lmostowna,2,False,example.txt:24758; example.txt:24765
Lmyatek,1,False,example.txt:39968
Lnianego,1,False,example.txt:36258
Lobeskes,1,False,example.txt:42335
Lobrzanckowna,1,True,example.txt:3081
Lochylek,2,False,example.txt:25666; example.txt:25672
Locumtenentes,1,False,example.txt:18675
Locumtenentis,1,False,example.txt:46135
Loczanowa,1,True,example.txt:27830
Lodwiczowski,1,True,example.txt:26757
Lodzaycze,1,True,example.txt:33975
Logofetum,1,False,example.txt:2212
Logomades,1,False,example.txt:16179
Loikowicem,1,False,example.txt:49810
Loikowna,1,False,example.txt:43090
Loikowska,1,False,example.txt:49798
Lojkonowska,1,False,example.txt:25773
Lomaznie,1,False,example.txt:18237
Lomionowska,1,False,example.txt:17077
Lomnicz,1,True,example.txt:3383
Lonatowic,1,False,example.txt:39079
Longanmouic,1,False,example.txt:46620
Longstowski,1,False,example.txt:29060
Longtomski,1,False,example.txt:31700
Longtorowski,1,False,example.txt:22275
Longusta,1,False,example.txt:28528
Lonoviz,1,False,example.txt:20191
Lopamix,2,False,example.txt:21536; example.txt:21550
Loparzonsski,2,True,example.txt:15558; example.txt:15572
Loparzonsskim,1,True,example.txt:15569
Lopatyn,1,False,example.txt:41262
Lopcionowszki,2,True,example.txt:19865; example.txt:19870
Lopomouicz,2,True,example.txt:14594; example.txt:14596
Lopoms,2,False,example.txt:34850; example.txt:34855
Loponii,2,False,example.txt:20876; example.txt:20892
Loponius,1,False,example.txt:37955
Lopowicz,2,True,example.txt:20902; example.txt:21700
Lopremiak,1,False,example.txt:40718
Lopustnik,1,False,example.txt:34109
Lopyistynski,2,False,example.txt:19226; example.txt:19228
Lopystinski,1,False,example.txt:21060
Lorbinger,1,False,example.txt:38236
Lorencowicz,1,True,example.txt:5148
Loreniem,1,False,example.txt:22231
Lorkembergier,1,False,example.txt:40993
Lorylek,2,False,example.txt:25661; example.txt:25664
Losinsczki,1,True,example.txt:40751
Losinsski,1,False,example.txt:12653
Losniessa,1,False,example.txt:11496
Losorffa,1,False,example.txt:821
Losselmiczanka,1,True,example.txt:29446
Lotendinatoris,1,False,example.txt:25196
Louicanus,2,False,example.txt:27444; example.txt:27454
Louincowna,1,False,example.txt:32091
Louitampiam,1,False,example.txt:12623
Lovatolski,1,False,example.txt:18090
Lowbersu,2,False,example.txt:17096; example.txt:17108
Lowicowska,1,False,example.txt:52146
Lowodoro,1,False,example.txt:13382
Loxerimui,1,False,example.txt:45767
Loxynesa,1,False,example.txt:32959
Loykonowska,1,False,example.txt:29518
Loykoroska,1,False,example.txt:13651
Loykowska,1,False,example.txt:32759
Loykowszka,1,True,example.txt:22051
Lozalie,1,False,example.txt:17237
Lozijnczonisz,1,True,example.txt:32557
Lozinczowna,1,True,example.txt:32142
Lozynczowna,1,True,example.txt:32139
Lubaiomski,1,False,example.txt:37427
Lubelski,1,False,example.txt:23688
Lubelskich,1,False,example.txt:44623
Lubelskiego,2,False,example.txt:18919; example.txt:23690
Lubemianka,1,False,example.txt:37555
Lubemysla,1,False,example.txt:37542
Lubkome,1,False,example.txt:34044
Lubystops,1,False,example.txt:26201
Lucerna,1,False,example.txt:11864
Lucernae,1,False,example.txt:22014
Luchadzic,1,True,example.txt:8500
Luchadzu,1,True,example.txt:8486
LuchineliaAct,1,False,example.txt:37301
Lucilovicum,1,False,example.txt:18570
Lucilski,1,False,example.txt:18567
Lucimrowskae,1,False,example.txt:48757
Lucincowa,1,False,example.txt:32148
Lucretiam,1,False,example.txt:36479
Luczoriae,1,True,example.txt:5239
Luczylowicz,1,True,example.txt:40056
Luczytha,1,True,example.txt:36906
Ludaszek,1,True,example.txt:24792
Ludomilski,1,False,example.txt:17129
Luedomiedo,1,False,example.txt:21489
Luedzmiedo,2,True,example.txt:21482; example.txt:21492
Luenstog,2,False,example.txt:16212; example.txt:16213
Luidomiedo,1,False,example.txt:21474
Luiskona,1,False,example.txt:27525
Lukasciek,1,False,example.txt:42673
Lukowiec,1,False,example.txt:39306
Lukswier,1,False,example.txt:39350
Lulaxamicia,1,False,example.txt:32987
Lulikowiensis,1,False,example.txt:25794
Lulynscy,1,False,example.txt:4442
Lunasowskie,1,False,example.txt:27462
Lunatowskie,2,False,example.txt:21121; example.txt:21122
Lupczonni,1,True,example.txt:39971
Lupkonim,1,False,example.txt:27670
Lupkonowany,1,False,example.txt:27668
Lupnarowskiey,1,False,example.txt:49814
Lupogomb,1,False,example.txt:27719
Lupreski,1,False,example.txt:22135
Lupskiego,1,False,example.txt:22542
Lupskonisa,1,False,example.txt:27666
Lurchy,1,False,example.txt:27999
Lurincowa,1,False,example.txt:32088
Lurincowei,1,False,example.txt:28252
Lurincowic,2,False,example.txt:39543; example.txt:39546
Lurincowna,2,False,example.txt:3596; example.txt:3599
Lurinczowa,2,True,example.txt:28257; example.txt:28258
Lurinska,1,False,example.txt:3588
Lurynczowska,1,True,example.txt:3602
Lusczanka,1,True,example.txt:25808
Lusijza,1,False,example.txt:29496
Lusimierza,1,True,example.txt:3311
Luxinconna,1,False,example.txt:27586
Luxinconnam,1,False,example.txt:27584
Luxinconowska,1,False,example.txt:27587
Luxinczomber,1,True,example.txt:32521
Luxinowna,1,False,example.txt:12493
Luxinrowska,1,False,example.txt:20257
Luxoroso,1,False,example.txt:23519
Luzamista,1,False,example.txt:40125
Luzanconna,2,False,example.txt:33070; example.txt:33074
Luzyskomis,1,False,example.txt:25196
Lwassek,2,False,example.txt:20403; example.txt:20405
Lwibarski,1,False,example.txt:13048
Lwkoncki,1,False,example.txt:16604
Lwowscensis,1,False,example.txt:34724
Lychaczek,1,True,example.txt:42697
Lychen,1,False,example.txt:43432
Lynczubernia,1,True,example.txt:49336
Lysianka,1,False,example.txt:41240
Lysmianka,1,False,example.txt:18834
Lysonnik,1,False,example.txt:35907
Lzaszczoniski,1,True,example.txt:25628
Lzawrecki,1,False,example.txt:40243
Lzayzerowna,2,False,example.txt:18170; example.txt:18175
Lzusseczki,1,True,example.txt:15999
MARAFITANS,1,False,example.txt:13400
MATWIEIOWA,1,False,example.txt:7522
Macedonia,2,False,example.txt:16369; example.txt:16387
Machalianka,1,False,example.txt:25775
Machowiczowi,1,True,example.txt:37084
Macieia,1,False,example.txt:11147
Macieina,2,False,example.txt:10997; example.txt:10998
Maciejowic,1,False,example.txt:45104
Maciejum,1,False,example.txt:5284
Macierko,1,False,example.txt:39391
Macinkowi,1,False,example.txt:33179
Macsiwic,1,False,example.txt:37036
Macursha,1,False,example.txt:39515
Maczkowy,1,True,example.txt:29798
Madonius,1,False,example.txt:45887
Madronize,1,False,example.txt:17981
Magdebursphie,1,False,example.txt:22920
Maidebuiskie,1,False,example.txt:11183
Maidebur,1,False,example.txt:43337
Maideburskim,1,False,example.txt:41842
Maikowo,1,False,example.txt:23345
Maioszui,1,True,example.txt:45283
Maiszowi,1,True,example.txt:45252
Makabi,1,False,example.txt:2790
Malarskim,1,False,example.txt:50535
Malborski,1,False,example.txt:3660
Malcher,2,False,example.txt:18565; example.txt:28796
Maldrzu,1,True,example.txt:45304
Maleczow,1,True,example.txt:35293
Malendowia,1,False,example.txt:10864
Malendowiowi,1,False,example.txt:10868
Maletsow,1,False,example.txt:45894
Malgorzata,1,True,example.txt:33679
Malianz,1,False,example.txt:40399
Malianzow,1,False,example.txt:40404
Maliarbow,1,False,example.txt:23429
Maliarze,1,True,example.txt:50545
Maliszowna,1,True,example.txt:7505
Malpikow,1,False,example.txt:30362
Malucoris,1,False,example.txt:48047
Malusiam,1,False,example.txt:45116
Malutza,2,False,example.txt:10747; example.txt:10747
Mantelowego,1,False,example.txt:17331
Manuelowi,1,False,example.txt:11148
ManusSua,1,False,example.txt:7547
Maramerz,1,True,example.txt:18200
Maranczyn,1,True,example.txt:22753
Marankonsio,1,False,example.txt:18201
Marcinchowska,1,False,example.txt:8309
Marcinkowski,1,False,example.txt:40280
Marcinowi,2,False,example.txt:4012; example.txt:41482
Marcinową,1,True,example.txt:38497
Marcinswic,1,False,example.txt:18190
Marciorowna,1,False,example.txt:14001
Marcuscae,1,False,example.txt:1244
Marczala,1,True,example.txt:2861
Marianna,1,False,example.txt:4328
MarienBiska,1,False,example.txt:33641
Mariuscham,1,False,example.txt:1240
Markeswic,1,False,example.txt:42758
Markornis,2,False,example.txt:38461; example.txt:38464
Markousi,1,False,example.txt:42906
Marsilnosci,1,False,example.txt:17024
Marsupiarii,1,False,example.txt:52427
Marszalek,1,True,example.txt:41235
Marszałkiem,1,True,example.txt:37373
Martswic,2,False,example.txt:28878; example.txt:37946
Marusscha,1,False,example.txt:45149
Marusska,2,False,example.txt:46315; example.txt:46316
Maruszka,2,True,example.txt:21114; example.txt:21116
Maruszkę,1,True,example.txt:4253
Marusznae,1,True,example.txt:27549
Maruszy,1,True,example.txt:44825
Masamiecz,1,True,example.txt:29573
Masleura,1,False,example.txt:21741
Masliewic,1,False,example.txt:50765
Masorichi,1,False,example.txt:45847
Mastarnie,1,False,example.txt:33439
Masterisonides,1,False,example.txt:14661
Masweise,1,False,example.txt:47677
Maszgeri,1,True,example.txt:2604
Maszkowskiego,1,True,example.txt:40515
Matheassowa,1,False,example.txt:7509
Mathiasonowa,1,False,example.txt:12299
Mathiasszowska,1,True,example.txt:35684
Mathiaszowic,1,True,example.txt:17166
Mathiaszowicz,2,True,example.txt:17168; example.txt:17193
Mathijssowicz,2,True,example.txt:33780; example.txt:33782
Mathyasem,1,False,example.txt:15569
Matiasowna,1,False,example.txt:29429
Matiasowska,1,False,example.txt:918
Matiassowic,2,False,example.txt:8768; example.txt:8770
Matiaszka,1,True,example.txt:40527
Matiosowska,1,False,example.txt:44111
Matissowska,1,False,example.txt:41972
Matiszonuicz,1,True,example.txt:22618
Mattheum,1,False,example.txt:36450
Matuszka,1,True,example.txt:22702
Matydow,1,False,example.txt:22466
Matyjsowska,1,False,example.txt:22691
Matysowna,1,False,example.txt:22643
Matysowszka,1,True,example.txt:22374
Matyszowna,1,True,example.txt:22592
Maurocordati,1,False,example.txt:3483
Mauwiel,1,False,example.txt:45238
Mauxkowat,1,False,example.txt:15215
Maxamier,2,False,example.txt:38536; example.txt:38539
Maximowic,2,False,example.txt:18799; example.txt:39030
Maystrowi,1,False,example.txt:30737
Mazanis,1,False,example.txt:25733
Mazgałowa,1,True,example.txt:20036
Mazkoney,1,False,example.txt:30167
Mazurawiat,1,False,example.txt:36588
Mazurcowa,1,False,example.txt:20718
Mazuronic,1,False,example.txt:36625
Mazurowna,1,False,example.txt:25081
Małyssa,1,True,example.txt:14809
Mecblik,1,False,example.txt:36248
Medelana,1,False,example.txt:29405
Medelosy,1,False,example.txt:29407
Medelosynska,2,False,example.txt:29407; example.txt:29410
Medelosynski,1,False,example.txt:29419
Medhaff,2,False,example.txt:49672; example.txt:49682
Melchero,1,False,example.txt:4156
Melchiorowska,1,False,example.txt:5442
Mendelski,2,False,example.txt:17212; example.txt:17378
Meredago,1,False,example.txt:22152
Mesijze,1,False,example.txt:15582
Metropo,1,False,example.txt:16814
Metropoli,1,False,example.txt:2014
Meydelszynski,1,True,example.txt:24843
Meyslowski,1,False,example.txt:38914
Miaminka,1,False,example.txt:5388
Miasteczka,1,True,example.txt:26405
Miasterczka,2,True,example.txt:26424; example.txt:26425
Miazgaiowa,1,False,example.txt:20046
Miazgay,1,False,example.txt:20039
Michaylowy,2,False,example.txt:25353; example.txt:25354
Micinska,1,False,example.txt:26269
Micloska,1,False,example.txt:38351
Micsalowsczanka,1,True,example.txt:42283
Miechow,2,False,example.txt:15645; example.txt:43697
Miecscaminowi,1,False,example.txt:3965
Miednicze,1,True,example.txt:22534
Miedzianys,1,True,example.txt:22529
Miedziiboz,2,True,example.txt:24416; example.txt:24432
Miedzirzecensis,1,True,example.txt:38028
Miedzyboza,1,True,example.txt:8300
Miedzyboze,1,True,example.txt:13780
Mieldzinskique,1,True,example.txt:35339
Mierkorosski,1,False,example.txt:12121
Mierkow,1,False,example.txt:24251
Mieshkayac,1,False,example.txt:23804
Miestrzewiei,1,True,example.txt:47796
Mikulinskiemu,2,False,example.txt:44799; example.txt:44812
Mikulinsky,2,False,example.txt:44825; example.txt:44825
Mikulomie,2,False,example.txt:37536; example.txt:37538
Mileskonowna,1,False,example.txt:36781
Milieczko,1,True,example.txt:34036
Millolibere,1,False,example.txt:2971
Miloszek,1,True,example.txt:32369
Milszini,1,True,example.txt:810
Miltorossili,1,False,example.txt:13886
Milyrushki,1,False,example.txt:145
Mincorina,1,False,example.txt:34714
Minczowa,1,True,example.txt:34696
Miodoborski,1,False,example.txt:15328
Mironesi,1,False,example.txt:20650
Miroslaum,1,False,example.txt:33795
Mirowicza,1,True,example.txt:5800
Mishkowa,1,False,example.txt:36724
Mislikowa,1,False,example.txt:43856
Mistrzossimonowna,1,True,example.txt:51757
Mistrzoszi,1,True,example.txt:51751
Miszkot,1,True,example.txt:47198
Miszkotowicz,1,True,example.txt:47190
Miszkowscensis,1,True,example.txt:47186
Mitrowius,1,False,example.txt:34082
Mixorinska,1,False,example.txt:9612
Mięczki,1,True,example.txt:36333
Mleczela,1,True,example.txt:41579
Mlieczki,1,True,example.txt:34018
Mlieczko,1,True,example.txt:15087
Mlisossimonsowna,2,False,example.txt:51829; example.txt:51861
Mlniscy,1,False,example.txt:24576
Mlochowic,1,False,example.txt:47022
Mlodziki,1,True,example.txt:10682
Mlykotowskam,1,False,example.txt:46806
Mlynarza,1,True,example.txt:30430
Mlynarzem,1,True,example.txt:4248
Mlynskie,1,False,example.txt:37337
Mlystowskiea,1,False,example.txt:46798
Mniszchowi,1,True,example.txt:28011
Mniszowe,1,True,example.txt:50812
Mnozaneta,1,False,example.txt:31621
Moczarsziska,1,True,example.txt:23077
Modelczina,1,True,example.txt:50154
Moganczowna,1,True,example.txt:33083
Moisteski,1,False,example.txt:17210
Moladika,1,False,example.txt:14277
MoledzinatorumAnali,1,True,example.txt:3333
Molendinatorem,1,False,example.txt:48209
Molendinatori,1,False,example.txt:6611
Moniecki,1,False,example.txt:13951
Monieczki,1,True,example.txt:13952
Morawcki,1,False,example.txt:21729
Morawskich,1,False,example.txt:1305
Mordochay,1,False,example.txt:43594
Mordochaypossidet,1,False,example.txt:43598
Morszyskapha,1,True,example.txt:2490
Moryszka,2,True,example.txt:7798; example.txt:50941
Moryszkowska,1,True,example.txt:3140
Mosalchi,1,False,example.txt:43388
Moschkonis,1,False,example.txt:24853
Mosculski,2,False,example.txt:49067; example.txt:50941
Mosiężnego,1,True,example.txt:33050
Moskiensi,1,False,example.txt:33573
Moskivski,1,False,example.txt:44308
Mosockii,1,False,example.txt:40828
Mosreionouiz,1,False,example.txt:30775
Mosseiowa,1,False,example.txt:52508
Mostrichi,1,False,example.txt:45828
Moszcho,1,True,example.txt:24859
Moszkiem,1,True,example.txt:1052
Moszkone,1,True,example.txt:132
Moszkonem,1,True,example.txt:1814
Motoviczki,1,True,example.txt:19628
Mozanczorowna,1,True,example.txt:25731
Mozgowiec,1,False,example.txt:1195
Mroszkienouicz,1,True,example.txt:21746
Msciami,1,False,example.txt:50816
Mszczonowska,1,True,example.txt:47149
Mszczonowski,1,True,example.txt:47158
Mucbaier,1,False,example.txt:5172
MuchalowskiComparens,1,False,example.txt:15286
Mulinika,1,False,example.txt:20191
Municipij,1,False,example.txt:31871
Murawski,1,False,example.txt:7751
Mursaiem,2,False,example.txt:38394; example.txt:38397
Mursaieru,1,False,example.txt:33000
Musaicza,1,True,example.txt:40568
Musbaierowy,1,False,example.txt:33051
Musbaieru,1,False,example.txt:33052
Muscatela,2,False,example.txt:8573; example.txt:8577
Muscatele,2,False,example.txt:8595; example.txt:8609
Muscatelle,1,False,example.txt:16624
Musconium,1,False,example.txt:5473
Muscouic,1,False,example.txt:48903
Muscouium,1,False,example.txt:52077
Muscouius,1,False,example.txt:8077
Muscovinum,1,False,example.txt:34153
Muscovium,2,False,example.txt:38312; example.txt:52218
Muscowius,1,False,example.txt:2447
Musiikowa,1,False,example.txt:42882
Musrowium,1,False,example.txt:14171
Mustouium,1,False,example.txt:14218
Musyka,1,False,example.txt:42888
Muszalowsczanka,1,True,example.txt:36226
Mydeliczynski,1,True,example.txt:22708
Mydelskyms,1,False,example.txt:24838
Mydlar,1,False,example.txt:38345
Mydliarczanka,1,True,example.txt:26838
Myskowskiego,1,False,example.txt:38361
Myslewic,1,False,example.txt:44298
Myslewiec,1,False,example.txt:50759
Myssowski,1,False,example.txt:14414
Mytnikiem,1,False,example.txt:20664
Mytrosiy,1,False,example.txt:8290
Mziestwic,1,False,example.txt:44265
Mzikots,1,False,example.txt:24978
Mzykcoto,1,False,example.txt:44262
Mzykot,2,False,example.txt:24970; example.txt:24998
Mzykoto,1,False,example.txt:44286
Nachmansuae,1,False,example.txt:13933
Nackeska,1,False,example.txt:533
Nadlowska,1,False,example.txt:21917
Nadworna,1,False,example.txt:45571
Naismanum,1,False,example.txt:27621
Nakszowska,1,True,example.txt:49311
Nalewajka,1,False,example.txt:40655
Naliewayka,1,False,example.txt:40578
Namiestem,1,False,example.txt:24391
Nanczicut,1,True,example.txt:401
Nanoxk,1,False,example.txt:14828
Napalski,1,False,example.txt:11166
Napoyol,1,False,example.txt:22136
Naprzodkuis,1,True,example.txt:14089
Narozma,1,False,example.txt:28528
Nartmanowego,1,False,example.txt:12864
Natsmanum,2,False,example.txt:43154; example.txt:43156
Natylye,1,False,example.txt:18405
Naumowicz,1,True,example.txt:52529
Navoroth,2,False,example.txt:14775; example.txt:14779
Nawaraiski,1,False,example.txt:16869
Nawarcik,1,False,example.txt:16886
Nawareiska,2,False,example.txt:4081; example.txt:4085
Negasolis,1,False,example.txt:19778
Nemeciensi,1,False,example.txt:21461
Neuridego,2,False,example.txt:14058; example.txt:14068
Neuridifratrum,1,False,example.txt:16354
Neuxedum,1,False,example.txt:23755
Niamianowska,1,False,example.txt:10335
Nianswsci,1,False,example.txt:41408
Niduarta,1,False,example.txt:26834
Niedoniedo,2,False,example.txt:28553; example.txt:28557
Niedswiedska,1,False,example.txt:16984
Niedswiedski,1,False,example.txt:16985
Niedzwidz,2,True,example.txt:10364; example.txt:10367
Niedzwieczowa,1,True,example.txt:28547
Niedzwiedzkowa,1,True,example.txt:21454
Niedzwiedzowa,1,True,example.txt:21451
Nielomicz,1,True,example.txt:18579
Niemiecka,2,False,example.txt:11659; example.txt:11764
Niemieckiego,2,False,example.txt:33000; example.txt:36249
Nienachodzac,1,True,example.txt:29817
Nienitor,1,False,example.txt:15920
Niepowinienem,1,False,example.txt:16748
Niesterskiey,1,False,example.txt:8608
Nieszczesnego,1,True,example.txt:29883
Niewiasta,1,False,example.txt:36310
Niewroso,1,False,example.txt:23536
Nihiliam,1,False,example.txt:38959
Nikolaismo,1,False,example.txt:12535
Nilusiwic,1,False,example.txt:5245
Nimatnambam,1,False,example.txt:15881
Nistelek,1,False,example.txt:33009
Niszczinskiemu,1,True,example.txt:43041
Niucamman,1,False,example.txt:5685
Nodenki,1,False,example.txt:17274
Norbekowi,1,False,example.txt:41815
Nossacski,1,False,example.txt:22069
Nostang,2,False,example.txt:32978; example.txt:32979
Nosthenda,1,False,example.txt:19612
Notariale,1,False,example.txt:45842
Notaryowska,1,False,example.txt:19568
Notissimi,1,False,example.txt:30074
Notoslamoski,1,False,example.txt:13408
Nouerastris,1,False,example.txt:35198
Novitampia,1,False,example.txt:12698
Nowakowa,1,False,example.txt:5994
Nowcaymani,1,False,example.txt:31711
Nowczyk,2,True,example.txt:13302; example.txt:42207
Nowodru,1,False,example.txt:40521
Nozyce,1,False,example.txt:36281
NucampiamComparens,1,False,example.txt:36165
Nudresis,1,False,example.txt:13818
Numahinem,1,False,example.txt:20886
Nuridzanowicz,1,True,example.txt:45911
Nutwser,1,False,example.txt:38907
Nuxydzianowicz,2,True,example.txt:37957; example.txt:37965
Obecznosczu,1,True,example.txt:24203
Obermawric,1,False,example.txt:47268
Oberski,1,False,example.txt:38158
Obiązuie,1,True,example.txt:38523
Oblesny,1,False,example.txt:7677
Obliesczny,1,True,example.txt:17008
Obloporosski,1,False,example.txt:19404
Obnażono,1,True,example.txt:33063
Obotouiensis,1,False,example.txt:2101
Obrocim,1,False,example.txt:11531
Obruneho,1,False,example.txt:31538
Obruszow,2,True,example.txt:33056; example.txt:36252
Obywatelstwa,1,False,example.txt:39933
Oczamlako,1,True,example.txt:12399
Oczaymiski,1,True,example.txt:23689
Oczesien,1,True,example.txt:31538
Oddaiemy,1,False,example.txt:14822
Odladzi,1,True,example.txt:11851
Ofmdziesiątka,1,True,example.txt:38514
Ojcziystych,1,True,example.txt:37079
Okasha,2,False,example.txt:41489; example.txt:41489
Olbrachtowskie,1,False,example.txt:3806
Olbrycht,1,False,example.txt:33679
Olchowna,1,False,example.txt:43280
Olchski,1,False,example.txt:6010
Olczniewski,1,True,example.txt:52960
Oleskonem,1,False,example.txt:35578
Olexieiowna,1,False,example.txt:44829
Olexiuszem,1,True,example.txt:31142
Olieszney,1,True,example.txt:40617
Oliuskna,2,False,example.txt:15688; example.txt:15692
Oliwnik,1,False,example.txt:7755
Olphnerowne,1,False,example.txt:43286
Olstinski,1,False,example.txt:37526
Omdalaly,1,False,example.txt:23858
Omdziesiąt,1,True,example.txt:36342
Omelian,1,False,example.txt:36933
Omeliana,1,False,example.txt:31700
Omeyszy,1,True,example.txt:33193
Omiszonowej,1,True,example.txt:26505
Onegdaj,1,False,example.txt:26037
Onoxowe,1,False,example.txt:36270
Onychema,1,False,example.txt:22352
Oolastniwa,1,False,example.txt:14808
Opatovio,1,False,example.txt:2079
Opristen,1,False,example.txt:33915
Oraczam,1,True,example.txt:31099
Orakabai,1,False,example.txt:22874
Oratoriorum,1,False,example.txt:13687
Ordyngowey,1,False,example.txt:50789
Ordyngowi,2,False,example.txt:50792; example.txt:50815
Oreniczkami,1,True,example.txt:36249
Organiceń,1,True,example.txt:20578
Organicinem,1,False,example.txt:47133
Organiscianis,1,False,example.txt:264
Organiscimis,1,False,example.txt:32720
Orgimionard,1,False,example.txt:22424
Orilorek,1,False,example.txt:27584
Oristheski,1,False,example.txt:28198
Ormanyka,2,False,example.txt:12147; example.txt:12157
Ormian,2,False,example.txt:18922; example.txt:40408
Ormianinowi,1,False,example.txt:33186
Ormianom,1,False,example.txt:9407
Ornatui,1,False,example.txt:28916
Orphanorum,1,False,example.txt:34529
Orszuli,1,True,example.txt:31852
Ortyloma,1,False,example.txt:24714
Oruitet,1,False,example.txt:27663
Orzechowskiego,1,True,example.txt:8374
Orzendmie,1,True,example.txt:30572
Orzulkowskiemu,1,True,example.txt:28781
Orzulykowskiego,1,True,example.txt:28794
Osiadla,1,False,example.txt:34625
Osiemset,1,False,example.txt:35033
Oskacius,1,False,example.txt:36331
Oskrocski,1,False,example.txt:37901
Osobiscie,1,False,example.txt:22184
Ostislo,1,False,example.txt:12004
Ostislowic,1,False,example.txt:11991
Ostislowit,1,False,example.txt:12001
Ostorha,1,False,example.txt:33084
Ostrochi,1,False,example.txt:32752
Ostrogiad,1,False,example.txt:24873
Ostrogienibus,1,False,example.txt:5945
Ostrogienses,1,False,example.txt:5970
Ostrogiensis,1,False,example.txt:5969
Ostromskiego,1,False,example.txt:18721
Ostrowiensem,1,False,example.txt:17170
Ostrowki,1,False,example.txt:37326
Ostrowski,2,False,example.txt:3680; example.txt:52414
Ostrowskiego,1,False,example.txt:18721
Ostrowszki,2,True,example.txt:51937; example.txt:51942
Osygalka,1,False,example.txt:4245
Oszogiensium,1,True,example.txt:25261
Othauie,1,False,example.txt:2116
Otrembos,2,False,example.txt:17602; example.txt:17608
Oulendoni,1,False,example.txt:31941
Ousponimami,1,False,example.txt:22351
Ovenechiey,1,False,example.txt:32964
Ovormiak,1,False,example.txt:23504
Owarzsany,1,True,example.txt:33200
Owdoczanki,1,True,example.txt:38390
Owsilgie,1,False,example.txt:17022
Oybidzic,1,True,example.txt:5024
Oychowey,1,False,example.txt:33438
Oyczyzny,1,True,example.txt:28021
Oziyskam,1,False,example.txt:37255
Oznaymuiemy,1,False,example.txt:43493
Oświadczam,1,True,example.txt:45572
PONTOLOS,2,False,example.txt:8623; example.txt:8627
PRACTICATIO,2,False,example.txt:4368; example.txt:27048
PaceComparens,1,False,example.txt:25625
Paciborowicz,1,True,example.txt:15708
Pacuncy,2,False,example.txt:30912; example.txt:30920
Padajcie,1,False,example.txt:30521
Paedagogum,1,False,example.txt:29397
Paiaiczka,1,True,example.txt:7697
Paicicii,1,False,example.txt:30849
Paileffouri,1,False,example.txt:49765
Paiączek,1,True,example.txt:21597
Palczewna,2,True,example.txt:47038; example.txt:47040
Paleologo,1,False,example.txt:16377
Pallatinatus,1,False,example.txt:40433
Palmatas,1,False,example.txt:46408
Paluch,2,False,example.txt:26646; example.txt:26660
Palurbonszkie,1,True,example.txt:24929
Panculanka,1,False,example.txt:31700
Panewek,1,False,example.txt:33058
Pannicidae,2,False,example.txt:4703; example.txt:4716
Pannicidam,1,False,example.txt:13766
Papiricalis,1,False,example.txt:45883
Paraszczam,1,True,example.txt:28574
Paratislavia,1,False,example.txt:4165
Parczdszierski,1,True,example.txt:17602
Parellens,1,False,example.txt:28033
Parochialem,1,False,example.txt:41539
Parocho,1,False,example.txt:1835
Paromiej,1,False,example.txt:13585
Parowano,1,False,example.txt:17241
Parricida,2,False,example.txt:24417; example.txt:28939
Parricidae,1,False,example.txt:1334
Parteniam,1,False,example.txt:21915
Paruscae,1,False,example.txt:262
Parvalskowska,1,False,example.txt:51180
Parymek,1,False,example.txt:5773
Parzymby,1,True,example.txt:23944
Pascharum,1,False,example.txt:36509
Pasculkonoska,1,False,example.txt:40224
Pasieczko,1,True,example.txt:28683
Pasieką,1,True,example.txt:4270
Pastromam,1,False,example.txt:2458
Pastuszka,2,True,example.txt:15490; example.txt:15492
Paszkoski,1,True,example.txt:49600
Patricii,1,False,example.txt:49152
Patrocinium,1,False,example.txt:39759
Patronowat,1,False,example.txt:6469
Patrzac,1,True,example.txt:6344
Pauczanska,1,True,example.txt:50218
Paulonem,1,False,example.txt:52977
Paulowal,1,False,example.txt:34639
Pavellem,1,False,example.txt:27275
Pawellens,1,False,example.txt:29233
Pawiorki,1,False,example.txt:33038
Pawlowska,1,False,example.txt:26368
Pańskiem,1,True,example.txt:37090
Pechkouic,1,False,example.txt:43398
Pechowski,1,False,example.txt:52293
Peczenka,1,True,example.txt:2260
Peczoldum,1,True,example.txt:40333
Pekocki,2,False,example.txt:30338; example.txt:30345
Pekockiem,1,False,example.txt:30353
Pelcina,1,False,example.txt:52599
Pelczynskiana,1,True,example.txt:12307
Pellifex,2,False,example.txt:3226; example.txt:43314
Peltrino,1,False,example.txt:12201
Penaliesty,1,False,example.txt:26132
Pendenteque,1,False,example.txt:21171
Peralicai,1,False,example.txt:31676
Perdicam,1,False,example.txt:36424
Perdicariowa,1,False,example.txt:51276
Perillustrem,1,False,example.txt:26356
Perlicii,1,False,example.txt:9088
Peserbic,1,False,example.txt:40831
Peszardom,1,True,example.txt:38354
Petijtque,1,False,example.txt:31550
PetriJesierski,1,False,example.txt:4524
Petricium,1,False,example.txt:43466
Petrinarium,1,False,example.txt:8455
Petrusium,1,False,example.txt:35680
Petytque,1,False,example.txt:26387
Pexand,1,False,example.txt:22421
Pharmacopolam,1,False,example.txt:4558
Philosophiae,2,False,example.txt:17472; example.txt:20011
Phisicatorum,1,False,example.txt:32711
Phutonius,1,False,example.txt:42225
Physykowie,1,False,example.txt:23332
Piasecki,1,False,example.txt:25311
Piaseczski,1,True,example.txt:38438
Piaskowy,1,False,example.txt:21224
Piassecki,1,False,example.txt:30371
Piasseczki,1,True,example.txt:22256
Picataniec,2,False,example.txt:9603; example.txt:9605
Pidsamicensi,1,False,example.txt:14704
Pieczonka,2,True,example.txt:46886; example.txt:46892
Piekoszyka,1,True,example.txt:22152
Pieniackich,1,False,example.txt:11872
Pierfion,1,False,example.txt:17263
Pierotay,1,False,example.txt:34061
Piersciot,1,False,example.txt:11621
Pierzyn,2,True,example.txt:33052; example.txt:33053
Pierzścioneczek,1,True,example.txt:33032
Pietrzata,1,True,example.txt:7938
Piexsonosski,1,False,example.txt:14394
Pihaldim,1,False,example.txt:20044
Pileabricis,1,False,example.txt:44904
Pilissko,1,False,example.txt:19248
Pincernae,1,False,example.txt:23665
Pindko,1,False,example.txt:50890
Pirmorozdny,1,False,example.txt:20878
Pirotonia,1,False,example.txt:18883
Pirożka,1,True,example.txt:26408
Pisarzowi,2,True,example.txt:43516; example.txt:44800
Pisczyj,1,True,example.txt:25416
Piskorzewic,1,True,example.txt:411
Pissarek,1,False,example.txt:12684
Pistopienie,1,False,example.txt:21654
Pistricis,1,False,example.txt:17742
Piszczańcza,1,True,example.txt:29915
Pividovi,1,False,example.txt:46634
Piątego,2,True,example.txt:9413; example.txt:40733
Plachowa,1,False,example.txt:39664
Placidum,1,False,example.txt:11922
Placskowa,1,False,example.txt:48449
Placszowa,1,True,example.txt:48446
Placzek,1,True,example.txt:37850
Placzkowa,1,True,example.txt:37842
Plamiczki,2,True,example.txt:37981; example.txt:37994
Planatori,1,False,example.txt:10238
Plannember,1,False,example.txt:11025
Plastrario,1,False,example.txt:27706
Plattylze,1,False,example.txt:18448
Plausoli,1,False,example.txt:48457
Plautinae,1,False,example.txt:2978
Plebanowna,1,False,example.txt:26292
Plebiruli,1,False,example.txt:29015
Plemptens,1,False,example.txt:31689
Plendlowi,1,False,example.txt:41492
Plenomotus,1,False,example.txt:42977
Plerique,1,False,example.txt:47305
Pliotrzego,1,True,example.txt:23736
Plocienka,1,False,example.txt:32965
Ploskarzbu,1,True,example.txt:24208
Ploskicki,1,False,example.txt:5872
Ploskonki,1,False,example.txt:44187
Plugoor,1,False,example.txt:35116
Plurario,1,False,example.txt:4858
Pluteorum,1,False,example.txt:6968
Plytkie,1,False,example.txt:9573
Pmieyissey,1,False,example.txt:22422
Poborowana,1,False,example.txt:8714
Poborowi,2,False,example.txt:8602; example.txt:8603
Pocellen,1,False,example.txt:25750
Poczylek,1,True,example.txt:3334
Podensia,1,False,example.txt:29231
Podgrodzkiem,1,True,example.txt:37329
Podhayce,1,False,example.txt:33950
Podlachia,1,False,example.txt:35295
Podlekiem,1,False,example.txt:25010
Podlesni,1,False,example.txt:41955
Podlesny,2,False,example.txt:41957; example.txt:41985
Podleszny,1,True,example.txt:33876
Podliesczny,1,True,example.txt:33770
Podliesnij,1,False,example.txt:22679
Podlieszny,1,True,example.txt:22554
Podliszny,1,True,example.txt:22620
Podmiesciem,1,False,example.txt:37329
Podobszna,1,True,example.txt:38400
Podorylko,2,False,example.txt:10386; example.txt:10394
Podsadek,1,False,example.txt:45574
Podskarbi,1,False,example.txt:23688
Podskarbiemu,1,False,example.txt:8604
Podskarbiy,1,False,example.txt:23701
Podsklepu,1,False,example.txt:7122
Podwoiewodszemu,1,True,example.txt:8603
Podzielney,1,True,example.txt:26032
Pohliczki,2,True,example.txt:36050; example.txt:36054
Poiadacze,1,True,example.txt:24389
Poictet,1,False,example.txt:47198
Polakami,1,False,example.txt:24051
Polamscij,1,False,example.txt:22826
PolonicalisPudica,1,False,example.txt:1268
Polonicalisauxit,1,False,example.txt:32414
Pomaranczowego,1,True,example.txt:5179
Pomarzanska,1,True,example.txt:15461
Pomazerski,1,False,example.txt:27169
Pomniącz,1,True,example.txt:22390
Pomorzanska,1,True,example.txt:15471
Pompeiis,1,False,example.txt:12373
Pompeium,2,False,example.txt:16539; example.txt:16564
Ponczochow,1,True,example.txt:32975
Ponderatoris,1,False,example.txt:34148
Pontifex,1,False,example.txt:37184
Poposoi,1,False,example.txt:6046
Popręgow,1,True,example.txt:13844
Popychaczom,1,True,example.txt:11876
Porroque,1,False,example.txt:44761
Porteniam,1,False,example.txt:38220
Porzewek,2,True,example.txt:36253; example.txt:36254
Porętowsky,1,True,example.txt:29031
Posbednie,1,False,example.txt:33445
Posesyey,1,False,example.txt:12881
Poslanstwa,1,False,example.txt:17250
Poslasch,1,False,example.txt:26155
Posnania,2,False,example.txt:15357; example.txt:15469
Posnaniczyk,1,True,example.txt:5479
Posnaniensi,2,False,example.txt:15470; example.txt:41575
Posnaniensis,1,False,example.txt:14990
Postilla,1,False,example.txt:11767
Poszewek,2,True,example.txt:11738; example.txt:33055
Poszlakże,2,True,example.txt:33644; example.txt:33651
Poszycie,1,True,example.txt:11701
Posłani,1,True,example.txt:14803
Poteczki,1,True,example.txt:13802
Potronoski,1,False,example.txt:36994
Powiednik,1,False,example.txt:26167
Powietrza,2,True,example.txt:3315; example.txt:8664
Poxnanusyk,1,False,example.txt:5471
Poyderkaffowys,1,False,example.txt:22402
Pozadowskiego,1,False,example.txt:29727
Poznanczik,1,True,example.txt:5993
Poznanczyk,2,True,example.txt:5996; example.txt:15267
Poznanik,1,False,example.txt:15277
Poznanilska,1,False,example.txt:41458
Pozwalaiąc,1,True,example.txt:42891
Połozayami,1,True,example.txt:26108
Praclupski,1,False,example.txt:44426
Praczmiski,1,True,example.txt:36592
Pradziadów,1,True,example.txt:10609
Praebilem,1,False,example.txt:47129
Praecaudutiones,1,False,example.txt:5386
Praepalatinus,1,False,example.txt:16535
Praiserownam,1,False,example.txt:8316
Prakrasowski,2,False,example.txt:11018; example.txt:11021
Pramysliensem,1,False,example.txt:18009
Praposzowi,1,True,example.txt:8104
Prawdziwey,2,True,example.txt:8688; example.txt:8897
PraxBod,1,False,example.txt:24277
Precapitanus,1,False,example.txt:25602
Prerogatywy,1,False,example.txt:8610
Prerogatywą,1,True,example.txt:8626
Privilegijssuis,1,False,example.txt:23082
Probozego,1,False,example.txt:11023
Probstentatis,1,False,example.txt:44353
Prochouiciam,1,False,example.txt:40438
Procopius,1,False,example.txt:37253
Procova,2,False,example.txt:12533; example.txt:12537
Proczykow,1,True,example.txt:39647
Prodecon,1,False,example.txt:3423
Professor,1,False,example.txt:52424
Prokhinym,1,False,example.txt:29856
Prolocu,2,False,example.txt:16197; example.txt:34776
Prominai,1,False,example.txt:22349
Propolscae,1,False,example.txt:6980
Proskopczemie,1,True,example.txt:21656
Prostoviensis,2,False,example.txt:18076; example.txt:18080
Prothasia,1,False,example.txt:43292
Prothophontes,1,False,example.txt:31610
Protonotarius,1,False,example.txt:46610
Protopopsceme,1,False,example.txt:19181
Protowower,1,False,example.txt:27824
Provinces,1,False,example.txt:34909
Prozyrek,1,False,example.txt:26919
Prschupien,1,False,example.txt:42124
Prsebory,1,False,example.txt:31221
Prusinowski,1,False,example.txt:29976
Pryskoczyli,1,True,example.txt:30674
Przechadszciana,1,True,example.txt:40172
Przeczsadeczynskie,2,True,example.txt:40186; example.txt:40198
Przedaweys,1,True,example.txt:8800
Przegandron,1,True,example.txt:29202
Przelozona,1,True,example.txt:28015
Przemyshlu,1,True,example.txt:33176
Przemysky,1,True,example.txt:8304
Przemyslia,1,True,example.txt:14278
Przemyslu,1,True,example.txt:8302
Przendkich,1,True,example.txt:24284
Przenorowscensis,1,True,example.txt:38940
Przeoboszcz,1,True,example.txt:26186
Przesciarad,1,True,example.txt:11739
Przesdziewiskiego,1,True,example.txt:12162
Przesdziewokiego,1,True,example.txt:12148
Przetożby,1,True,example.txt:23397
Prziyimiemy,1,True,example.txt:40407
Prziyivileiu,1,True,example.txt:40406
Przybicz,1,True,example.txt:19629
Przybiegłem,1,True,example.txt:30822
Przybylo,2,True,example.txt:7525; example.txt:34038
Przybylski,1,True,example.txt:48210
Przychulm,1,True,example.txt:153
Przyezaiu,1,True,example.txt:16942
Przygoda,1,True,example.txt:30545
Przyjacielowi,1,True,example.txt:36190
Przymil,1,True,example.txt:30017
Przysieznicy,1,True,example.txt:10855
Przysięznikom,1,True,example.txt:36211
Przysiężnik,1,True,example.txt:44825
Przysiężniki,1,True,example.txt:10633
Przyssyilnij,1,True,example.txt:34762
Przysuskim,1,True,example.txt:289
Przytyluski,2,True,example.txt:40529; example.txt:40556
Przyznawaleiąc,1,True,example.txt:24439
Psimpek,1,False,example.txt:3283
Pstrohons,1,False,example.txt:9566
Pstrohonski,1,False,example.txt:9592
Pstrokońsky,1,True,example.txt:10512
Pszoryltho,1,True,example.txt:11422
Pszorylthoska,2,True,example.txt:11417; example.txt:11419
Publicznego,2,True,example.txt:8602; example.txt:8603
Publiczny,1,True,example.txt:8599
Pucalorum,1,False,example.txt:37524
Pucerdzecerki,1,True,example.txt:20429
Puchan,1,False,example.txt:26984
Pudełko,1,True,example.txt:11768
Pudlow,1,False,example.txt:26836
Pufztart,1,False,example.txt:47417
Pugilarsykow,1,False,example.txt:33014
Pulcator,1,False,example.txt:48299
Pulchara,1,False,example.txt:47242
Pulkuwnie,1,False,example.txt:12164
Pullaneh,1,False,example.txt:25361
Pulstuczek,1,True,example.txt:32985
Pultisky,2,False,example.txt:47213; example.txt:47223
Pultozak,1,False,example.txt:32870
Puramista,1,False,example.txt:13700
Puskarcanka,1,False,example.txt:16510
Puskarczenkam,1,True,example.txt:26486
Puskarsow,1,False,example.txt:16515
Puskarzowna,1,True,example.txt:17073
Puskarzowska,2,True,example.txt:47322; example.txt:48270
Pusskarzowska,1,True,example.txt:46639
Puszkarki,2,True,example.txt:47316; example.txt:47346
Puszkarza,1,True,example.txt:47342
Puzanista,2,False,example.txt:36536; example.txt:36537
Pzeworskiem,1,False,example.txt:31978
Półbieswieradł,1,True,example.txt:33053
Półtus,1,True,example.txt:11724
Płachkowej,1,True,example.txt:36316
Płwirę,1,True,example.txt:22486
QUERCATIO,1,False,example.txt:33948
Quadragesi,1,False,example.txt:5770
Quadruplicando,1,False,example.txt:30024
Quaesturą,1,True,example.txt:29567
Quandzianowic,2,True,example.txt:41798; example.txt:41810
QuartoCoram,1,False,example.txt:18301
Quastinibus,1,False,example.txt:37715
Quatordecimvirali,1,False,example.txt:42044
Quemhro,1,False,example.txt:51496
Querimoniae,1,False,example.txt:21200
Quichonem,1,False,example.txt:14022
Quideinde,1,False,example.txt:20836
Quilonem,1,False,example.txt:50720
Quisminska,1,False,example.txt:37022
Quiveri,1,False,example.txt:20513
Quocirca,1,False,example.txt:45841
Radcowi,1,False,example.txt:1048
Radeckiem,1,False,example.txt:30160
Radeczkier,1,True,example.txt:27662
Radilewic,1,False,example.txt:52721
Radimson,1,False,example.txt:37245
Radnensis,1,False,example.txt:40213
Radorow,1,False,example.txt:33555
Radriszowski,1,True,example.txt:9684
Radwisch,2,False,example.txt:10922; example.txt:32189
Radwsa,1,False,example.txt:36854
Radwulski,1,False,example.txt:36801
Radxonicz,1,True,example.txt:20248
Radzczej,1,True,example.txt:29570
Radzerski,1,True,example.txt:13036
Radziewskiego,1,True,example.txt:26424
Radziminski,1,True,example.txt:44722
Radziwil,1,True,example.txt:24577
Radzkerz,1,True,example.txt:33669
Radzwieskiego,2,True,example.txt:30278; example.txt:30287
Rajcaus,1,False,example.txt:5992
Rajeczkie,1,True,example.txt:28678
Rajowia,1,False,example.txt:24143
Rakitna,1,False,example.txt:48156
Raphal,1,False,example.txt:30811
Rapkem,1,False,example.txt:33030
Raplar,1,False,example.txt:34401
Rathuszu,1,True,example.txt:38083
Ratussem,1,False,example.txt:29961
Ratuszem,1,True,example.txt:31123
Rausico,1,False,example.txt:42785
Ravenstog,1,False,example.txt:16250
Raxmily,1,False,example.txt:36291
Raycowie,1,False,example.txt:20119
Raymundi,1,False,example.txt:21248
Rebowalby,1,False,example.txt:35946
Rectszwic,1,True,example.txt:32047
Recznik,1,True,example.txt:11725
Rednarka,1,False,example.txt:51362
Regalibus,1,False,example.txt:37470
Regatolis,1,False,example.txt:16167
Regnando,1,False,example.txt:47647
Regnowany,1,False,example.txt:31897
Reimpugnaoem,1,False,example.txt:36005
Reinholdo,1,False,example.txt:12762
Rembowskim,1,False,example.txt:52868
Remeiensi,1,False,example.txt:21482
Remitenberg,1,False,example.txt:36394
Remyslia,1,False,example.txt:37533
Reputacyi,1,False,example.txt:31905
Retrouacuo,1,False,example.txt:35472
Reyman,1,False,example.txt:16971
Riadronoris,1,False,example.txt:36805
Rieboryka,1,False,example.txt:20635
Riexotami,1,False,example.txt:26154
Riloskowey,1,False,example.txt:39937
Rimasambati,1,False,example.txt:21600
Rlsykotowska,1,False,example.txt:48488
Robatinen,2,False,example.txt:1166; example.txt:1176
Robhedorf,1,False,example.txt:42311
Robitko,1,False,example.txt:45158
Rocaminie,1,False,example.txt:17321
Rochkow,1,False,example.txt:11203
Rochom,1,False,example.txt:33199
Rodzicem,1,True,example.txt:31896
Rogalski,1,False,example.txt:29657
Rogarsky,1,False,example.txt:47742
Rogasska,1,False,example.txt:15537
Rohatynskie,1,False,example.txt:37303
Rohatynskiego,1,False,example.txt:37305
Rohisky,1,False,example.txt:17023
Roiezowna,1,False,example.txt:2248
Rokitinia,1,False,example.txt:38051
Ropszyce,1,True,example.txt:10909
Roroczyk,1,True,example.txt:13283
Rosatiensem,1,False,example.txt:9102
Rosatinensis,1,False,example.txt:1153
Rosificem,1,False,example.txt:15242
Roskoskowska,1,False,example.txt:32556
Rothenmund,1,False,example.txt:38883
Rothmagni,1,False,example.txt:29949
Rothmagri,1,False,example.txt:12646
Rothmagro,1,False,example.txt:13408
Rotifex,1,False,example.txt:15217
Rotifixum,1,False,example.txt:15217
Rotiforum,1,False,example.txt:18728
Rotondus,1,False,example.txt:48317
Rotrygorum,1,False,example.txt:42499
Routalicy,1,False,example.txt:37021
Roynarem,1,False,example.txt:22509
Roysowska,1,False,example.txt:34206
Royuie,1,False,example.txt:38399
Rozicki,1,False,example.txt:17158
Rozmusowska,1,False,example.txt:43060
Rozmuszonki,1,True,example.txt:33169
Rozniczay,1,True,example.txt:40479
Roznoska,1,False,example.txt:49749
Rozpowiedzenie,1,True,example.txt:37125
Rozycki,1,False,example.txt:17159
Rudnikowy,1,False,example.txt:40553
Rudzynowicz,1,True,example.txt:13779
Rudzynskiem,1,True,example.txt:37328
RuicztoroCui,1,True,example.txt:48515
Ruorezego,2,False,example.txt:20635; example.txt:20644
Ruorezem,1,False,example.txt:20625
Ruorezi,2,False,example.txt:20635; example.txt:20638
Ruoreziemi,1,False,example.txt:20641
Ruscinska,1,False,example.txt:19713
Rusiecki,1,False,example.txt:16130
Ruskarcae,1,False,example.txt:48238
Rusneka,1,False,example.txt:40729
Rusnifze,1,False,example.txt:24838
RussieCivis,1,False,example.txt:42902
Russkiego,1,False,example.txt:17103
Ruszchiemi,1,True,example.txt:13862
Rusznice,1,True,example.txt:24267
RuthenumCitem,1,False,example.txt:30825
Rwbendet,1,False,example.txt:34986
Rybczany,1,True,example.txt:40717
Rybiczanka,1,True,example.txt:30523
Rybiczska,1,True,example.txt:29800
Rybistro,1,False,example.txt:32718
Rybuska,1,False,example.txt:31262
Rycerskich,1,False,example.txt:29785
Rycerskiego,1,False,example.txt:30966
Rychbanych,1,False,example.txt:36318
Rychlos,1,False,example.txt:33636
Rydlecka,1,False,example.txt:50823
Ryesyna,2,False,example.txt:45022; example.txt:45022
Rygensbur,1,False,example.txt:31095
Rymans,1,False,example.txt:16972
Rymasabbath,1,False,example.txt:20269
Rymmasab,1,False,example.txt:7700
Rymmasabbath,1,False,example.txt:20272
Rysich,1,False,example.txt:13831
Ryszkow,1,True,example.txt:6629
Rysznerom,1,True,example.txt:39979
Ryszytse,1,True,example.txt:40729
Rzebnicka,1,True,example.txt:22499
Rzeczypospolitey,2,True,example.txt:8032; example.txt:8692
Rzekotam,1,True,example.txt:26153
Rzemeslnikow,1,True,example.txt:48960
Rzemesnicy,2,True,example.txt:41703; example.txt:41704
Rzemieśnikach,1,True,example.txt:23417
Rzemikow,1,True,example.txt:33022
Rzemysl,1,True,example.txt:23368
Rzepewskiemu,1,True,example.txt:38578
Rzepkowsczanka,1,True,example.txt:44304
Rzesana,1,True,example.txt:8269
Rzesnin,1,True,example.txt:14939
Rzesowianka,1,True,example.txt:36866
Rzestanek,2,True,example.txt:10155; example.txt:10160
Rzeszonusca,1,True,example.txt:35680
Rzeszonuszka,2,True,example.txt:35683; example.txt:35686
Rzeszoviensis,1,True,example.txt:19090
Rzeszuwia,1,True,example.txt:45326
Rzeznika,1,True,example.txt:20122
Rzeźniczkiemi,1,True,example.txt:36188
Rzomnie,1,True,example.txt:10768
Rzprey,1,True,example.txt:29885
Rzymiel,1,True,example.txt:36004
Rzymiey,1,True,example.txt:50047
Rzymowego,1,True,example.txt:37373
Rządowym,1,True,example.txt:8979
Rączhalianka,1,True,example.txt:19494
Rękawiczek,1,True,example.txt:13837
Rękawy,1,True,example.txt:13841
SAPIZYNA,1,False,example.txt:34755
SCAMPSAI,1,False,example.txt:49042
SCHISIC,1,False,example.txt:34955
SCULTE,1,False,example.txt:11824
SIEWLUCZ,1,True,example.txt:16331
SMUCLIRS,1,False,example.txt:5457
STANLOWCZE,1,True,example.txt:20560
SUBZENSIS,1,False,example.txt:46778
SUPRALaurentius,1,False,example.txt:27515
SYPOZYTIOIS,1,False,example.txt:43691
Sabellico,1,False,example.txt:45710
Sabellinae,1,False,example.txt:13870
Sabitoremque,1,False,example.txt:10012
Sabonkowsky,1,False,example.txt:50225
SacraeRegiae,1,False,example.txt:19341
Sacraedotum,1,False,example.txt:10731
Sacrarii,1,False,example.txt:11498
Sacristanus,1,False,example.txt:43385
Sacrosan,1,False,example.txt:21405
Sacrosanctae,1,False,example.txt:33983
Sacrosanctis,1,False,example.txt:16669
Sacrosancto,1,False,example.txt:27672
Saczonai,1,True,example.txt:30565
Sadmatae,1,False,example.txt:8163
Sadolowskiego,1,False,example.txt:24207
Sadomici,1,False,example.txt:32695
Sadomicz,2,True,example.txt:32700; example.txt:38277
Sadomorz,1,True,example.txt:21044
Sadorzike,1,True,example.txt:13140
Sadownic,1,False,example.txt:33893
Saepedicto,1,False,example.txt:28844
Safianowych,1,False,example.txt:13876
Safianu,1,False,example.txt:40729
Safierskiem,1,False,example.txt:18444
Saitenis,1,False,example.txt:49712
Sakiada,1,False,example.txt:38332
Sakormise,1,False,example.txt:24286
Salcotowskie,1,False,example.txt:49154
Saloczoviensis,1,True,example.txt:47566
Salomeier,1,False,example.txt:3796
Salomonowemi,1,False,example.txt:28204
Salowoska,1,False,example.txt:42289
Salubrius,1,False,example.txt:46370
Saluiconductus,1,False,example.txt:25113
Saluskowi,1,False,example.txt:13999
Salwye,1,False,example.txt:13997
Samaszal,1,True,example.txt:30351
Samboriae,1,False,example.txt:8194
Samborski,2,False,example.txt:16971; example.txt:46885
Samerscinouienses,1,False,example.txt:7906
Samerscinouiensi,1,False,example.txt:7912
Saminska,1,False,example.txt:35850
Samlundiszurowy,1,True,example.txt:11638
Samoczwart,1,True,example.txt:30309
Samorstinoviensi,1,False,example.txt:6611
Samorstinoviensis,1,False,example.txt:6606
Samoscen,1,False,example.txt:17489
Samoscii,1,False,example.txt:20003
Samotnicz,1,True,example.txt:17156
Samowia,1,False,example.txt:8538
Samuszowska,1,True,example.txt:1774
Sandech,1,False,example.txt:2971
Sandiwic,1,False,example.txt:22284
Sandomierskiemu,1,False,example.txt:28012
Sandomirszka,1,True,example.txt:13704
Sandrowi,1,False,example.txt:41482
Saniecki,1,False,example.txt:7100
Sanoczne,1,True,example.txt:16927
Sapianik,1,False,example.txt:36607
Sapicola,1,False,example.txt:26753
Sapiezyna,2,False,example.txt:34458; example.txt:34462
Sapistyna,1,False,example.txt:35122
Sapiszyna,2,True,example.txt:34760; example.txt:35330
Sapricka,2,False,example.txt:33290; example.txt:33303
Sapriczka,1,True,example.txt:33349
Sapriczkam,1,True,example.txt:33355
Sapriczynska,1,True,example.txt:1622
Saprutha,1,False,example.txt:11088
Sapruthe,2,False,example.txt:11050; example.txt:11064
Sapryki,1,False,example.txt:42691
Saracenis,1,False,example.txt:22904
Sarbarczan,1,True,example.txt:18799
Sarbarczanka,1,True,example.txt:18799
Sarewog,1,False,example.txt:52082
Sarkiewicza,1,True,example.txt:44656
Sarniego,1,False,example.txt:33627
Sarnouecensi,2,False,example.txt:11221; example.txt:11226
Sarnouecensis,1,False,example.txt:11219
Sarpobiane,1,False,example.txt:23971
Sarpobiani,1,False,example.txt:23976
Sarsyshi,1,False,example.txt:42346
Sartaginis,1,False,example.txt:7314
Sartemus,2,False,example.txt:4385; example.txt:41571
Sasianne,1,False,example.txt:51533
Sasskie,1,False,example.txt:31880
Sasytki,1,False,example.txt:21879
Saubenscorda,1,False,example.txt:51507
Sautensis,1,False,example.txt:41599
Saxando,1,False,example.txt:11798
Saxditarie,1,False,example.txt:6907
Saydak,1,False,example.txt:40587
Saykomicz,1,True,example.txt:27742
Saytanowic,1,False,example.txt:18899
Scaborem,1,False,example.txt:37245
Scadnici,1,False,example.txt:43911
Scafrus,1,False,example.txt:38823
Scamnoralis,1,False,example.txt:39491
Scampiussores,1,False,example.txt:23356
Scapulski,1,False,example.txt:12771
Scarbimiria,1,False,example.txt:10929
Scaredonia,1,False,example.txt:12411
Scarlatiori,1,False,example.txt:2357
Scarnensis,2,False,example.txt:48699; example.txt:48730
Scauiss,1,False,example.txt:40908
Scavcziski,1,True,example.txt:35273
Scazborski,1,False,example.txt:40437
Sceblesowic,1,False,example.txt:52005
Scensarii,1,False,example.txt:42387
Sceplorowicz,2,True,example.txt:16393; example.txt:16395
Sceuxi,1,False,example.txt:23565
Schabert,1,False,example.txt:6215
Schalinska,1,False,example.txt:604
Schamfocij,1,False,example.txt:14653
ScharczikAd,1,True,example.txt:10767
Schascha,1,False,example.txt:4554
Schedulae,2,False,example.txt:1348; example.txt:1350
Schenstok,1,False,example.txt:16309
Schermannouic,1,False,example.txt:43284
Schinteronem,1,False,example.txt:12997
Schismatici,1,False,example.txt:21390
Schismaticorum,1,False,example.txt:21375
Schliachethnyich,1,False,example.txt:29867
Schliachtny,1,False,example.txt:29824
Schliarscherkim,1,False,example.txt:29856
Schlionkonis,2,False,example.txt:36960; example.txt:36964
Schmoszmieska,1,True,example.txt:18365
Scholasticos,1,False,example.txt:13642
Scholczonisska,1,True,example.txt:12129
Scholewster,1,False,example.txt:48340
Scholiarcha,1,False,example.txt:15585
Scholtowna,1,False,example.txt:50712
Schomewska,1,False,example.txt:52146
Schoraini,1,False,example.txt:24590
Schotczam,1,True,example.txt:2549
Schugiemi,1,False,example.txt:23539
Schysmaticorum,1,False,example.txt:21403
Sciborowsatisfactum,1,False,example.txt:4933
Scieczossany,1,True,example.txt:12476
Scierkowa,1,False,example.txt:52450
Scifiets,1,False,example.txt:28185
Scigielski,2,False,example.txt:28285; example.txt:28287
Scimboriowski,1,False,example.txt:40872
Scimento,1,False,example.txt:25683
Scimirkow,1,False,example.txt:21915
Scimirkowiensem,1,False,example.txt:21934
Sciouiensis,1,False,example.txt:1120
Scirbieli,1,False,example.txt:36847
Scismaticorum,1,False,example.txt:2587
Scismaticos,1,False,example.txt:24727
Scivolao,1,False,example.txt:39622
Scivolaus,1,False,example.txt:36153
Sciziam,1,False,example.txt:14365
Sclaidary,1,False,example.txt:17080
Scobciowski,2,False,example.txt:8122; example.txt:8125
Scobelariam,1,False,example.txt:8098
Scolarii,1,False,example.txt:3126
Scolarsa,1,False,example.txt:1121
Sconsistorum,1,False,example.txt:43102
Scostij,1,False,example.txt:14415
Scowrampiano,1,False,example.txt:12050
Scrabatario,1,False,example.txt:20059
Scripsysge,1,False,example.txt:22370
Scrobikem,1,False,example.txt:5976
Scrociszki,1,True,example.txt:29088
Scrufaber,1,False,example.txt:32408
Scrutator,1,False,example.txt:19855
Scrutearum,1,False,example.txt:41381
Sculteti,1,False,example.txt:43996
Sculteto,1,False,example.txt:26327
Scultetum,2,False,example.txt:19896; example.txt:47941
Scultetus,1,False,example.txt:16180
Scurolao,1,False,example.txt:23755
Sczaphinowska,1,True,example.txt:24761
Sczchuby,1,True,example.txt:4479
Sczekocscy,1,True,example.txt:29722
Sczekowskiego,1,True,example.txt:29877
Sczerbionka,1,True,example.txt:35781
Sczercecen,2,True,example.txt:34489; example.txt:34494
Scziczki,1,True,example.txt:19685
Sczirzbucz,1,True,example.txt:19677
Sczonifresor,2,True,example.txt:4889; example.txt:4907
Sczube,1,True,example.txt:29210
Sczyzbiczi,1,True,example.txt:19662
Sebastianowiczque,1,True,example.txt:35335
Seborff,2,False,example.txt:779; example.txt:800
Sedemnastie,1,False,example.txt:13873
Sedolowna,2,False,example.txt:50675; example.txt:50680
Sedsulka,1,False,example.txt:52508
Sedultowska,1,False,example.txt:3381
Sedzierfa,1,True,example.txt:52422
Seiuszowski,1,True,example.txt:2613
Selenczonowna,1,True,example.txt:17469
Selenkowskie,1,False,example.txt:3860
Seliadzi,1,True,example.txt:15563
Selionkowicz,1,True,example.txt:12298
Sembovis,1,False,example.txt:36864
Sembowicz,1,True,example.txt:10218
Semkowicz,1,True,example.txt:32936
Semouien,1,False,example.txt:18785
SempelComparens,1,False,example.txt:50826
Senatoru,1,False,example.txt:49619
Senephomis,1,False,example.txt:23776
Senescalli,1,False,example.txt:29089
Sepernij,1,False,example.txt:38160
Sepultor,2,False,example.txt:26679; example.txt:26707
Sepultori,1,False,example.txt:26688
Serafinska,2,False,example.txt:2943; example.txt:20271
Seraphinoski,1,False,example.txt:13289
Serapinska,1,False,example.txt:26368
Serapsinska,1,False,example.txt:7702
Sereblen,1,False,example.txt:52895
Sereditanas,1,False,example.txt:9738
Sereditrant,1,False,example.txt:48371
Serexphorouiz,1,False,example.txt:23920
Serryfici,1,False,example.txt:46543
Seruaciensi,1,False,example.txt:6559
Seruchius,1,False,example.txt:41161
Seserbrich,1,False,example.txt:46611
Sesinorosanka,1,False,example.txt:18512
Sesorbie,1,False,example.txt:9277
Severinus,1,False,example.txt:24881
Sewaste,1,False,example.txt:14109
Sexagintanorska,1,False,example.txt:16023
Sexcentesimo,2,False,example.txt:3475; example.txt:3794
Sexepho,2,False,example.txt:24031; example.txt:24118
Sexephomowicz,2,True,example.txt:23731; example.txt:23734
Sexepkonowicz,1,True,example.txt:24132
Sexmonys,1,False,example.txt:17264
Sexvirale,1,False,example.txt:20987
Shaveria,1,False,example.txt:20304
Shitayski,1,False,example.txt:36245
Shkliarskiego,1,False,example.txt:29883
ShroBinki,1,False,example.txt:23431
Siachnum,1,False,example.txt:20218
Siadkowicza,1,True,example.txt:33592
Sibotecta,1,False,example.txt:47124
Sibultana,1,False,example.txt:17099
Sicarzowa,1,True,example.txt:3497
Sichowien,1,False,example.txt:35792
Sicsow,1,False,example.txt:7296
Sictasowska,1,False,example.txt:43614
Sidorouiensi,1,False,example.txt:14740
Sidoxy,1,False,example.txt:27750
Siechierowski,1,False,example.txt:16118
Siedelczynski,1,True,example.txt:31463
Siedelczynskiego,1,True,example.txt:31467
Siedlarz,1,True,example.txt:16972
Siedlecka,1,False,example.txt:17770
Siedliczki,1,True,example.txt:17397
Siedlien,2,False,example.txt:17781; example.txt:17782
Siedmirat,1,False,example.txt:48925
Sielochowicz,1,True,example.txt:13706
Siemienskiemu,1,False,example.txt:1062
Sieminskiin,1,False,example.txt:123
Siemniei,1,False,example.txt:1035
Sienkorowska,1,False,example.txt:25773
Sienkowym,1,False,example.txt:44713
Siennanek,1,False,example.txt:52050
Sieradzki,1,True,example.txt:52329
Sieroczkom,1,True,example.txt:33110
Sierotam,2,False,example.txt:26084; example.txt:48436
Sierpnia,1,False,example.txt:24081
Sieńkonem,1,True,example.txt:30825
Sifriwosn,1,False,example.txt:35049
Sigismuntowicz,1,True,example.txt:24417
Sigmund,1,False,example.txt:8585
Sigmunto,1,False,example.txt:35794
Significa,1,False,example.txt:5649
Silesia,1,False,example.txt:15535
Silesiae,1,False,example.txt:10562
Simiebratmox,1,False,example.txt:19240
Simkowska,1,False,example.txt:32633
Simonorowska,1,False,example.txt:38897
Sinagogis,1,False,example.txt:22906
Sindalicum,1,False,example.txt:9674
Siodlarki,1,False,example.txt:36298
Siodlarum,1,False,example.txt:26916
Siodlarz,1,True,example.txt:36316
Siodlarze,1,True,example.txt:50544
Siosicoki,1,False,example.txt:20722
Sipocausium,1,False,example.txt:10898
Sipocaustum,1,False,example.txt:9576
Sipolcrati,1,False,example.txt:41204
Sisolik,2,False,example.txt:51756; example.txt:51757
Siukarow,1,False,example.txt:28185
Sixtasow,1,False,example.txt:48281
Sixtowski,2,False,example.txt:6117; example.txt:50720
Sixtussowey,2,False,example.txt:7388; example.txt:7412
Sixtussową,1,True,example.txt:7396
Sizedmie,1,False,example.txt:3811
Skabkiem,1,False,example.txt:8022
Skacziminia,1,True,example.txt:12684
Skalackim,1,False,example.txt:1053
Skaratorski,1,False,example.txt:27024
Skarbski,2,False,example.txt:44831; example.txt:45379
Skardze,1,True,example.txt:31927
Skasowa,1,False,example.txt:838
Skatowat,1,False,example.txt:8985
Skatowczyk,1,True,example.txt:8987
Skayosu,1,False,example.txt:18429
Skenidi,1,False,example.txt:36619
Skilinski,1,False,example.txt:34732
Skladaia,1,False,example.txt:47210
Sklinsski,1,False,example.txt:34743
Skobnik,1,False,example.txt:35578
Skobnilski,1,False,example.txt:48264
Skorzpidy,1,True,example.txt:8283
Skotniczki,2,True,example.txt:12642; example.txt:12654
Skrobekro,2,False,example.txt:30676; example.txt:30677
Skrojnecen,1,False,example.txt:28339
Skryszpek,1,True,example.txt:45622
Skrzekowna,1,True,example.txt:22017
Skrzijpek,1,True,example.txt:19959
Skrzynenses,2,True,example.txt:27864; example.txt:27879
Skrzypek,2,True,example.txt:30313; example.txt:46079
Skrzypkyem,1,True,example.txt:30316
Skubow,1,False,example.txt:24273
Skwieczonego,1,True,example.txt:14070
Slaatowic,1,False,example.txt:27759
Slachcta,1,False,example.txt:416
Slachetnym,1,False,example.txt:4244
Slacissowic,1,False,example.txt:10979
Sladronis,1,False,example.txt:37566
Slaetka,1,False,example.txt:1279
Slaitser,1,False,example.txt:9937
Slaitserka,1,False,example.txt:9938
Slandowa,1,False,example.txt:28773
Slawetnych,1,False,example.txt:41482
Slawqcz,1,True,example.txt:12807
Slectowa,1,False,example.txt:28262
Slesak,1,False,example.txt:43087
Sleutscowim,1,False,example.txt:21007
Sliszowicem,1,True,example.txt:10963
Slodownik,1,False,example.txt:18861
Slomczyski,2,True,example.txt:26385; example.txt:26390
Slomiek,1,False,example.txt:23353
Sloneczyk,1,True,example.txt:32498
Sloskienich,1,False,example.txt:33679
Sloskienuis,1,False,example.txt:21759
Slothinskiemu,1,False,example.txt:38087
Slothkowicem,1,False,example.txt:31977
Slotomircia,1,False,example.txt:26943
Slovacki,1,False,example.txt:28441
Slusarzem,1,True,example.txt:49811
Slusarzom,1,True,example.txt:50054
Slusarzow,2,True,example.txt:49371; example.txt:50056
Sluszow,1,True,example.txt:23415
Slutarij,2,False,example.txt:33560; example.txt:33564
Sluwska,1,False,example.txt:47531
Sluzacych,1,False,example.txt:5734
Sluzebskiego,1,False,example.txt:29864
Sląska,1,True,example.txt:36285
Smactowa,1,False,example.txt:32315
Smaczstwa,1,True,example.txt:34827
Smaklierz,1,True,example.txt:19746
Smalczey,1,True,example.txt:22333
Smalczowno,1,True,example.txt:28776
Smaraczkiem,1,True,example.txt:33030
Smaragdami,1,False,example.txt:32512
Smarzkem,1,True,example.txt:14813
Smatiensis,1,False,example.txt:871
Smidels,1,False,example.txt:27585
Smieczna,1,True,example.txt:28681
Smielers,1,False,example.txt:1710
Smiesskonowska,1,False,example.txt:26287
Smietanczanka,1,True,example.txt:33768
Smietanczyna,1,True,example.txt:33775
Smietaniszynska,1,True,example.txt:49119
Smietankowianka,1,False,example.txt:49315
Smieton,1,False,example.txt:33887
Smiklirs,1,False,example.txt:5488
Sminoxyski,1,False,example.txt:25199
Smiotanczanka,1,True,example.txt:22685
Smiotanczina,1,True,example.txt:22675
Smitowska,1,False,example.txt:32373
Smoidiska,1,False,example.txt:35871
Smuklirs,1,False,example.txt:44742
Smulkewicz,1,True,example.txt:35821
Smyślionem,1,True,example.txt:27679
Smyślony,2,True,example.txt:27665; example.txt:27667
Snaider,2,False,example.txt:33273; example.txt:33275
Sniathkowic,1,False,example.txt:13460
Sniatinskim,1,False,example.txt:2206
Sniatyn,1,False,example.txt:3941
Sniatynie,2,False,example.txt:15561; example.txt:43514
Sniatynskiego,1,False,example.txt:2222
Sniatynskim,1,False,example.txt:2220
Sniatynsky,1,False,example.txt:2262
Sniesskowska,1,False,example.txt:4743
Snopekowna,1,False,example.txt:44019
Snopekowsci,1,False,example.txt:17753
Snopkowa,2,False,example.txt:13578; example.txt:13579
Snystwa,1,False,example.txt:43984
SoSolowna,1,False,example.txt:43706
SoSolowne,1,False,example.txt:43709
Sobanski,1,False,example.txt:15557
Sobansski,1,False,example.txt:15567
Sobczanka,1,True,example.txt:37224
Sobieski,1,False,example.txt:25301
Sobiexayski,1,False,example.txt:26687
Sobkonum,1,False,example.txt:9465
Sobkowia,1,False,example.txt:20742
Sobkowic,2,False,example.txt:35897; example.txt:46619
Sobkowskiego,1,False,example.txt:37382
Sobliachetka,1,False,example.txt:27191
Sobroesky,1,False,example.txt:42310
Societariorum,1,False,example.txt:49214
Socolniczski,1,True,example.txt:17426
Soczauiensem,1,True,example.txt:33394
Sodalitatibus,1,False,example.txt:48947
Sodlarczyka,1,True,example.txt:36284
Sokolnicen,2,False,example.txt:1242; example.txt:12649
Sokolnicensis,1,False,example.txt:12042
Sokolniki,1,False,example.txt:313
Sokolovi,1,False,example.txt:8852
Solafrym,1,False,example.txt:12394
Solgossowska,1,False,example.txt:7119
Solmaria,2,False,example.txt:12159; example.txt:50950
Solowusa,2,False,example.txt:18429; example.txt:18436
Soltyszek,1,True,example.txt:21945
Somatary,1,False,example.txt:17356
Somborski,1,False,example.txt:5711
Somsiecam,1,False,example.txt:10955
Sonowatkowicz,1,True,example.txt:45915
Sophianistam,1,False,example.txt:19223
Sopiskowey,1,False,example.txt:4457
Sorosiec,1,False,example.txt:46668
Sorskabskiey,1,False,example.txt:6255
Sortulane,1,False,example.txt:7543
Sotowskie,2,False,example.txt:40485; example.txt:40487
Sozerburz,1,True,example.txt:16653
Sozerbus,1,False,example.txt:45487
Spaczkier,2,True,example.txt:45186; example.txt:45188
Spaczkiewicza,1,True,example.txt:26418
Spaszkier,1,True,example.txt:28639
Speculae,1,False,example.txt:28528
Sphaerae,2,False,example.txt:5029; example.txt:5036
Spilkowszcze,1,True,example.txt:4922
Spoditaniyis,1,False,example.txt:38304
Spoliatis,1,False,example.txt:16873
Sponeczowska,1,True,example.txt:39266
Sponerczowna,1,True,example.txt:51753
Sponorowska,1,False,example.txt:28938
Sponteczowska,1,True,example.txt:6932
Sprzedzil,1,True,example.txt:26115
Sprzęka,1,True,example.txt:12169
Spuleti,1,False,example.txt:6954
Sratisdom,1,False,example.txt:1917
Sreberminska,1,False,example.txt:37911
Srebrminska,1,False,example.txt:3603
Srebrziz,1,True,example.txt:21834
Sredmirski,1,False,example.txt:12258
Sribczak,1,True,example.txt:28573
Sroimka,1,False,example.txt:33426
Srotorowska,1,False,example.txt:7336
Srziszancwic,1,True,example.txt:43939
Sspbytek,1,False,example.txt:41942
Stabincam,1,False,example.txt:7867
Stabnicium,1,False,example.txt:14025
Stacherowic,1,False,example.txt:28313
Stacherzowic,1,True,example.txt:28322
Stachliowskie,1,False,example.txt:40247
Stachonis,1,False,example.txt:2871
Stachonoris,1,False,example.txt:36806
Stadnicz,1,True,example.txt:19611
Stadniczki,1,True,example.txt:51673
Stadniczky,1,True,example.txt:11593
Staienki,1,False,example.txt:39273
Stajonia,1,False,example.txt:37797
Stalczma,1,True,example.txt:14675
Stalibiki,1,False,example.txt:40841
Stamatty,1,False,example.txt:8283
Stamenas,1,False,example.txt:32627
Stammfissoris,1,False,example.txt:22075
Stanaburgi,1,False,example.txt:49651
Stancampiano,1,False,example.txt:22813
Stanislatorem,1,False,example.txt:23636
StanislawszewskaComparenses,1,True,example.txt:2681
Stanissorem,2,False,example.txt:9686; example.txt:9696
Stankowucia,1,False,example.txt:28433
Stanoroczy,1,True,example.txt:24430
Stanorosski,2,False,example.txt:12481; example.txt:12498
Stanosroska,1,False,example.txt:37699
Stanowiensem,1,False,example.txt:28255
Stanusii,1,False,example.txt:15024
Stanussii,1,False,example.txt:47324
Stanussij,1,False,example.txt:10659
Starczowskim,1,True,example.txt:4253
Starherzyna,1,True,example.txt:13567
Starobieskiego,1,False,example.txt:23970
Starostychno,1,False,example.txt:42691
Staroście,1,True,example.txt:28013
Starościnem,1,True,example.txt:37385
Starrogardiensi,1,False,example.txt:1834
Stassoviensis,1,False,example.txt:42594
Stassow,1,False,example.txt:42593
Statimfusorem,1,False,example.txt:21475
Statutowe,1,False,example.txt:13156
Stausenowic,1,False,example.txt:7679
Stawniatowa,1,False,example.txt:45955
Stebnalt,1,False,example.txt:366
Stecelsolczowna,1,True,example.txt:41559
Steckower,1,False,example.txt:4104
Steclisiowna,2,False,example.txt:28983; example.txt:28995
Steczeliorna,1,True,example.txt:28975
Stelinaris,1,False,example.txt:30986
Stelmafsa,2,False,example.txt:18721; example.txt:18721
Stemnich,1,False,example.txt:48925
Stemniczska,1,True,example.txt:51119
Stempkowi,1,False,example.txt:26025
Sterkouri,1,False,example.txt:48485
Sterliona,1,False,example.txt:51035
Stersyspeli,1,False,example.txt:46406
Stetkoni,1,False,example.txt:49704
Stetswuic,1,False,example.txt:29602
Stibingier,1,False,example.txt:38225
Stinowien,1,False,example.txt:7673
Stogmer,1,False,example.txt:32241
Stogmien,2,False,example.txt:17045; example.txt:24962
Stogniew,2,False,example.txt:3524; example.txt:25000
Stognyen,1,False,example.txt:29398
Stognyew,1,False,example.txt:41377
Stogyniew,1,False,example.txt:44279
Stoinski,1,False,example.txt:23690
Stolarge,1,False,example.txt:49359
Stolarsza,2,True,example.txt:37040; example.txt:37047
Stolarza,1,True,example.txt:43693
Stolarzo,1,True,example.txt:43697
Stolarzyla,1,True,example.txt:8303
Stolianz,1,False,example.txt:38536
Stoliarzem,1,True,example.txt:15934
Stoliarzowi,1,True,example.txt:15935
Stolonowszki,1,True,example.txt:12718
Stominczanka,2,True,example.txt:50337; example.txt:50339
Stominoczanka,1,True,example.txt:31666
Stopien,1,False,example.txt:31859
Stopkowic,1,False,example.txt:52690
Storchschid,1,False,example.txt:37484
Stoskonem,1,False,example.txt:27272
Stoynowa,1,False,example.txt:36489
Straduocat,1,False,example.txt:40300
Stramifusor,1,False,example.txt:38859
Stramnifusor,1,False,example.txt:4983
Stresse,1,False,example.txt:3982
Stricharz,1,True,example.txt:12660
Stricte,1,False,example.txt:13204
Strohonski,1,False,example.txt:41730
Strubnicza,1,True,example.txt:10279
Strubniczka,1,True,example.txt:10288
Strubniczkam,1,True,example.txt:10283
Structs,1,False,example.txt:18829
Struczalij,1,True,example.txt:1768
Struicznem,1,True,example.txt:14100
Struzeckorris,1,False,example.txt:37914
Stryczkonis,1,True,example.txt:27525
Stryiski,1,False,example.txt:13669
Strykowskiego,1,False,example.txt:3963
Strzebus,2,True,example.txt:35185; example.txt:35190
Strzelin,1,True,example.txt:42241
Strzemieletzki,1,True,example.txt:40968
Strzemilowa,1,True,example.txt:45193
Strzyzowskie,1,True,example.txt:44825
Strzyzowskiey,1,True,example.txt:44825
Studentes,1,False,example.txt:47411
Studmarsow,1,False,example.txt:52589
Studmarsowski,1,False,example.txt:52585
Studmarszyk,1,True,example.txt:52595
Studowal,1,False,example.txt:19621
Stussowska,1,False,example.txt:10190
Stussowskum,1,False,example.txt:10190
Stworzył,1,True,example.txt:24860
Stychti,1,False,example.txt:42601
Stygmewa,1,False,example.txt:26790
Stysniewska,1,False,example.txt:46562
Stysyek,1,False,example.txt:42601
Subaereis,1,False,example.txt:28644
Subcamerarius,1,False,example.txt:14301
Subcastrensem,1,False,example.txt:47556
Subcastrenses,1,False,example.txt:41905
Subcastro,2,False,example.txt:10942; example.txt:33429
Subcollectorem,2,False,example.txt:34366; example.txt:39679
Subdelegackiego,1,False,example.txt:16466
Subdelegatus,1,False,example.txt:5703
Subdirdinatori,1,False,example.txt:38950
Subijformowała,1,True,example.txt:26103
Subinualia,1,False,example.txt:34522
Subiudex,1,False,example.txt:28522
Subkerosska,1,False,example.txt:13444
Subkowiensi,1,False,example.txt:1834
Subrsen,2,False,example.txt:46780; example.txt:46795
SuburbaniLeopoliensis,1,False,example.txt:26708
SuburbaniScabini,1,False,example.txt:32679
Subyrembskiego,1,False,example.txt:36273
Succamerarij,1,False,example.txt:16561
Succintum,1,False,example.txt:8220
Succollectorowi,1,False,example.txt:43044
Succranis,1,False,example.txt:24769
Succubiti,1,False,example.txt:15249
Succubitionisque,1,False,example.txt:32798
Suchalionska,1,False,example.txt:24799
Sucharski,1,False,example.txt:13270
Sucharszki,1,True,example.txt:13269
Sucharz,1,True,example.txt:32315
Suchmirac,1,False,example.txt:35114
Suchnopowicz,1,True,example.txt:15749
Suchodolszki,1,True,example.txt:17155
Suchorowic,1,False,example.txt:25678
Suctomb,1,False,example.txt:26291
Sudaszek,1,True,example.txt:24772
Suderfrego,1,False,example.txt:8300
Sudewki,1,False,example.txt:13273
Sudlecki,1,False,example.txt:36534
Suebeminsska,1,False,example.txt:27587
Suebrminska,1,False,example.txt:20258
Suednice,2,False,example.txt:25182; example.txt:25184
Suerzonis,1,True,example.txt:34707
Sugesto,1,False,example.txt:26037
Sulkonis,1,False,example.txt:15696
Sulzowska,2,False,example.txt:5721; example.txt:5743
Sumariusz,1,True,example.txt:35994
Sumiska,2,False,example.txt:49555; example.txt:49565
Sumissina,1,False,example.txt:49558
Sumpiri,1,False,example.txt:40809
Sunack,2,False,example.txt:49719; example.txt:49721
SuorSaska,1,False,example.txt:12201
Supplicatum,1,False,example.txt:29257
Suramistha,1,False,example.txt:13706
Surkowey,1,False,example.txt:18839
Surkowiers,1,False,example.txt:1029
Suromba,1,False,example.txt:2087
Surputs,1,False,example.txt:42111
Surrocollectora,1,False,example.txt:34384
Surrolector,1,False,example.txt:34381
Surrolectoratus,2,False,example.txt:34369; example.txt:34370
Surrubeta,1,False,example.txt:37459
Susczewic,1,True,example.txt:22250
Suskrombska,1,False,example.txt:5708
Susodrzciki,1,True,example.txt:14609
Susowiercis,1,False,example.txt:7884
Sussanconna,1,False,example.txt:32955
Sustindinatori,1,False,example.txt:38051
Susykotowska,1,False,example.txt:26798
Sutkowic,1,False,example.txt:11389
Sutricij,1,False,example.txt:27186
Suzykoth,1,False,example.txt:17224
Svidniciensem,2,False,example.txt:18994; example.txt:18994
Swachkomis,1,False,example.txt:22026
Swagier,1,False,example.txt:35514
Swagrowi,1,False,example.txt:36191
Swajset,2,False,example.txt:7835; example.txt:20396
Swandaczowna,1,True,example.txt:9724
Swanteyko,1,False,example.txt:6631
Swantosowic,1,False,example.txt:10970
Swantosz,1,True,example.txt:10969
Swaracth,1,False,example.txt:21533
Swarnichi,2,False,example.txt:1122; example.txt:1124
Swaskowna,2,False,example.txt:24872; example.txt:24876
Swastkom,1,False,example.txt:27169
Swaszewic,1,True,example.txt:46598
Swaszowna,1,True,example.txt:17441
Swatony,1,False,example.txt:18432
Swaysto,1,False,example.txt:8344
Swedkowrow,1,False,example.txt:4285
SwedskiegoHZ,1,False,example.txt:8656
Swenczicensis,1,True,example.txt:47297
Sweszdzieiewski,1,True,example.txt:15986
Swiatoskonowicz,1,True,example.txt:20694
Swieboda,2,False,example.txt:29372; example.txt:33270
Swierhow,2,False,example.txt:19269; example.txt:19269
Swietych,1,False,example.txt:52882
Swinczick,1,True,example.txt:42312
Swinczowa,1,True,example.txt:32134
Swinderski,1,False,example.txt:25182
Swinozkyski,1,False,example.txt:26682
Swirniera,1,False,example.txt:49153
Swogube,1,False,example.txt:35535
Swolendinatoris,1,False,example.txt:36070
Sworowna,1,False,example.txt:49114
Syeslaus,1,False,example.txt:46433
Syluandiecu,1,False,example.txt:50281
Symcinser,1,False,example.txt:41902
Symianskich,1,False,example.txt:41435
Symieon,1,False,example.txt:31226
Symiącz,1,True,example.txt:22153
Symphinita,1,False,example.txt:38066
Syndicatori,1,False,example.txt:1534
Syngraphsumque,1,False,example.txt:52825
Synkarki,1,False,example.txt:16979
Synowatwic,1,False,example.txt:45907
Synszemi,1,True,example.txt:30039
Sypotek,1,False,example.txt:13198
Szaatowic,1,True,example.txt:27619
Szabanszki,1,True,example.txt:12643
Szabliarstwa,1,True,example.txt:30235
Szabolski,1,True,example.txt:8860
Szadeste,1,True,example.txt:37326
Szadzanki,1,True,example.txt:37351
Szadzawcze,1,True,example.txt:19620
Szafarz,1,True,example.txt:30443
Szafiannie,1,True,example.txt:51503
Szafiannik,1,True,example.txt:51507
Szafiany,2,True,example.txt:49671; example.txt:49675
Szafirnik,1,True,example.txt:5213
Szafranowe,1,True,example.txt:13843
Szalinska,2,True,example.txt:43397; example.txt:44336
Szamath,1,True,example.txt:35680
Szamkowic,1,True,example.txt:10743
Szamphi,1,True,example.txt:26372
Szanownym,1,True,example.txt:38500
Szapada,1,True,example.txt:18402
Szapkamik,2,True,example.txt:51535; example.txt:51538
Szaralek,1,True,example.txt:2867
Szarczyiski,1,True,example.txt:28673
Szarmilkonsski,1,True,example.txt:27462
Szarwak,1,True,example.txt:40559
Szarwark,1,True,example.txt:28082
Szarwarską,1,True,example.txt:18428
Szarwarsyka,1,True,example.txt:18425
Szarzyczki,2,True,example.txt:28620; example.txt:28636
Szaskarnik,1,True,example.txt:20889
Szaszadom,1,True,example.txt:30168
Szatana,1,True,example.txt:29920
Szawlec,1,True,example.txt:42725
Szawls,1,True,example.txt:17631
Szcucuenia,1,True,example.txt:25790
Szcucuenowski,1,True,example.txt:25792
Szczekocki,1,True,example.txt:29714
Szczepan,1,True,example.txt:33916
Szczepanomey,1,True,example.txt:22702
Szczepossluszny,2,True,example.txt:27113; example.txt:27115
Szczepuszyski,1,True,example.txt:37911
Szczerbicowic,1,True,example.txt:6155
Szczerzecen,1,True,example.txt:28154
Szcziroszki,1,True,example.txt:18389
Szczuck,1,True,example.txt:35292
Szczypinski,1,True,example.txt:24481
Szebeleram,1,True,example.txt:43281
Szebinko,1,True,example.txt:36190
Szebkowiczem,1,True,example.txt:41813
Szebrackiey,1,True,example.txt:37309
Szebreski,1,True,example.txt:9005
Szebrowic,1,True,example.txt:3477
Szecselkowna,1,True,example.txt:41642
Szeczalikowna,1,True,example.txt:32541
Szeebrei,1,True,example.txt:44134
Szefciono,1,True,example.txt:25361
Szegeskow,1,True,example.txt:4490
Szemborum,1,True,example.txt:1978
SzerbicSacrae,1,True,example.txt:9204
Szermca,1,True,example.txt:35353
Szermierzem,1,True,example.txt:37284
Szerminszka,1,True,example.txt:32918
Szesdziewo,1,True,example.txt:12152
Szewcem,1,True,example.txt:41463
Szewcowa,1,True,example.txt:4465
Szewczow,1,True,example.txt:8800
Szewczyskowi,1,True,example.txt:10792
Szewskiej,1,True,example.txt:38501
Szilingowic,1,True,example.txt:39143
Szimberg,1,True,example.txt:27676
Szimkowic,1,True,example.txt:32626
Szklenka,1,True,example.txt:3259
Szklepowic,1,True,example.txt:46187
Szkolkowa,1,True,example.txt:26893
Szliarbetnej,1,True,example.txt:36184
Szmoszowna,1,True,example.txt:34829
Szmytinskie,1,True,example.txt:39232
Szochnowski,1,True,example.txt:20214
Szodrouet,1,True,example.txt:25308
SzolceComparens,1,True,example.txt:15460
Szoltisik,1,True,example.txt:3477
Szoltissowna,1,True,example.txt:7102
Szomczanka,1,True,example.txt:39904
Szopania,1,True,example.txt:36642
Szosszenka,1,True,example.txt:25187
Szoszenka,1,True,example.txt:25192
Szpaniowa,1,True,example.txt:36635
Szpriczynska,1,True,example.txt:1556
Szpulek,2,True,example.txt:41927; example.txt:41937
Szpylianka,1,True,example.txt:42391
Szuburki,1,True,example.txt:1309
Szulcowic,1,True,example.txt:24414
Szumles,1,True,example.txt:38973
Szuszina,1,True,example.txt:4982
Szwagrem,1,True,example.txt:31890
Szwajfisz,1,True,example.txt:26364
Szwalkoroszki,1,True,example.txt:14141
Szwaykosom,1,True,example.txt:33201
Szwayzyski,1,True,example.txt:29467
Szwedski,1,True,example.txt:43492
Szwedzki,2,True,example.txt:9403; example.txt:28010
Szwienienie,1,True,example.txt:39396
Szwybozabski,1,True,example.txt:39950
Szybmiel,1,True,example.txt:21040
Szydlowicz,1,True,example.txt:27267
Szydzonych,1,True,example.txt:33004
Szymkowe,2,True,example.txt:50806; example.txt:50810
Szymkowic,1,True,example.txt:23337
Szymkupronigem,1,True,example.txt:12908
Szymonia,1,True,example.txt:4438
Szyndek,1,True,example.txt:32001
Szynkowskiey,1,True,example.txt:50947
Szysak,1,True,example.txt:33025
Szyszkowska,1,True,example.txt:29621
Sąmsiady,1,True,example.txt:22159
Sąsiadem,1,True,example.txt:38288
Słachethny,1,True,example.txt:45050
Słachetnym,1,True,example.txt:45062
Sławetna,1,True,example.txt:42880
Sławetne,1,True,example.txt:42888
Sławetnem,1,True,example.txt:38282
Sławetnemi,1,True,example.txt:41459
Sławetnemu,1,True,example.txt:44799
Sławetney,1,True,example.txt:42885
Sławetnych,1,True,example.txt:24098
Słodkiemi,1,True,example.txt:35050
Słodownej,1,True,example.txt:36188
Słodzuat,1,True,example.txt:12470
Słuszanka,1,True,example.txt:29930
TARZOWIC,1,True,example.txt:7520
TEMBACZEI,1,True,example.txt:46844
Tacikowie,1,False,example.txt:4019
Tadeusz,1,True,example.txt:37671
Tadeuszu,1,True,example.txt:52792
Tadoxorois,1,False,example.txt:34104
Tametsi,1,False,example.txt:43179
Tandzinskie,1,True,example.txt:9664
Tarasowey,1,False,example.txt:39517
Tarasowiczowi,1,True,example.txt:17021
Tarassow,1,False,example.txt:7390
Taraszinski,1,True,example.txt:35294
Tarczeki,1,True,example.txt:24915
Tarcziowy,1,True,example.txt:11623
Taresij,1,False,example.txt:41562
Tarnazkais,1,False,example.txt:40493
Tarnogrodensibus,1,False,example.txt:3515
Tarnopoli,1,False,example.txt:132
Tarnopolia,1,False,example.txt:1065
Tarnopolie,1,False,example.txt:124
Tarnopolskim,1,False,example.txt:1052
Tarnouia,1,False,example.txt:39097
Tarnowic,1,False,example.txt:35600
Tarricowska,1,False,example.txt:40776
Tarsomies,1,False,example.txt:39045
Tarszecki,2,True,example.txt:51217; example.txt:51225
Tarszyaiowski,1,True,example.txt:8162
Tartarhis,1,False,example.txt:17442
Tarzemuta,1,True,example.txt:6519
Tasiecorowic,1,False,example.txt:1002
Taslicen,1,False,example.txt:50897
Tastowecti,1,False,example.txt:1903
Tatarczynowi,1,True,example.txt:29910
Tatarskich,1,False,example.txt:13873
Tatarsy,1,False,example.txt:2277
Tatianna,1,False,example.txt:31791
Tawrzieskowska,1,True,example.txt:10895
Teczauski,1,True,example.txt:14998
TelaynowskaAd,1,False,example.txt:12112
Teloneatorum,1,False,example.txt:19015
Temiczonoska,1,True,example.txt:40225
Temijczonsska,1,True,example.txt:17181
Temirzizowska,1,True,example.txt:23096
Temnicowa,1,False,example.txt:7884
Tempyrowsska,1,False,example.txt:12238
Temricowa,1,False,example.txt:42702
Temriczowska,2,True,example.txt:3258; example.txt:40380
Temxicogrosska,1,False,example.txt:33905
Temxiczowszka,1,True,example.txt:23174
Temxyilbowey,1,False,example.txt:33913
Temyczonska,1,True,example.txt:23196
Temyrczowska,1,True,example.txt:13290
Temzicowska,2,False,example.txt:40028; example.txt:40034
Tenenario,1,False,example.txt:17463
Tenutarij,1,False,example.txt:24884
Teoszkowa,1,True,example.txt:6787
Teremioniriz,1,False,example.txt:28574
Teremowna,1,False,example.txt:25346
Terensij,1,False,example.txt:39206
Terenssem,1,False,example.txt:16976
Tereshkonis,2,False,example.txt:25348; example.txt:25350
Tereshkowsku,1,False,example.txt:25354
Termicowska,1,False,example.txt:45799
Ternicowska,1,False,example.txt:51328
Terraeque,1,False,example.txt:43481
Terricowski,2,False,example.txt:5691; example.txt:5696
Territorijs,1,False,example.txt:39106
Teutonici,2,False,example.txt:1522; example.txt:49527
Theatowa,1,False,example.txt:39408
Thebelianorum,1,False,example.txt:13686
Thekoxorowicz,1,True,example.txt:15690
Theloneariorum,1,False,example.txt:12329
Theloneatoris,2,False,example.txt:23774; example.txt:32551
Themoniczowska,1,True,example.txt:33241
Themphorensem,1,False,example.txt:46058
Themyzyczowska,1,True,example.txt:12697
Theocime,1,False,example.txt:24590
Theodosiensem,1,False,example.txt:38832
Theolocubor,1,False,example.txt:48128
Theologi,1,False,example.txt:31041
Theologiae,1,False,example.txt:25751
Theophili,1,False,example.txt:12623
Thesaurarij,1,False,example.txt:23683
Thesauri,1,False,example.txt:13807
Theutonici,2,False,example.txt:9011; example.txt:40232
Theutonico,2,False,example.txt:35652; example.txt:42221
Theutonicum,1,False,example.txt:36171
Thezemesnensis,1,False,example.txt:27771
Thicator,1,False,example.txt:51505
Thiorexi,2,False,example.txt:12376; example.txt:12382
Thobiasowey,1,False,example.txt:18937
Thonostomisem,1,False,example.txt:22160
Thorosowicza,1,True,example.txt:18921
Thorzali,1,True,example.txt:44518
Thumatorowska,1,False,example.txt:33508
Thurmarowicz,1,True,example.txt:20311
Thysiąca,2,True,example.txt:22401; example.txt:22404
Tiematowic,1,False,example.txt:961
Tincius,1,False,example.txt:32673
Tirolpsangus,1,False,example.txt:51493
Tlumacon,1,False,example.txt:26532
Tlumacz,2,True,example.txt:52929; example.txt:52976
Tlumaczka,2,True,example.txt:331; example.txt:52928
Tlumaczowska,1,True,example.txt:329
Tlumano,1,False,example.txt:321
Tlumochi,1,False,example.txt:13845
Tlustamaxinowska,1,False,example.txt:25394
Tmsykol,1,False,example.txt:41376
Tobiassowa,1,False,example.txt:339
Tobiaszem,2,True,example.txt:18929; example.txt:52962
Tobiaszowey,1,True,example.txt:18917
Toemigr,1,False,example.txt:24791
Tomanowic,2,False,example.txt:51956; example.txt:52696
Tomanowszka,1,True,example.txt:37876
Tomiczkowska,1,True,example.txt:40350
Tomiczonowska,1,True,example.txt:23049
Tomnicowska,1,False,example.txt:51347
Tomricowska,1,False,example.txt:10117
Tomzyrowska,1,False,example.txt:21123
Toporowin,1,False,example.txt:35849
Topouri,1,False,example.txt:45909
Tornicowska,1,False,example.txt:7485
Torunij,1,False,example.txt:12956
Tosciwego,1,False,example.txt:11097
Tostempek,1,False,example.txt:20386
Towariska,1,False,example.txt:18438
Toxorowicz,2,True,example.txt:24033; example.txt:24043
Toxosij,1,False,example.txt:15779
Toxossonowicz,2,True,example.txt:24129; example.txt:24133
Traczmuszczowskiego,1,True,example.txt:37073
Tramfex,1,False,example.txt:32916
Tramfinis,1,False,example.txt:36223
Tramifex,2,False,example.txt:39216; example.txt:39308
Tramifici,1,False,example.txt:39361
Tramislia,1,False,example.txt:14543
Trampsins,1,False,example.txt:19495
Transgressionem,2,False,example.txt:49448; example.txt:51085
Transyluania,1,False,example.txt:21485
Trapskim,1,False,example.txt:36355
Trawczowski,1,True,example.txt:5301
Trawsloda,1,False,example.txt:2014
Trebotkę,1,True,example.txt:36322
Tremesnae,1,False,example.txt:16473
Tremifici,1,False,example.txt:3136
Treucorous,1,False,example.txt:30127
Tribunorum,1,False,example.txt:42484
Tricesimo,1,False,example.txt:51638
Tricoresi,1,False,example.txt:9468
Trioteski,1,False,example.txt:1431
Trocensem,1,False,example.txt:14362
Troiana,1,False,example.txt:32731
Troicy,2,False,example.txt:4914; example.txt:30831
Tromficzem,1,True,example.txt:46867
Tronifabrum,1,False,example.txt:6882
Troszcili,1,True,example.txt:50794
Trottiam,1,False,example.txt:26006
Troxekowa,2,False,example.txt:23027; example.txt:23033
Troyanum,1,False,example.txt:46865
Troycy,1,False,example.txt:24429
Troyki,1,False,example.txt:30982
Troykiego,1,False,example.txt:30983
Trośkowicza,1,True,example.txt:26407
Tryban,1,False,example.txt:11549
Trybydzkiey,1,True,example.txt:23365
Trzebowli,1,True,example.txt:6519
Trzeciakowicz,1,True,example.txt:12537
Trzeciowi,1,True,example.txt:52963
Trzelienskiem,1,True,example.txt:37328
Trzemesnensis,1,True,example.txt:16496
Trzemeszenskis,1,True,example.txt:16468
Trzemisnie,1,True,example.txt:27649
Tsarskie,1,False,example.txt:36272
Tubicinatoris,1,False,example.txt:22288
Tubicine,1,False,example.txt:36178
Tubicinem,1,False,example.txt:48663
Tubieioni,1,False,example.txt:31533
Tucholka,1,False,example.txt:48798
Tuczuchna,1,True,example.txt:41104
Tuczynensium,1,True,example.txt:27866
Tuland,1,False,example.txt:35956
Turcyie,1,False,example.txt:20627
Turczynowicz,2,True,example.txt:19197; example.txt:27887
Tureckich,1,False,example.txt:11691
Tureckie,1,False,example.txt:11690
Tureckiey,1,False,example.txt:41867
Tureckim,1,False,example.txt:8699
Turkowi,1,False,example.txt:8235
Turkuskim,1,False,example.txt:33032
Tuszeyny,1,True,example.txt:32983
Tutoremsuum,1,False,example.txt:18064
Tutowiey,1,False,example.txt:20125
Tutrices,1,False,example.txt:4893
Twaizses,1,False,example.txt:40964
Twardi,2,False,example.txt:11831; example.txt:17237
Twardos,1,False,example.txt:27953
Twardosz,1,True,example.txt:27941
Twardowacho,1,False,example.txt:3984
Twardzkonis,1,True,example.txt:47856
Twarlina,1,False,example.txt:51157
Twidze,1,True,example.txt:38763
Twieadnowski,1,False,example.txt:15396
Twilsebnowa,1,False,example.txt:48162
Twoiciecka,1,False,example.txt:41874
Tworolionna,1,False,example.txt:25096
Tyemestna,1,False,example.txt:27701
Tyganem,1,False,example.txt:10659
Tygliow,1,False,example.txt:36279
Tygodni,1,False,example.txt:22821
Tymbarksi,1,False,example.txt:47535
Tysiaczow,1,True,example.txt:26058
Tysiecznego,1,True,example.txt:18908
Tysieniky,1,False,example.txt:14130
Tysiączne,1,True,example.txt:46999
Ubersorum,1,False,example.txt:52487
Ubywuc,1,False,example.txt:45512
Uczciwego,2,True,example.txt:10585; example.txt:10596
Uczciwy,2,True,example.txt:8358; example.txt:8383
Uczciwą,1,True,example.txt:38497
Uczyłem,1,True,example.txt:18720
Uliamcki,1,False,example.txt:29783
Uliamoski,1,False,example.txt:29949
Uloctkowic,1,False,example.txt:46968
Uloctowa,1,False,example.txt:46956
Ungaricales,1,False,example.txt:16055
Ungaricis,1,False,example.txt:28188
Uniązanego,1,True,example.txt:40490
Upuscy,1,False,example.txt:28023
Urbanowna,1,False,example.txt:39264
Urodzona,1,True,example.txt:31641
Urzedowi,2,True,example.txt:50074; example.txt:50103
Urzendnikow,2,True,example.txt:14093; example.txt:24077
Urzędnikom,1,True,example.txt:9405
Urzędowiz,1,True,example.txt:22510
Usarskich,2,False,example.txt:36264; example.txt:36264
Usarskie,1,False,example.txt:36269
Uspekowe,1,False,example.txt:24495
Uzikstowicza,1,True,example.txt:47147
VINIECTI,1,False,example.txt:28213
VITEADVOCATI,1,False,example.txt:32483
Vachmanum,1,False,example.txt:27197
Valachicorum,1,False,example.txt:9394
Valaiscorum,2,False,example.txt:9534; example.txt:9541
Valasico,1,False,example.txt:9476
Valasicorum,2,False,example.txt:9469; example.txt:9496
Valeriani,1,False,example.txt:7002
Valeriano,1,False,example.txt:7001
Valuchowic,1,False,example.txt:36135
Varouie,1,False,example.txt:8716
Varsaviensis,1,False,example.txt:2732
Varsinsci,1,False,example.txt:36680
Varsouia,1,False,example.txt:38022
Varsouiam,2,False,example.txt:31544; example.txt:34063
Varsoviam,1,False,example.txt:33551
Varssouia,1,False,example.txt:43193
Varssovia,1,False,example.txt:5103
Vbaldim,1,False,example.txt:36623
Vbaldini,1,False,example.txt:48720
Vbaldino,1,False,example.txt:48701
Vbaldinum,2,False,example.txt:48695; example.txt:48722
Vbaldinus,2,False,example.txt:48706; example.txt:48723
Vberonius,1,False,example.txt:29797
Vberoniusza,1,True,example.txt:29794
Vciwoem,1,False,example.txt:18910
Vczciwemu,1,True,example.txt:48541
Vczciwi,1,True,example.txt:8077
Vczciwych,1,True,example.txt:29867
Veauer,1,False,example.txt:36105
Vegazus,1,False,example.txt:14525
Venedicus,1,False,example.txt:3494
Venerandi,1,False,example.txt:2086
Venetianum,1,False,example.txt:16539
Venetianus,1,False,example.txt:17527
Veronicam,1,False,example.txt:41168
Vescizoy,1,False,example.txt:42893
Vexifercit,1,False,example.txt:12062
Vexilli,1,False,example.txt:16318
Vianowskiey,1,False,example.txt:671
Viaszthna,1,True,example.txt:11416
Viccaduocatus,1,False,example.txt:4511
Viccadus,1,False,example.txt:38413
Viceaduocatum,1,False,example.txt:17156
Viceaduocatus,2,False,example.txt:17156; example.txt:30793
Viceadvocati,1,False,example.txt:43839
Viceadvocato,1,False,example.txt:3943
Viceadvocatum,2,False,example.txt:38418; example.txt:45110
Vicecan,1,False,example.txt:16289
Vicedecano,1,False,example.txt:2908
Vicedecanus,1,False,example.txt:42732
Viceducato,1,False,example.txt:10794
Viceduo,1,False,example.txt:35184
Viceduocati,1,False,example.txt:35188
Vicegerens,2,False,example.txt:17736; example.txt:48301
Vicesnotarius,1,False,example.txt:36062
Victualium,1,False,example.txt:27106
Videstwa,1,False,example.txt:37777
Vieutoxem,1,False,example.txt:21579
Viliscali,1,False,example.txt:35457
Vinkert,1,False,example.txt:1515
Vinslert,1,False,example.txt:1494
Vinulade,1,False,example.txt:7099
Virdarium,1,False,example.txt:21141
Vislicensi,1,False,example.txt:35600
Visnensem,1,False,example.txt:12575
Vissonowski,1,False,example.txt:204
Viteadvocatus,1,False,example.txt:32488
Viteadworatum,1,False,example.txt:25348
Viterapibanem,1,False,example.txt:46731
Viteskowa,1,False,example.txt:32894
Vitiocapetano,1,False,example.txt:18073
Vitreadus,1,False,example.txt:31563
Vladika,1,False,example.txt:14272
Vladikas,1,False,example.txt:14272
Vladislai,1,False,example.txt:36058
Vlamoska,1,False,example.txt:5391
Vlasczorowicz,1,True,example.txt:15688
Vliamoski,1,False,example.txt:29752
Vlianow,1,False,example.txt:21732
Vlodimiriensi,1,False,example.txt:6631
Vlostynski,1,False,example.txt:41906
Vlrici,1,False,example.txt:37788
Vlricum,2,False,example.txt:47628; example.txt:47628
Vmieczki,2,True,example.txt:4509; example.txt:4516
Vndabilibus,1,False,example.txt:5709
Vndowska,1,False,example.txt:51118
Voievoda,1,False,example.txt:25122
Volhiniensi,1,False,example.txt:12566
Voronski,1,False,example.txt:35871
Vpendoni,1,False,example.txt:35502
Vratislauia,1,False,example.txt:1317
Vratislavim,1,False,example.txt:18090
Vrbicus,1,False,example.txt:50155
Vreaduocatum,2,False,example.txt:37982; example.txt:37995
Vrenissey,1,False,example.txt:30583
Vroelampelt,1,False,example.txt:46047
Vrotsly,1,False,example.txt:12629
Vrsendzie,1,True,example.txt:31971
Vrszanski,1,True,example.txt:41724
Vrzciwego,1,True,example.txt:41708
Vrzedowi,1,True,example.txt:52971
Vrzendmie,2,True,example.txt:21849; example.txt:21852
Vrzendowa,1,True,example.txt:29861
Vrzendowi,1,True,example.txt:31850
Vrzendzie,1,True,example.txt:24599
Vrzichulm,1,True,example.txt:143
Vsuicanau,2,False,example.txt:29122; example.txt:29123
Vswasna,1,False,example.txt:3214
Vtrinquecompensauit,1,False,example.txt:16414
Vucaduocato,2,False,example.txt:1454; example.txt:1461
Vueranczelliarij,1,True,example.txt:21288
Vulpino,1,False,example.txt:31484
Vyzendowego,1,False,example.txt:23911
Vyzendowey,1,False,example.txt:31869
Vyzendowi,1,False,example.txt:31867
Vyzendzie,1,True,example.txt:30626
WALGORZANTA,1,True,example.txt:22721
WASKIEWIC,1,False,example.txt:28808
WUSCHELMOWA,1,False,example.txt:49049
Wabilowa,1,False,example.txt:42882
Wachalianka,2,False,example.txt:20052; example.txt:20053
Wagrodnij,2,False,example.txt:18279; example.txt:18367
Waieczinfa,1,True,example.txt:48614
Waishanusow,1,False,example.txt:3123
Waishanutorowska,1,False,example.txt:19576
Waitman,1,False,example.txt:27201
Waitmanum,1,False,example.txt:27200
Waitowa,1,False,example.txt:17006
Walapega,1,False,example.txt:20643
Walarbicurs,1,False,example.txt:35791
Walentego,1,False,example.txt:10845
Walentemi,1,False,example.txt:25471
Walentemu,1,False,example.txt:25476
Walgouczyna,1,True,example.txt:22736
Waligorzanka,1,True,example.txt:22733
Walissow,1,False,example.txt:4528
Walmaca,1,False,example.txt:21559
Walporga,2,False,example.txt:12391; example.txt:12400
Waluch,1,False,example.txt:46518
Walucti,1,False,example.txt:52650
Walupet,1,False,example.txt:22827
Wanberij,1,False,example.txt:37772
Waratsim,1,False,example.txt:9068
Waronshie,1,False,example.txt:37494
Warsalonka,1,False,example.txt:32769
Warschauia,1,False,example.txt:45466
Warschouiae,2,False,example.txt:43163; example.txt:47646
Warssoviensem,1,False,example.txt:4953
Warssoviensi,1,False,example.txt:4955
Warstacie,1,False,example.txt:16977
Warszawie,1,True,example.txt:43524
Warszawskim,1,True,example.txt:8593
Wartensynicowa,1,False,example.txt:26547
Wartensynowicz,1,True,example.txt:26556
Wartexowicza,1,True,example.txt:37746
Wartexyionis,1,False,example.txt:37750
Wartexysomicz,1,True,example.txt:14643
Warthik,2,False,example.txt:20588; example.txt:20598
Wartyk,1,False,example.txt:18970
Warzysomro,1,True,example.txt:37718
Waserbrotonska,1,False,example.txt:28951
Wasicinszki,1,True,example.txt:20250
Wasienczici,1,True,example.txt:23665
Wasilionoszkie,1,True,example.txt:26955
Wasilionowicz,2,True,example.txt:20535; example.txt:24499
Wasilionowskie,1,False,example.txt:26916
Wasiliowic,1,False,example.txt:34804
Wasilopoli,1,False,example.txt:16385
Wasilowic,2,False,example.txt:1581; example.txt:1665
Wasilowirt,1,False,example.txt:40992
Wasschowien,1,False,example.txt:43042
Waszynski,1,True,example.txt:40734
Watyczijnski,1,True,example.txt:40703
Wawrzeniec,1,True,example.txt:24495
Wawrzinc,1,True,example.txt:22635
Wawrzymiecz,1,True,example.txt:30819
Wawrzyniec,1,True,example.txt:24488
Waydzinski,1,True,example.txt:46432
Waynecznifia,1,True,example.txt:7950
Waynowna,1,False,example.txt:18588
Wayskanusowska,1,False,example.txt:19546
Waysnskiemu,1,False,example.txt:46713
Waytims,1,False,example.txt:42086
Waytkoms,1,False,example.txt:27808
Waytowicz,1,True,example.txt:27806
Waywode,1,False,example.txt:14090
Weglinsci,1,False,example.txt:27080
Weglinski,2,False,example.txt:22742; example.txt:27087
Weglinskie,1,False,example.txt:22736
Weglinszki,2,True,example.txt:22723; example.txt:22731
Wegrzyn,2,True,example.txt:27863; example.txt:27878
Welmiki,1,False,example.txt:37788
Wemyc,2,False,example.txt:26261; example.txt:26270
Wemyg,2,False,example.txt:19710; example.txt:19719
Wenczic,1,True,example.txt:9603
Wenczyc,1,True,example.txt:9627
Weniwswa,1,False,example.txt:48142
Wereszczowna,2,True,example.txt:20036; example.txt:20037
Wesolka,1,False,example.txt:49546
Wezmarsam,1,False,example.txt:49643
Wiaiecki,1,False,example.txt:22253
Wianicki,1,False,example.txt:52624
WiceWoywodam,1,False,example.txt:30620
Wicpar,1,False,example.txt:27737
Widepski,1,False,example.txt:44607
Wiebrzizek,1,True,example.txt:21080
Wiebrzyzek,1,True,example.txt:21088
Wieczserz,1,True,example.txt:15650
Wielirij,1,False,example.txt:14307
Wielmozne,1,False,example.txt:41890
Wielmoznego,1,False,example.txt:46980
Wielmoznemu,1,False,example.txt:28011
Wielmozny,1,False,example.txt:28014
Wiemyis,1,False,example.txt:44623
Wierdarus,1,False,example.txt:44508
Wiersbienski,2,False,example.txt:9097; example.txt:9110
Wierschucc,2,False,example.txt:15640; example.txt:15641
Wierzyciela,1,True,example.txt:37123
Wijscij,2,False,example.txt:14857; example.txt:14857
Wijtcki,1,False,example.txt:930
Wikariom,1,False,example.txt:10791
Wikaryiskim,1,False,example.txt:10787
Wilczewic,1,True,example.txt:20911
Wilczkow,1,True,example.txt:18892
Wilczkowi,2,True,example.txt:2230; example.txt:18893
Wilczkowskam,1,True,example.txt:50941
Wilczopolski,2,True,example.txt:36587; example.txt:36589
Wileszyna,1,True,example.txt:35833
Wilhelmowska,1,False,example.txt:1416
Williana,1,False,example.txt:14129
Wimkowna,1,False,example.txt:49028
Wincenij,1,False,example.txt:18601
Wirzhek,1,True,example.txt:18891
Wischeski,1,False,example.txt:46900
Wiscici,1,False,example.txt:41209
Wissunka,1,False,example.txt:33208
Wissynczaniskie,1,True,example.txt:4831
Wisthesolyne,1,False,example.txt:13101
Wiszwier,1,True,example.txt:35862
Witaliswic,1,False,example.txt:41162
Witinska,1,False,example.txt:8161
Wizinta,2,False,example.txt:41992; example.txt:42050
Wizonta,1,False,example.txt:33474
Wladerkonosskie,1,False,example.txt:17761
Wlamicski,1,False,example.txt:29912
Wlamicskiego,1,False,example.txt:29923
Wlandt,1,False,example.txt:18601
Wlathko,1,False,example.txt:11160
Wlodecznystka,1,True,example.txt:52026
Wlodimiriensi,1,False,example.txt:1119
Wlodkowyna,1,False,example.txt:47181
Wlostwa,1,False,example.txt:7570
Wlozynowskiey,1,False,example.txt:13888
Wodczijna,2,True,example.txt:38277; example.txt:38287
Wodoczyna,2,True,example.txt:38374; example.txt:38382
Woicikowna,1,False,example.txt:4890
Woicikowskiey,2,False,example.txt:4910; example.txt:4920
Woiewodzie,1,True,example.txt:28012
Woiewodztwa,1,True,example.txt:23691
Woioteski,1,False,example.txt:44443
Woitowskim,1,False,example.txt:42880
Wojewodztwa,1,True,example.txt:23690
Wojewodę,1,True,example.txt:46980
Wolczkie,1,True,example.txt:43802
Wolczuszanka,1,True,example.txt:5225
Wolfbernt,1,False,example.txt:37690
Wolfonna,1,False,example.txt:32105
Wolfsouicowna,1,False,example.txt:51835
Wolfssol,1,False,example.txt:8540
Wolhinczyk,1,True,example.txt:18715
Wolkowiczowna,1,True,example.txt:51750
Wolossest,1,False,example.txt:22227
Woloszyn,1,True,example.txt:23607
Wolowczik,1,True,example.txt:4681
Wolowczyk,2,True,example.txt:4686; example.txt:4690
Wolphomus,1,False,example.txt:28699
Wolpsowrt,1,False,example.txt:50941
Wolstyn,1,False,example.txt:22371
Wolszcze,1,True,example.txt:20627
Wolwuecti,2,False,example.txt:28283; example.txt:28291
Wolynczyk,1,True,example.txt:18708
Wolynskie,1,False,example.txt:24063
Womicti,1,False,example.txt:14834
Womiczki,1,True,example.txt:14836
Wonsossek,1,False,example.txt:30827
Worczmodlaurowi,1,True,example.txt:13046
Woristko,1,False,example.txt:3342
Worizelowna,1,False,example.txt:20853
Woronczynskiey,1,True,example.txt:14645
Woroszek,2,True,example.txt:30817; example.txt:30822
Worutowa,1,False,example.txt:33389
Woskoboynik,1,False,example.txt:3944
Woxbersa,1,False,example.txt:17099
Woxbersu,1,False,example.txt:17096
Woyciersa,2,False,example.txt:18717; example.txt:18721
Woyciersky,1,False,example.txt:33916
Woycieska,2,False,example.txt:39970; example.txt:39978
Woycieski,1,False,example.txt:39958
Woyciesska,1,False,example.txt:24206
Woydello,1,False,example.txt:176
Woydomski,1,False,example.txt:42250
Woydowlanka,2,False,example.txt:44041; example.txt:44053
Woysbruski,1,False,example.txt:19266
Woysonka,1,False,example.txt:33476
Woysorowicz,1,True,example.txt:27296
Woyssany,1,False,example.txt:18559
Woytechowski,1,False,example.txt:25213
Woytechum,2,False,example.txt:25213; example.txt:25216
Woyteski,1,False,example.txt:1995
Woytowi,2,False,example.txt:31634; example.txt:43494
Woywodzki,1,True,example.txt:23870
Wołoskie,2,True,example.txt:43503; example.txt:43505
Wołoszech,1,True,example.txt:41828
Wreadlo,1,False,example.txt:40364
Wredrowna,1,False,example.txt:45035
Wrocilwszy,1,True,example.txt:14649
Wroszheska,1,True,example.txt:25283
Wulagiewic,1,False,example.txt:49762
Wularczik,1,True,example.txt:51316
Wularzowna,2,True,example.txt:21941; example.txt:21947
Wulczina,2,True,example.txt:35829; example.txt:35831
Wulczowa,1,True,example.txt:32883
Wulffowa,2,False,example.txt:51154; example.txt:51158
Wyderkaffu,1,False,example.txt:22406
Wylzynski,1,False,example.txt:9022
Wyprawka,1,False,example.txt:43905
Wyrdzianowic,1,True,example.txt:52729
Wysynka,1,False,example.txt:43376
Wyymiałem,1,True,example.txt:30421
Wyzcti,1,False,example.txt:1005
Wyzyzkowski,1,False,example.txt:28456
Wąsobalankam,1,True,example.txt:32763
XCVII,1,False,example.txt:39481
XXVII,1,False,example.txt:43525
XXVIII,1,False,example.txt:9128
Xenodochio,1,False,example.txt:40175
Xiedrow,1,False,example.txt:6393
Xiedzmiedzionski,1,True,example.txt:29618
Xiegimi,1,False,example.txt:11572
Xiestwo,1,False,example.txt:24062
Xiążencia,1,True,example.txt:39933
Xiążęcia,1,True,example.txt:39924
Xiążęcy,1,True,example.txt:39926
Xoutisord,1,False,example.txt:2127
Xsiendzem,1,True,example.txt:38086
Xsieobratowiami,1,False,example.txt:33161
Xualao,1,False,example.txt:7052
Xupierskiey,1,False,example.txt:22142
Ystampi,1,False,example.txt:26137
ZAMESINCOWIC,1,False,example.txt:28216
Zabiegai,1,False,example.txt:37734
Zabregali,1,False,example.txt:30558
Zabrodzkym,1,True,example.txt:31089
Zabroniono,2,False,example.txt:40408; example.txt:48963
Zacharia,2,False,example.txt:26322; example.txt:26554
Zachariae,2,False,example.txt:52820; example.txt:52850
Zachariason,1,False,example.txt:20505
Zachariasonuiz,1,False,example.txt:20510
Zacharie,1,False,example.txt:52803
Zacharko,1,False,example.txt:30247
Zachmariensem,1,False,example.txt:21484
Zachodziło,1,True,example.txt:30248
Zachowuiemy,1,False,example.txt:18953
Zaczarias,1,True,example.txt:52862
Zacznyey,1,True,example.txt:24204
Zadawaią,1,True,example.txt:38346
Zadeczkowsky,1,True,example.txt:40992
Zadikonriow,1,False,example.txt:39502
Zaditswowicensis,1,False,example.txt:52686
Zadziana,1,True,example.txt:11030
Zadzwicski,1,True,example.txt:29755
Zafaluko,1,False,example.txt:14365
Zafalurus,1,False,example.txt:12417
Zagaienem,1,False,example.txt:26445
Zagrodzono,1,True,example.txt:49356
Zaiancz,2,True,example.txt:12443; example.txt:19424
Zaidlicowskie,1,False,example.txt:3806
Zaisowano,1,False,example.txt:15683
Zaiączkowij,1,True,example.txt:2899
Zakazuią,1,True,example.txt:48950
Zakonnych,1,False,example.txt:13375
Zalaschny,1,False,example.txt:44830
Zaleharum,1,False,example.txt:30895
Zalosno,1,False,example.txt:20125
Zalowicem,1,False,example.txt:46704
Zamblorona,1,False,example.txt:13548
Zambrowar,1,False,example.txt:27717
Zamerstinopolitanorum,1,False,example.txt:18736
Zamerstinoviensis,1,False,example.txt:17009
Zamerstinowiensem,1,False,example.txt:17014
Zamexshrowo,1,False,example.txt:20859
Zameyskiemi,1,False,example.txt:29569
Zamiastka,1,False,example.txt:21853
Zamiesskowska,2,False,example.txt:26870; example.txt:26880
Zamoscie,2,False,example.txt:26483; example.txt:39464
Zamoystym,1,False,example.txt:4326
Zamwdowa,1,False,example.txt:33104
Zaniawa,1,False,example.txt:39510
Zankowna,1,False,example.txt:3201
Zankrei,1,False,example.txt:31329
Zannetonsoris,1,False,example.txt:14424
Zanniesko,1,False,example.txt:20488
Zapacha,1,False,example.txt:51022
Zapieczetowala,1,True,example.txt:38345
Zapiensona,1,False,example.txt:13453
Zapolszki,1,True,example.txt:15288
Zapomniany,1,False,example.txt:23397
Zaprawde,1,False,example.txt:4906
Zarbarias,1,False,example.txt:45948
Zarkowsky,2,False,example.txt:18835; example.txt:18840
Zarnicze,1,True,example.txt:47352
Zarobka,1,False,example.txt:34957
Zarobym,1,False,example.txt:23914
Zasadzilo,1,True,example.txt:34380
Zascianek,1,False,example.txt:47215
Zasedl,1,False,example.txt:16467
Zasiaglo,2,False,example.txt:46346; example.txt:46349
Zasieziglo,1,False,example.txt:51234
Zaskliepi,1,False,example.txt:37935
Zaskopocze,1,True,example.txt:19197
Zaskopoczenie,2,True,example.txt:19187; example.txt:19189
Zaslubnego,1,False,example.txt:31853
Zastanoil,1,False,example.txt:13042
Zastany,1,False,example.txt:28787
Zastawion,1,False,example.txt:44530
Zastawiona,1,False,example.txt:28783
Zastawow,1,False,example.txt:50082
Zastnicziego,1,True,example.txt:16972
Zastowali,1,False,example.txt:31951
Zastąpić,1,True,example.txt:41839
Zaszlismy,1,True,example.txt:30446
Zatanbyone,1,False,example.txt:17348
Zathmar,1,False,example.txt:25316
Zathplacu,1,False,example.txt:47216
Zaturskiey,1,False,example.txt:22397
Zauberowska,1,False,example.txt:14321
Zaudlic,1,False,example.txt:4953
Zaudlucz,1,True,example.txt:4947
Zawady,1,False,example.txt:25012
Zawiedzi,1,True,example.txt:20144
Zaxascia,2,False,example.txt:14593; example.txt:14594
Zaypeczum,1,True,example.txt:21916
Zazylo,1,False,example.txt:28340
Zbaraslium,1,False,example.txt:3380
Zberowski,1,False,example.txt:44836
Zbienska,1,False,example.txt:24067
Zcatorij,1,False,example.txt:17170
Zdaroma,1,False,example.txt:38337
Zdroiek,1,False,example.txt:25312
Zduńskiey,1,True,example.txt:33588
Zdzialam,1,True,example.txt:48421
Zebraecza,1,True,example.txt:28951
Zebrauska,1,False,example.txt:25390
Zechowri,2,False,example.txt:44324; example.txt:44348
Zecleczki,1,True,example.txt:45333
Zecznowic,1,True,example.txt:20052
Zediany,1,False,example.txt:42300
Zeffero,1,False,example.txt:43621
Zegarki,1,False,example.txt:49373
Zegarmistrzom,1,True,example.txt:50054
Zegarmistrzowie,1,True,example.txt:50545
Zeglarz,1,True,example.txt:11869
Zeglarzom,1,True,example.txt:11868
Zeiwz,1,False,example.txt:37735
Zelazna,1,False,example.txt:11721
Zelebru,1,False,example.txt:22279
Zelebrucze,1,True,example.txt:22277
Zelechowski,1,False,example.txt:22974
Zeleogorscze,1,True,example.txt:18042
Zelianski,1,False,example.txt:30826
Zeliazny,1,False,example.txt:17009
Zellasnumsortos,1,False,example.txt:45955
Zellifex,1,False,example.txt:43335
Zelman,1,False,example.txt:41489
Zelobycski,1,False,example.txt:40480
Zelobynsk,1,False,example.txt:37677
Zembrziczki,1,True,example.txt:45779
Zembylwi,1,False,example.txt:8234
Zemelczanka,1,True,example.txt:44725
Zemelka,2,False,example.txt:15374; example.txt:51121
Zemianek,1,False,example.txt:15527
Zencari,1,False,example.txt:7089
Zerkwa,1,False,example.txt:5889
Zerniensi,1,False,example.txt:12827
Zeruanien,1,False,example.txt:15395
Zerwan,1,False,example.txt:49230
Zerwanien,1,False,example.txt:44111
Zesecki,1,False,example.txt:40505
Zetritius,1,False,example.txt:43875
Zewanien,1,False,example.txt:9690
Zewanienkowskia,1,False,example.txt:9690
Zewściorkow,1,True,example.txt:33029
Zexymowicz,1,True,example.txt:20235
Zezepel,2,False,example.txt:17959; example.txt:17960
Zezwolo,1,False,example.txt:23402
Zglians,1,False,example.txt:33481
Zglosonil,1,False,example.txt:20120
Zgmardow,1,False,example.txt:33682
Zgnily,1,False,example.txt:15677
Zgodniejszym,1,True,example.txt:38781
Zgodzili,1,True,example.txt:24282
Zgolszkowicz,1,True,example.txt:20374
Zianeswam,1,False,example.txt:46582
Ziarzkowskiey,1,True,example.txt:38555
Ziasdek,1,False,example.txt:22821
Ziańkowey,1,True,example.txt:37098
Zibulthowska,1,False,example.txt:7014
Zibulthowski,1,False,example.txt:7020
Zidaczouiensi,1,True,example.txt:1772
Zidatoviensis,2,False,example.txt:1759; example.txt:19567
Zidowsz,1,True,example.txt:40035
Ziebaczowirt,1,True,example.txt:40997
Ziebrakow,1,False,example.txt:22501
Zielenkowi,1,False,example.txt:17449
Zielinska,2,False,example.txt:4734; example.txt:4736
Zielionem,1,False,example.txt:36288
Zielkarzowic,1,True,example.txt:41658
Zielogorski,1,False,example.txt:29470
Zielogorszki,1,True,example.txt:22788
Ziemianek,2,False,example.txt:15241; example.txt:52376
Ziemlico,1,False,example.txt:16333
Ziemstwo,1,False,example.txt:4246
Ziemszczyzna,1,True,example.txt:25469
Ziemszczyzny,1,True,example.txt:25474
Zienosszy,1,True,example.txt:46682
Zierkossa,1,False,example.txt:15105
Ziernekornis,1,False,example.txt:38470
Zieszkoms,1,True,example.txt:28574
Ziklianx,1,False,example.txt:17189
Ziklianxomi,1,False,example.txt:17183
Zikliarczyk,1,True,example.txt:13539
Zikliarka,1,False,example.txt:13540
Zilczyn,1,True,example.txt:27518
Zimans,1,False,example.txt:18564
Zimnawoda,1,False,example.txt:27459
Zinowar,1,False,example.txt:29096
Ziołkowey,1,True,example.txt:42886
Ziroowar,1,False,example.txt:40842
Zirynik,1,False,example.txt:42698
Zirzynek,2,True,example.txt:42688; example.txt:44200
Ziskinowicz,1,True,example.txt:26640
Zismalsonka,1,False,example.txt:40810
Ziwkylo,1,False,example.txt:17447
Ziwowar,2,False,example.txt:44146; example.txt:44202
Zkonczyna,1,True,example.txt:40140
Zkuscih,1,False,example.txt:5968
Zlatnierzowie,1,True,example.txt:50533
Zlekarza,1,True,example.txt:8169
Zliepsza,1,True,example.txt:23618
Zloczoviensis,1,True,example.txt:19047
Zlothniczego,1,True,example.txt:24210
Zlotomirski,1,False,example.txt:49087
Zlotomis,1,False,example.txt:17745
Zlyftami,2,False,example.txt:36254; example.txt:36256
Zmalborka,1,False,example.txt:18931
Zmarignoszkowska,1,True,example.txt:17448
Zmarnek,1,False,example.txt:30331
Zmasterm,1,False,example.txt:33920
Zmiechowsky,1,False,example.txt:31257
Zmielska,1,False,example.txt:13842
Zmierzenia,1,True,example.txt:17333
Zmigroda,1,False,example.txt:11593
Zmoniwszy,1,True,example.txt:38583
Zmriowska,1,False,example.txt:17787
Zmurowicza,1,True,example.txt:26101
Zmyslia,1,False,example.txt:31272
Znaczby,1,True,example.txt:30448
Znalezienie,1,False,example.txt:24595
Znamion,1,False,example.txt:35984
Znaydowali,1,False,example.txt:24273
Znaydy,1,False,example.txt:34974
Znaymiemieszkam,1,True,example.txt:38112
Znoszeniem,1,True,example.txt:33039
Zobones,1,False,example.txt:5908
Zobopulnie,1,False,example.txt:22336
Zobowiczowi,1,True,example.txt:52860
Zobrusow,2,False,example.txt:17328; example.txt:17330
Zobstenentis,1,False,example.txt:44329
Zocilla,1,False,example.txt:28456
Zodleszny,2,True,example.txt:44091; example.txt:44093
Zodoleichi,1,False,example.txt:50830
Zodricielia,1,False,example.txt:37322
Zofianiam,1,False,example.txt:22506
Zokorszynski,1,True,example.txt:44200
Zokyliczki,1,True,example.txt:36045
Zolieszowska,1,True,example.txt:43772
Zolkew,1,False,example.txt:52670
Zolkiewie,1,False,example.txt:37795
Zolmers,2,False,example.txt:33837; example.txt:33838
Zolmerum,1,False,example.txt:32908
Zolnierz,2,True,example.txt:29724; example.txt:31897
Zolnierzom,1,True,example.txt:23698
Zolodzieyski,1,True,example.txt:23581
Zolsche,1,False,example.txt:27649
ZoltoZielona,1,False,example.txt:13839
Zophiankowszkie,1,True,example.txt:8993
Zophliski,1,False,example.txt:46534
Zopielialta,1,False,example.txt:13839
Zopowiczowi,1,True,example.txt:41815
Zoprawka,1,False,example.txt:43921
Zoradonowski,1,False,example.txt:40703
Zorolska,1,False,example.txt:32373
Zorwanskiey,1,False,example.txt:51816
Zorynek,1,False,example.txt:19923
Zosorinus,1,False,example.txt:45049
Zostabersine,1,False,example.txt:30574
Zoszelmiensis,1,True,example.txt:27548
Zoteckiego,1,False,example.txt:13790
Zoterki,1,False,example.txt:13787
Zotkowic,1,False,example.txt:50921
Zottew,1,False,example.txt:40907
Zowbesche,1,False,example.txt:20860
Zownoskim,2,False,example.txt:25461; example.txt:25461
Zozusek,1,False,example.txt:13840
Zpinmisse,1,False,example.txt:12875
Zrayzerowska,1,False,example.txt:15672
Zretphicz,1,True,example.txt:13809
Zrinek,1,False,example.txt:12191
Zrokonie,1,False,example.txt:22919
Zrymel,1,False,example.txt:42123
Zsyirinek,1,False,example.txt:29094
Ztebiscii,1,False,example.txt:44738
Ztovnithoske,1,False,example.txt:45222
Zubedmieyska,1,False,example.txt:30205
Zubrozen,1,False,example.txt:46782
Zubrski,2,False,example.txt:7483; example.txt:7499
Zubrzem,1,True,example.txt:46786
Zubrzki,1,True,example.txt:45794
Zuentowa,1,False,example.txt:48969
Zukatorowicz,1,True,example.txt:23522
Zulcowanta,1,False,example.txt:13794
Zulczeria,2,True,example.txt:13793; example.txt:13795
Zulikoroszki,2,True,example.txt:16794; example.txt:16807
Zulikow,1,False,example.txt:17604
Zulsantom,1,False,example.txt:11861
Zultbaimerowey,1,False,example.txt:44180
Zultorak,1,False,example.txt:28339
Zultormiczanka,2,True,example.txt:50291; example.txt:50298
Zuntsborg,1,False,example.txt:4999
Zuolenski,1,False,example.txt:5976
Zupbalk,1,False,example.txt:13839
Zuprownik,2,False,example.txt:27646; example.txt:27660
Zuprownika,1,False,example.txt:27659
Zurimtowicz,2,True,example.txt:11392; example.txt:11405
Zurowiensem,1,False,example.txt:48569
Zurylowszki,1,True,example.txt:17584
Zusemiam,1,False,example.txt:20046
Zusemnae,1,False,example.txt:20039
Zussniey,1,False,example.txt:22487
Zuzanka,1,False,example.txt:46316
Zuzannae,1,False,example.txt:36623
Zuzrow,1,False,example.txt:40430
Zuzylone,1,False,example.txt:19948
Zwarczna,1,True,example.txt:26735
Zwedmiescie,1,False,example.txt:19617
Zweigerens,1,False,example.txt:11789
Zwieznego,1,False,example.txt:35008
Zwiliona,1,False,example.txt:11670
Zwinizpis,1,False,example.txt:14090
Zwisiemka,1,False,example.txt:4149
Zwitynski,1,False,example.txt:8998
Związanego,1,True,example.txt:40489
Zwolenski,2,False,example.txt:2824; example.txt:46551
Zybiczka,1,True,example.txt:30834
Zychiem,1,False,example.txt:36299
Zychini,1,False,example.txt:14822
Zychliny,1,False,example.txt:38306
Zychuria,1,False,example.txt:18830
Zycliwemi,2,False,example.txt:16966; example.txt:16970
Zydowskim,2,False,example.txt:25460; example.txt:33587
Zyednia,1,False,example.txt:31977
Zygmunskiego,1,False,example.txt:23291
Zygmęszki,1,True,example.txt:6254
Zylawskie,1,False,example.txt:51920
Zyltswita,1,False,example.txt:34722
Zynkonowicz,1,True,example.txt:14616
Zyschanka,1,False,example.txt:27521
Zyschczyn,1,True,example.txt:27520
Zysysigte,1,False,example.txt:49639
Zywienie,1,False,example.txt:48423
Złobierskie,1,True,example.txt:26411
abalienasse,1,False,example.txt:4828
abcorressione,1,False,example.txt:19876
abdespinatis,1,False,example.txt:46020
abdicando,2,False,example.txt:15086; example.txt:42837
abductiomis,1,False,example.txt:9559
abersars,1,False,example.txt:13121
abhorrem,1,False,example.txt:30032
abireui,1,False,example.txt:21677
abnotatum,1,False,example.txt:23606
abnudam,1,False,example.txt:22872
aborididi,1,False,example.txt:9008
abrogare,1,False,example.txt:24305
abrogauit,1,False,example.txt:20430
abscedens,1,False,example.txt:18356
absecuratione,1,False,example.txt:48134
absolvant,1,False,example.txt:16590
absolvimus,1,False,example.txt:21321
absurdum,1,False,example.txt:50472
abusuum,1,False,example.txt:2564
acceptauerunt,1,False,example.txt:43994
accersitus,1,False,example.txt:31172
accessissent,2,False,example.txt:38441; example.txt:47500
accumbens,1,False,example.txt:46461
accurati,1,False,example.txt:1533
accusat,1,False,example.txt:21318
accusati,1,False,example.txt:16433
accusatos,1,False,example.txt:12663
accusatus,1,False,example.txt:30639
acquirendorum,1,False,example.txt:37613
acquisitionis,1,False,example.txt:1880
acriatem,1,False,example.txt:28699
actualiterque,1,False,example.txt:21986
acusowal,1,False,example.txt:16498
adactauit,1,False,example.txt:28818
adamaszkowe,1,True,example.txt:13835
adaptati,1,False,example.txt:29242
adauerit,1,False,example.txt:20370
addawczy,1,True,example.txt:34397
addendos,1,False,example.txt:29266
addubitaret,1,False,example.txt:30799
adducant,1,False,example.txt:5556
adductas,1,False,example.txt:34665
adduxisse,1,False,example.txt:16642
adhaereat,1,False,example.txt:46180
adhaerere,1,False,example.txt:52188
adherentibus,1,False,example.txt:6124
adhibebatur,1,False,example.txt:46304
adhiberi,1,False,example.txt:21408
adhibiliter,1,False,example.txt:4391
adiacibusque,1,False,example.txt:28599
adificare,2,False,example.txt:26538; example.txt:26539
adigatur,1,False,example.txt:16709
adijciendi,1,False,example.txt:19704
adijsijs,1,False,example.txt:36148
adimeri,1,False,example.txt:29672
adimplebit,1,False,example.txt:39211
adimpletione,1,False,example.txt:41095
adindebatas,1,False,example.txt:27249
adinvenerunt,1,False,example.txt:13396
adinvicemque,1,False,example.txt:51781
adipiendorum,1,False,example.txt:25288
adipisci,1,False,example.txt:2638
adiudicavimus,1,False,example.txt:16272
adiuitalitatem,2,False,example.txt:20306; example.txt:20307
adiunctam,1,False,example.txt:14277
adiunendi,1,False,example.txt:41740
adiunge,1,False,example.txt:39476
adiungeremus,1,False,example.txt:29261
adiungit,1,False,example.txt:21521
adiungunt,1,False,example.txt:41938
adiunxerat,1,False,example.txt:14277
adiurauerat,1,False,example.txt:51628
adiuvandi,1,False,example.txt:8124
adjudicavimus,1,False,example.txt:11298
adlibitum,1,False,example.txt:28669
administrauerunt,1,False,example.txt:9819
adminuentum,1,False,example.txt:24711
admissurum,1,False,example.txt:7652
admitterentur,1,False,example.txt:47071
admittibilis,1,False,example.txt:24752
admiueramus,1,False,example.txt:1099
admonemus,1,False,example.txt:2589
admoneret,1,False,example.txt:9242
admoniti,1,False,example.txt:42654
admonitoria,1,False,example.txt:1434
admonitus,2,False,example.txt:16777; example.txt:51551
admovere,1,False,example.txt:6225
adnotatam,1,False,example.txt:35789
adolescentescertis,1,False,example.txt:13642
adoptati,1,False,example.txt:24319
adoptatos,2,False,example.txt:24315; example.txt:24356
adotego,1,False,example.txt:6452
adpetebat,1,False,example.txt:7777
adscribet,1,False,example.txt:52111
adsecuti,1,False,example.txt:40447
adsignoxandum,1,False,example.txt:47175
adstabant,1,False,example.txt:39253
adstabit,1,False,example.txt:32005
adstipij,1,False,example.txt:28460
adstitiones,1,False,example.txt:52484
adstitit,2,False,example.txt:1785; example.txt:52485
aduenien,1,False,example.txt:40791
aduentare,1,False,example.txt:48674
aduersitatis,1,False,example.txt:28304
aduerten,1,False,example.txt:5536
aduexerit,1,False,example.txt:25801
aduitale,1,False,example.txt:37616
aduitalem,2,False,example.txt:10725; example.txt:10755
adultarum,2,False,example.txt:4986; example.txt:17579
aduocassent,1,False,example.txt:47622
adventaverit,1,False,example.txt:24935
adversariey,1,False,example.txt:31147
advitale,1,False,example.txt:26719
advitalia,1,False,example.txt:37571
adwitalitate,1,False,example.txt:49057
aegroto,1,False,example.txt:39975
aequari,1,False,example.txt:37771
aequiparari,1,False,example.txt:37758
aequivalens,1,False,example.txt:14667
aequivalenter,1,False,example.txt:28847
aestimabat,1,False,example.txt:26848
aestimandam,1,False,example.txt:16518
aestimari,2,False,example.txt:18807; example.txt:34738
aestimat,1,False,example.txt:21587
aestimationis,1,False,example.txt:4552
aestimauerunt,1,False,example.txt:34452
aestimaverunt,2,False,example.txt:17513; example.txt:17765
aestimaveruntque,1,False,example.txt:17082
aetateque,1,False,example.txt:14000
affectoremque,1,False,example.txt:13784
affectowal,1,False,example.txt:29967
afficiebant,1,False,example.txt:51305
affinitate,1,False,example.txt:14107
affirmerunt,1,False,example.txt:49383
afflictionem,1,False,example.txt:22102
afsecutare,1,False,example.txt:52405
aggeribus,1,False,example.txt:51350
aggrauandi,1,False,example.txt:28115
agitaretur,1,False,example.txt:16658
alabastrea,1,False,example.txt:32035
aleburgentibus,1,False,example.txt:34259
alicunde,1,False,example.txt:52180
alienigena,1,False,example.txt:13374
alienować,1,True,example.txt:35983
alioldauico,1,False,example.txt:21301
aliquoque,1,False,example.txt:47979
allaturos,1,False,example.txt:6775
alleganiami,1,False,example.txt:11193
allegowanego,2,False,example.txt:24674; example.txt:31117
allegowanemi,1,False,example.txt:31249
allocutia,2,False,example.txt:29972; example.txt:29979
alloquantur,1,False,example.txt:23312
alloquerdi,1,False,example.txt:50632
almadin,2,False,example.txt:32511; example.txt:32513
almariy,1,False,example.txt:46820
alteruter,2,False,example.txt:2335; example.txt:44524
alterutra,1,False,example.txt:28675
alterutro,1,False,example.txt:48895
altissima,1,False,example.txt:2134
altiusge,1,False,example.txt:37641
amantissimo,1,False,example.txt:18339
ambigen,1,False,example.txt:26123
ambigere,1,False,example.txt:24736
ambigua,1,False,example.txt:9818
ambiguam,1,False,example.txt:338
ambiguitas,1,False,example.txt:47977
ambiguitatem,1,False,example.txt:33220
ambiguitates,1,False,example.txt:51777
ambolegi,1,False,example.txt:8016
amicabilicomponere,1,False,example.txt:17610
amieyziey,1,False,example.txt:27649
amissatio,1,False,example.txt:31129
amitina,1,False,example.txt:13336
amitinum,1,False,example.txt:27871
amonowani,1,False,example.txt:31931
amoremque,1,False,example.txt:23449
amoreque,1,False,example.txt:26715
amoueatur,1,False,example.txt:47111
amplexit,1,False,example.txt:11928
ampliatam,1,False,example.txt:52640
amplissima,2,False,example.txt:14242; example.txt:49564
ampuly,1,False,example.txt:24257
amputare,1,False,example.txt:21887
andiuiri,1,False,example.txt:31131
anelskie,1,False,example.txt:16967
anfractus,2,False,example.txt:16645; example.txt:48531
aniechca,1,False,example.txt:22188
animabus,1,False,example.txt:10073
animadver,1,False,example.txt:7727
animadversione,2,False,example.txt:7723; example.txt:19318
animadversionem,1,False,example.txt:7725
animoque,2,False,example.txt:51404; example.txt:51416
annexione,1,False,example.txt:22236
annoFestum,1,False,example.txt:20867
annotatio,1,False,example.txt:10786
annotationem,1,False,example.txt:13786
annotatumque,1,False,example.txt:782
annuentes,2,False,example.txt:3669; example.txt:7317
annuitate,1,False,example.txt:49236
annullando,1,False,example.txt:8146
annumerandos,1,False,example.txt:44551
anonymi,1,False,example.txt:31062
anserwiem,1,False,example.txt:23353
antacti,1,False,example.txt:6597
antecedenti,1,False,example.txt:37875
antedicta,1,False,example.txt:41764
antedicti,1,False,example.txt:29663
antemeridiano,1,False,example.txt:24855
antesignanum,1,False,example.txt:39105
anteurbana,1,False,example.txt:30482
anticipando,1,False,example.txt:14477
antistiti,1,False,example.txt:18151
antwosa,1,False,example.txt:50971
aperturis,1,False,example.txt:47086
apotecaria,1,False,example.txt:10317
appellabatur,1,False,example.txt:38157
appellationumktore,1,False,example.txt:8800
appellosque,1,False,example.txt:28119
apponebat,1,False,example.txt:16667
apponiturque,1,False,example.txt:31124
apponoban,1,False,example.txt:23946
apportasset,1,False,example.txt:25798
apportata,1,False,example.txt:22112
apportato,1,False,example.txt:46970
appose,1,False,example.txt:42583
appraehen,1,False,example.txt:31515
apprehen,2,False,example.txt:35642; example.txt:39472
apprehendendi,1,False,example.txt:53044
apprehendensis,1,False,example.txt:28902
apprehendere,2,False,example.txt:32782; example.txt:37620
apprehendet,1,False,example.txt:32469
apprehensa,1,False,example.txt:498
apprehensae,1,False,example.txt:4637
appressisse,1,False,example.txt:48584
appretient,1,False,example.txt:4552
approbatoriam,1,False,example.txt:49093
approbowanego,1,False,example.txt:23382
apteke,1,False,example.txt:2043
aptheke,1,False,example.txt:2042
arabice,1,False,example.txt:49676
arbitrabitur,1,False,example.txt:23588
arbitrata,1,False,example.txt:36626
arbitratore,1,False,example.txt:33027
arbitratores,1,False,example.txt:10900
arbitratu,2,False,example.txt:20105; example.txt:21096
archidiaconali,1,False,example.txt:26845
ardexunt,1,False,example.txt:13827
arendandi,1,False,example.txt:42584
arendować,1,True,example.txt:37130
areptione,1,False,example.txt:23983
arestatae,1,False,example.txt:9491
arestatos,2,False,example.txt:11982; example.txt:11983
arestauerant,1,False,example.txt:51266
arestauit,2,False,example.txt:3145; example.txt:27681
arestowal,1,False,example.txt:44634
arestowali,1,False,example.txt:29751
aresztowal,1,True,example.txt:1058
argenteae,1,False,example.txt:14864
arguiente,1,False,example.txt:33815
arguierit,1,False,example.txt:32851
arguieverat,1,False,example.txt:24544
arguique,1,False,example.txt:15307
arguisius,1,False,example.txt:35838
arguisse,1,False,example.txt:48286
arguisseta,1,False,example.txt:35981
armavit,1,False,example.txt:49714
aromatice,1,False,example.txt:45332
arpsledzic,1,True,example.txt:34652
arquievissent,1,False,example.txt:26495
arrenuerant,1,False,example.txt:34112
arreptans,1,False,example.txt:35481
arreptari,1,False,example.txt:38921
arreptatore,1,False,example.txt:25291
arreragii,1,False,example.txt:46897
arrerauerat,1,False,example.txt:12801
arripiunt,1,False,example.txt:16717
arrogoscente,1,False,example.txt:33433
arroratum,1,False,example.txt:42619
artumquage,1,False,example.txt:20045
artykulom,1,False,example.txt:31164
artykułow,2,True,example.txt:3730; example.txt:8979
asekuro,1,False,example.txt:46993
asliezey,1,False,example.txt:31965
assequuta,1,False,example.txt:14631
asseruari,2,False,example.txt:6838; example.txt:32764
asseruassent,1,False,example.txt:46913
assesorowie,1,False,example.txt:35933
asseuera,1,False,example.txt:1025
assidue,1,False,example.txt:51305
associatis,1,False,example.txt:2966
assumendo,1,False,example.txt:12981
astringi,1,False,example.txt:32262
atrialem,1,False,example.txt:51233
atstwo,1,False,example.txt:11161
attemptabit,1,False,example.txt:3464
attendant,1,False,example.txt:10087
attentatisque,1,False,example.txt:24731
attentauerint,1,False,example.txt:51701
attigisse,1,False,example.txt:28497
attingens,2,False,example.txt:22624; example.txt:32092
attingere,1,False,example.txt:31921
attlasu,1,False,example.txt:5192
attrectarit,1,False,example.txt:40158
attreperint,1,False,example.txt:16365
attritas,1,False,example.txt:22101
auctoremque,1,False,example.txt:9923
auctoxatus,1,False,example.txt:27625
audiremus,1,False,example.txt:4369
audiverit,1,False,example.txt:9239
audiveruntque,1,False,example.txt:9909
audivisse,2,False,example.txt:7246; example.txt:7248
audycy,2,False,example.txt:23942; example.txt:23943
auersuros,1,False,example.txt:32185
augendaque,1,False,example.txt:31504
auialibus,1,False,example.txt:43238
auscultandum,1,False,example.txt:5303
auszugow,1,True,example.txt:1299
autographi,1,False,example.txt:24427
autoryzowany,1,False,example.txt:34981
auxifiana,1,False,example.txt:13457
auxiliatores,2,False,example.txt:31063; example.txt:31066
aversoibus,1,False,example.txt:15022
avitamiam,1,False,example.txt:35598
avulsae,1,False,example.txt:4391
avulsam,1,False,example.txt:28734
awisomych,1,False,example.txt:33654
axmaniey,2,False,example.txt:18397; example.txt:18412
azwła,1,True,example.txt:50444
baberken,1,False,example.txt:34475
baczac,1,True,example.txt:23923
baczenie,1,True,example.txt:34563
baczności,1,True,example.txt:31306
baczoby,1,True,example.txt:50371
baczyc,1,True,example.txt:25460
bacząc,1,True,example.txt:76
bagabiy,1,False,example.txt:13840
bagazia,1,False,example.txt:11647
bagazyą,2,True,example.txt:36293; example.txt:36294
balamutne,1,False,example.txt:3699
balwierza,1,True,example.txt:29835
bansarskim,1,False,example.txt:26033
bansarskimis,1,False,example.txt:26038
barosami,1,False,example.txt:32986
barsonu,1,False,example.txt:5173
barszniey,1,True,example.txt:35011
barzacunku,1,True,example.txt:29853
barzemiu,1,True,example.txt:35944
barzobyż,1,True,example.txt:18944
bawaniem,1,False,example.txt:24445
bawełnianych,1,True,example.txt:11727
beaterius,1,False,example.txt:10340
beatique,1,False,example.txt:7838
beczkom,1,True,example.txt:47258
bedacych,1,False,example.txt:8976
bedaczey,1,True,example.txt:46984
bedowama,1,False,example.txt:43066
bedączego,2,True,example.txt:22132; example.txt:22133
belkach,1,False,example.txt:41712
bellicam,1,False,example.txt:48993
bellici,1,False,example.txt:19536
bendacego,1,False,example.txt:33597
bendanczego,1,True,example.txt:30627
bendnosci,1,False,example.txt:38347
bendocenie,1,False,example.txt:12881
benefacto,1,False,example.txt:52118
benefactori,2,False,example.txt:18494; example.txt:18522
beneficentiam,1,False,example.txt:18123
benemeriti,1,False,example.txt:23775
benemeritorum,1,False,example.txt:21953
benemeritum,1,False,example.txt:42255
benemienione,1,False,example.txt:44825
beneplacitoscondescendit,1,False,example.txt:17433
beniatem,1,False,example.txt:42330
benigne,1,False,example.txt:10089
benignum,1,False,example.txt:21949
berentales,1,False,example.txt:1623
berososque,1,False,example.txt:52825
besciti,1,False,example.txt:27425
bezecs,1,False,example.txt:37352
bezsczonego,1,True,example.txt:10872
bicularius,1,False,example.txt:13900
bienstwo,1,False,example.txt:11038
bierane,1,False,example.txt:8647
bierost,1,False,example.txt:33162
bieruszon,1,True,example.txt:46828
biexisse,1,False,example.txt:31228
bieżemy,1,True,example.txt:50554
biiąmi,2,True,example.txt:30427; example.txt:30432
bimembrem,1,False,example.txt:24539
binacium,1,False,example.txt:25232
biodlarz,1,True,example.txt:23280
biorąc,1,True,example.txt:41811
bircith,1,False,example.txt:33571
birungo,1,False,example.txt:26517
bledom,1,False,example.txt:10853
blekitna,1,False,example.txt:10815
blekitney,1,False,example.txt:32993
blicari,1,False,example.txt:1342
blierowny,1,False,example.txt:23047
blionowy,1,False,example.txt:23194
bliskosci,2,False,example.txt:11180; example.txt:29211
blisniąth,1,True,example.txt:33440
blissego,1,False,example.txt:14100
blizał,1,True,example.txt:30672
blizenkich,1,False,example.txt:30428
bliznieth,1,False,example.txt:33921
bliższego,1,True,example.txt:27918
bodzieistwa,1,True,example.txt:45077
bogirzai,1,True,example.txt:33111
boiaźni,1,True,example.txt:30807
bokach,1,False,example.txt:40728
bombardam,1,False,example.txt:29416
boniemożnego,1,True,example.txt:8886
bonitatis,1,False,example.txt:5346
bonszki,1,True,example.txt:15144
bosczka,1,True,example.txt:38341
bostolyka,1,False,example.txt:30684
boszczyku,2,True,example.txt:1399; example.txt:33190
boszykowskiey,1,True,example.txt:31152
bouicins,1,False,example.txt:40934
bouicus,1,False,example.txt:11444
bozanciem,1,False,example.txt:42323
bożnicy,1,True,example.txt:37090
brabitur,1,False,example.txt:52576
brachiis,1,False,example.txt:37762
braciomgamdziesi,1,True,example.txt:22414
brajcharom,1,False,example.txt:11689
braliszy,1,True,example.txt:23419
bramote,1,False,example.txt:17262
bramygrany,1,False,example.txt:40716
branzgrefsi,1,False,example.txt:50145
braterski,1,False,example.txt:41831
braterskie,1,False,example.txt:38328
braterskiey,1,False,example.txt:3309
bratersko,1,False,example.txt:18422
braterstwa,1,False,example.txt:10965
braterstwo,1,False,example.txt:49926
bratowi,1,False,example.txt:8676
brawszky,1,True,example.txt:47335
braxantibus,1,False,example.txt:629
breuitati,1,False,example.txt:31040
breviarum,1,False,example.txt:24993
brexse,1,False,example.txt:30654
brichtowic,1,False,example.txt:40324
broczki,2,True,example.txt:17551; example.txt:17755
brokont,1,False,example.txt:10045
broniami,2,False,example.txt:30522; example.txt:30962
broniemia,2,False,example.txt:29973; example.txt:30559
bronienia,2,False,example.txt:30013; example.txt:35014
bronienie,1,False,example.txt:30958
bronione,1,False,example.txt:49820
brosciańs,1,True,example.txt:22461
brovski,1,False,example.txt:29259
browskii,1,False,example.txt:11589
brzense,1,True,example.txt:34043
brzeselt,1,True,example.txt:44794
brzowiey,1,True,example.txt:50038
brzygato,1,True,example.txt:45643
brzyrzecze,1,True,example.txt:44794
brzythey,1,True,example.txt:30506
bubyanielskie,1,False,example.txt:21852
bubysli,1,False,example.txt:30379
budbien,1,False,example.txt:30658
budowac,2,False,example.txt:5415; example.txt:37729
budowal,1,False,example.txt:825
budowat,1,False,example.txt:5412
budować,1,True,example.txt:12193
budrość,1,True,example.txt:22140
budziecsal,1,True,example.txt:31095
budziesz,2,True,example.txt:26015; example.txt:26022
bulkami,1,False,example.txt:17247
bultory,1,False,example.txt:17269
burchro,1,False,example.txt:27704
burconem,1,False,example.txt:34715
burdarz,1,True,example.txt:30019
busmino,1,False,example.txt:35964
butislupkow,1,False,example.txt:47213
buymał,1,True,example.txt:17109
bułaego,1,True,example.txt:40580
bykowirt,1,False,example.txt:41018
bylszym,1,True,example.txt:46997
bynajmniej,1,False,example.txt:6482
bypuszimin,1,True,example.txt:22923
bystyiś,1,True,example.txt:22451
bywaiam,1,False,example.txt:12381
bywawal,1,False,example.txt:12383
bywałem,1,True,example.txt:40117
będącsze,1,True,example.txt:31900
będącyis,1,True,example.txt:7361
błogosławienstwa,1,True,example.txt:16940
błękitny,1,True,example.txt:40727
błękitnym,1,True,example.txt:5175
caelario,1,False,example.txt:10320
caeremoni,1,False,example.txt:23154
caeremonijs,1,False,example.txt:22945
calumniae,1,False,example.txt:9214
calumnian,1,False,example.txt:16998
camerularum,1,False,example.txt:19664
campanae,1,False,example.txt:5886
campiano,1,False,example.txt:34939
capronowych,1,False,example.txt:11725
captavit,1,False,example.txt:2191
captinatus,1,False,example.txt:31293
captivus,1,False,example.txt:4720
carnalium,1,False,example.txt:21161
cauensque,1,False,example.txt:37783
cauillationes,1,False,example.txt:25946
causameam,1,False,example.txt:28449
causaverrionis,1,False,example.txt:39850
causidic,1,False,example.txt:52576
całością,1,True,example.txt:8663
ccessorow,1,False,example.txt:13385
cechowych,1,False,example.txt:41843
cellaria,2,False,example.txt:13882; example.txt:13884
cellarijs,2,False,example.txt:13879; example.txt:16625
celnemi,1,False,example.txt:37712
censuissent,1,False,example.txt:21876
censumque,1,False,example.txt:42584
censusque,2,False,example.txt:28955; example.txt:47411
centenarii,1,False,example.txt:41765
cerathey,1,False,example.txt:30041
ceremonia,1,False,example.txt:52879
cereuisiam,2,False,example.txt:611; example.txt:627
cerevisiorum,1,False,example.txt:26615
certitudi,2,False,example.txt:18644; example.txt:27299
certowic,1,False,example.txt:107
ceruisiam,1,False,example.txt:16825
ceruleice,1,False,example.txt:49676
ceruleico,1,False,example.txt:49674
cessionetitulo,1,False,example.txt:19857
cetusso,1,False,example.txt:38827
chabruie,1,False,example.txt:30017
chalianka,1,False,example.txt:22056
champlem,1,False,example.txt:34616
chapciami,1,False,example.txt:13843
chapowia,1,False,example.txt:44825
chałupy,2,True,example.txt:30964; example.txt:30964
chcecie,1,False,example.txt:294
chcialobic,1,False,example.txt:30324
chciałżem,1,True,example.txt:38652
chcieliże,1,True,example.txt:23367
chciwosci,1,False,example.txt:38776
chetnego,1,False,example.txt:37047
chlewem,1,False,example.txt:4266
chliarz,1,True,example.txt:13986
chlopcza,1,True,example.txt:40403
chlopie,1,False,example.txt:23353
chlopow,1,False,example.txt:30358
chlopy,1,False,example.txt:30359
chodzili,1,True,example.txt:30964
chomonto,1,False,example.txt:49850
chomych,1,False,example.txt:8962
chowanow,1,False,example.txt:33042
chudze,1,True,example.txt:29204
chusbarzowi,1,True,example.txt:33173
chutnem,1,False,example.txt:33160
chuzinowych,1,False,example.txt:32977
chwalstwa,1,False,example.txt:29702
chwytac,1,False,example.txt:30332
chybish,1,False,example.txt:23971
chyspana,1,False,example.txt:22530
chętnym,1,True,example.txt:38584
chłopiąem,1,True,example.txt:40118
chłopowicza,1,True,example.txt:26422
ciasmeysze,1,True,example.txt:49656
ciciensis,1,False,example.txt:21834
ciemnozielonego,1,False,example.txt:5172
ciemny,2,False,example.txt:2381; example.txt:3622
cierpiącemi,1,True,example.txt:29693
cierpliwosci,1,False,example.txt:45082
cierpliwym,1,False,example.txt:45079
ciesliow,1,False,example.txt:12057
cificatam,1,False,example.txt:52984
cignął,1,True,example.txt:3978
cioteczna,2,True,example.txt:13330; example.txt:14116
cioteczną,2,True,example.txt:27906; example.txt:27913
ciowanie,1,False,example.txt:24641
circuitu,1,False,example.txt:51118
circumcirca,1,False,example.txt:50011
circumferentialiter,2,False,example.txt:12543; example.txt:41135
circumferentiis,1,False,example.txt:23109
circumiacebat,1,False,example.txt:52541
circumscriptum,1,False,example.txt:24987
circumspectam,1,False,example.txt:17081
circumspectione,1,False,example.txt:12828
circumspectis,1,False,example.txt:12043
circumstantiam,1,False,example.txt:31350
circumstantiatisque,1,False,example.txt:37998
circumstantijs,2,False,example.txt:19101; example.txt:22961
circumuenti,1,False,example.txt:562
circumventus,1,False,example.txt:5097
cisawy,1,False,example.txt:3505
cisciowna,1,False,example.txt:22621
cishaya,1,False,example.txt:16171
ciskanski,1,False,example.txt:2170
cisnac,1,False,example.txt:2258
citabitur,1,False,example.txt:27182
citatumArmenos,1,False,example.txt:27273
citaverat,1,False,example.txt:51881
ciągnie,2,True,example.txt:41844; example.txt:50956
ciągniona,1,True,example.txt:10582
ciągnąć,1,True,example.txt:25016
cięzko,1,True,example.txt:8936
ciężarek,1,True,example.txt:33087
ciężką,1,True,example.txt:35944
clamosis,1,False,example.txt:17037
clandestine,1,False,example.txt:46283
clandestini,1,False,example.txt:17032
clandestino,2,False,example.txt:39871; example.txt:46276
clandestinum,1,False,example.txt:14262
clauesque,1,False,example.txt:13864
clinatory,1,False,example.txt:23961
cludendi,1,False,example.txt:5667
clueret,1,False,example.txt:47111
cluserit,2,False,example.txt:39347; example.txt:44846
cniexni,1,False,example.txt:36263
cnotliwie,1,False,example.txt:10627
cnotliwosci,1,False,example.txt:34635
cnotliwych,1,False,example.txt:10605
coadunata,2,False,example.txt:29486; example.txt:33464
coadunati,1,False,example.txt:31067
coaedificibus,1,False,example.txt:48344
coclear,1,False,example.txt:23645
coclearia,1,False,example.txt:12027
coemendo,2,False,example.txt:10083; example.txt:10109
coemiterio,1,False,example.txt:47383
coercebitur,1,False,example.txt:5560
coexequutorum,1,False,example.txt:20575
cogeretur,1,False,example.txt:22992
cogitant,1,False,example.txt:28663
cognoscendis,1,False,example.txt:18053
cognoscendum,1,False,example.txt:35714
cognoscet,1,False,example.txt:37767
cohabitabat,1,False,example.txt:26526
cohabitatorum,1,False,example.txt:24299
cohebent,1,False,example.txt:48937
cohercioni,1,False,example.txt:44943
cointelligen,1,False,example.txt:40679
cointelligenciam,1,False,example.txt:26245
cointelligentiam,1,False,example.txt:40671
cokladzik,1,True,example.txt:8802
collapsum,1,False,example.txt:14500
collectoriali,1,False,example.txt:42504
colligere,1,False,example.txt:25899
collitigantibus,1,False,example.txt:41739
collocandis,1,False,example.txt:37519
collocavit,1,False,example.txt:40853
columnas,1,False,example.txt:9585
comarcek,1,False,example.txt:26403
combabus,1,False,example.txt:5530
comber,1,False,example.txt:25010
combinauerit,1,False,example.txt:11327
comendato,1,False,example.txt:22379
comiunxerunt,1,False,example.txt:6022
commercia,1,False,example.txt:4232
commigrabet,2,False,example.txt:28271; example.txt:28277
commisclauit,1,False,example.txt:2318
commiseritque,1,False,example.txt:48097
committat,1,False,example.txt:2554
committerent,1,False,example.txt:15260
committeret,1,False,example.txt:7316
commiventia,1,False,example.txt:21398
commodati,1,False,example.txt:47176
commodatitio,1,False,example.txt:4601
commodatori,1,False,example.txt:39072
commodauerat,1,False,example.txt:47544
commodissime,2,False,example.txt:29366; example.txt:33735
commonefacere,1,False,example.txt:24937
commonstra,2,False,example.txt:9569; example.txt:32720
commonstrabuntur,1,False,example.txt:33811
commonstrata,1,False,example.txt:40000
commonstratam,1,False,example.txt:19439
commostrata,1,False,example.txt:9589
commotetur,1,False,example.txt:17020
communierunt,1,False,example.txt:51794
comonstravit,1,False,example.txt:3279
compatibilis,1,False,example.txt:6889
compensam,2,False,example.txt:25172; example.txt:37606
compensandum,1,False,example.txt:52682
compenset,1,False,example.txt:22115
compertum,2,False,example.txt:46016; example.txt:48807
compescerent,1,False,example.txt:346
competuum,1,False,example.txt:47457
complanarunt,1,False,example.txt:51779
complanatio,1,False,example.txt:49801
complectuntur,1,False,example.txt:16230
complette,1,False,example.txt:45310
componant,1,False,example.txt:19297
compotem,2,False,example.txt:28500; example.txt:34539
comprehen,1,False,example.txt:32941
comprehensas,1,False,example.txt:48498
comprehensionis,1,False,example.txt:39104
comprehensis,1,False,example.txt:40456
comprehensum,1,False,example.txt:48168
comprovidem,1,False,example.txt:18088
conaretur,1,False,example.txt:21380
concedibilis,1,False,example.txt:22958
conciliando,1,False,example.txt:34199
concionatoris,1,False,example.txt:31390
concionis,1,False,example.txt:5893
concludendo,2,False,example.txt:30625; example.txt:49453
concluduie,1,False,example.txt:26204
concomittauit,1,False,example.txt:4794
condeliber,1,False,example.txt:46418
condemnatoriis,1,False,example.txt:41044
condemnatur,1,False,example.txt:14294
condemnavit,1,False,example.txt:29380
condensarios,1,False,example.txt:14518
condiciey,1,False,example.txt:13104
condikiey,1,False,example.txt:30168
conditoresque,1,False,example.txt:51449
condonare,1,False,example.txt:41399
conductoribus,1,False,example.txt:26881
conduxisse,1,False,example.txt:36484
condychey,1,False,example.txt:13095
confesserari,1,False,example.txt:26218
conffitowac,1,False,example.txt:31903
confitere,1,False,example.txt:48746
confixmowali,1,False,example.txt:35026
confixos,1,False,example.txt:37415
confixum,1,False,example.txt:35967
conflagrata,1,False,example.txt:29408
conflagrationis,1,False,example.txt:29415
conflagravit,1,False,example.txt:38800
conflaturus,1,False,example.txt:44530
confrontatio,1,False,example.txt:14964
confusam,1,False,example.txt:25878
confutant,1,False,example.txt:23960
confutowal,1,False,example.txt:31251
congregatio,1,False,example.txt:37217
congregauerat,1,False,example.txt:6090
congruae,1,False,example.txt:3668
congruis,1,False,example.txt:23476
conguiteros,1,False,example.txt:31596
conheredi,1,False,example.txt:5481
coniecturis,1,False,example.txt:32285
conieysista,1,False,example.txt:27717
conijciendi,1,False,example.txt:4213
conmonstratis,1,False,example.txt:5313
connubii,2,False,example.txt:42345; example.txt:43006
conpossidentium,1,False,example.txt:47059
conprehensatione,1,False,example.txt:24335
conquesti,1,False,example.txt:43180
consangui,1,False,example.txt:15085
conscende,1,False,example.txt:10202
conscivisse,1,False,example.txt:44604
consecuturum,2,False,example.txt:25713; example.txt:38968
consekwenter,1,False,example.txt:34978
consenhen,1,False,example.txt:17490
consenhientes,1,False,example.txt:18837
consequen,1,False,example.txt:28099
conseruabimus,1,False,example.txt:27482
conservandam,2,False,example.txt:976; example.txt:21368
consiliatusque,1,False,example.txt:18305
consimile,1,False,example.txt:50543
conspectu,1,False,example.txt:34686
conspicantes,1,False,example.txt:2216
conspicienda,2,False,example.txt:5532; example.txt:5533
conspiciendi,1,False,example.txt:5536
constabiluros,1,False,example.txt:43866
constansque,1,False,example.txt:37602
constituentesque,1,False,example.txt:39135
consubstitutusve,1,False,example.txt:35112
consuetae,2,False,example.txt:15072; example.txt:15089
consuluendo,1,False,example.txt:44753
consumabitur,1,False,example.txt:12609
consummatae,1,False,example.txt:8132
consummierit,1,False,example.txt:51041
consutonisSui,1,False,example.txt:14042
contactaret,1,False,example.txt:48638
contaminauit,1,False,example.txt:14293
contemnunt,1,False,example.txt:11964
contemptionem,1,False,example.txt:51308
conthoralis,1,False,example.txt:32769
contirmis,1,False,example.txt:45618
contleus,1,False,example.txt:44779
contradicoual,1,False,example.txt:33642
contradicowac,1,False,example.txt:22346
contradicturnosque,1,False,example.txt:4021
contramoxatum,1,False,example.txt:49318
contraveniant,1,False,example.txt:49440
contravertitur,1,False,example.txt:51063
contribuant,1,False,example.txt:20206
controuertebatur,1,False,example.txt:19483
controversiasmonuerent,1,False,example.txt:28866
controvertentibus,1,False,example.txt:5063
contumeliis,2,False,example.txt:5541; example.txt:51305
conuenienter,1,False,example.txt:52271
conuenticula,1,False,example.txt:16432
conuincen,1,False,example.txt:30594
conuinci,1,False,example.txt:51643
conuolauerit,1,False,example.txt:37623
convocare,1,False,example.txt:4228
convulsam,1,False,example.txt:22108
cooperandum,1,False,example.txt:12064
cooperatore,1,False,example.txt:32904
cooptatus,1,False,example.txt:25126
cooptaverunt,1,False,example.txt:33281
copularetur,1,False,example.txt:24900
copulaverat,1,False,example.txt:8194
coquime,1,False,example.txt:47236
coquina,2,False,example.txt:26540; example.txt:47360
coquinae,1,False,example.txt:20317
coquinam,2,False,example.txt:26536; example.txt:33514
corditer,1,False,example.txt:44233
corleasium,1,False,example.txt:36453
correcturae,1,False,example.txt:575
corrigendi,1,False,example.txt:18115
corrigere,1,False,example.txt:30800
corrigor,1,False,example.txt:6373
corrumpatur,1,False,example.txt:46115
corrupto,1,False,example.txt:44676
cossyscy,1,False,example.txt:42539
cotusinals,1,False,example.txt:49427
cragora,1,False,example.txt:36169
creberrime,1,False,example.txt:5543
credibamus,1,False,example.txt:23987
credibiliter,1,False,example.txt:40144
cretarij,1,False,example.txt:19678
criauerat,1,False,example.txt:49162
cudzoziemskich,1,True,example.txt:8606
culamia,1,False,example.txt:39516
cultellis,1,False,example.txt:14864
cumbendari,1,False,example.txt:40018
cumulare,1,False,example.txt:29340
cupabatur,1,False,example.txt:38163
cupiebat,1,False,example.txt:31102
curandum,1,False,example.txt:27950
custodiende,1,False,example.txt:29873
cynicie,1,False,example.txt:294
cyrograffem,1,False,example.txt:2227
cyrograffie,1,False,example.txt:11719
cyrograffow,1,False,example.txt:289
czając,1,True,example.txt:33091
czekaiąni,1,True,example.txt:40115
czekali,1,True,example.txt:49995
czekan,1,True,example.txt:29921
czekass,1,True,example.txt:45083
czenek,2,True,example.txt:33012; example.txt:33016
czenstwa,1,True,example.txt:8592
czepiec,2,True,example.txt:5191; example.txt:17237
czeresni,1,True,example.txt:4276
czesowego,1,True,example.txt:23442
czestokroć,1,True,example.txt:287
czestosci,1,True,example.txt:31857
czianum,1,True,example.txt:36758
czimagdars,1,True,example.txt:11733
czinosci,1,True,example.txt:35957
czkonwey,1,True,example.txt:21139
czlowiekiem,1,True,example.txt:29891
czograt,1,True,example.txt:45055
czoszkowa,1,True,example.txt:26369
czpila,1,True,example.txt:6434
czpiromisky,1,True,example.txt:13893
czsciom,1,True,example.txt:47260
czterdzie,1,True,example.txt:34038
czwornitna,1,True,example.txt:5173
czwornitne,2,True,example.txt:5172; example.txt:5177
czworo,1,True,example.txt:43712
czymosci,1,True,example.txt:37131
czymyla,1,True,example.txt:22342
czynienia,2,True,example.txt:24636; example.txt:49979
czynienie,1,True,example.txt:30967
czysciam,1,True,example.txt:25055
czysciom,2,True,example.txt:25050; example.txt:25054
czysto,1,True,example.txt:8964
czyszczow,1,True,example.txt:6407
cząstkarz,1,True,example.txt:37122
daiagnis,1,False,example.txt:31262
daiapnoz,1,False,example.txt:31356
dalekie,2,False,example.txt:35970; example.txt:37333
daliaiącz,1,True,example.txt:26421
dalibog,1,False,example.txt:16981
dalieBei,1,False,example.txt:22185
dalszowawszy,1,True,example.txt:4240
damascenum,1,False,example.txt:43435
dammage,1,False,example.txt:31445
damnasset,1,False,example.txt:39097
damnidatore,1,False,example.txt:28095
damnificatorem,1,False,example.txt:28103
dampnaque,1,False,example.txt:44772
darowani,1,False,example.txt:50126
darowanie,1,False,example.txt:26057
darował,1,True,example.txt:17323
darowała,1,True,example.txt:22519
darujemy,1,False,example.txt:24264
darunek,1,False,example.txt:42890
dathkiem,1,False,example.txt:36361
daticius,1,False,example.txt:49325
dawanemi,1,False,example.txt:30181
daxtego,1,False,example.txt:38561
daławszy,1,True,example.txt:1299
dbienbeli,1,False,example.txt:33682
dbierski,1,False,example.txt:25362
deauratio,1,False,example.txt:48953
deauriationis,1,False,example.txt:48936
debebimus,1,False,example.txt:26633
debebunturque,1,False,example.txt:52558
debentque,1,False,example.txt:20729
debilitatos,1,False,example.txt:9581
debilitetur,1,False,example.txt:16827
debitaque,1,False,example.txt:48977
debitoremquam,2,False,example.txt:52805; example.txt:52822
debitowac,1,False,example.txt:7604
debuiskie,1,False,example.txt:11184
deburgen,1,False,example.txt:40385
deburshie,1,False,example.txt:31881
decastes,1,False,example.txt:9870
decennium,1,False,example.txt:19530
decernimusque,1,False,example.txt:21770
decernuntur,1,False,example.txt:43546
decessissent,1,False,example.txt:9587
dechiromibus,1,False,example.txt:26159
decident,1,False,example.txt:32618
declarauerunt,1,False,example.txt:32110
declarowali,1,False,example.txt:49945
declarują,1,True,example.txt:29994
declinatoria,1,False,example.txt:16346
declinatory,1,False,example.txt:23959
decumbat,1,False,example.txt:33263
decumbens,1,False,example.txt:768
decurrere,1,False,example.txt:45385
decyzyey,1,False,example.txt:8660
dedignentur,2,False,example.txt:15368; example.txt:15546
dedignis,1,False,example.txt:51374
deducowac,1,False,example.txt:30656
defalcabitur,1,False,example.txt:23657
defalienturQuoniam,1,False,example.txt:18241
defalkować,1,True,example.txt:37390
defalkując,2,True,example.txt:15946; example.txt:15952
defaltam,1,False,example.txt:43361
deffensam,1,False,example.txt:21407
definivit,1,False,example.txt:22913
deflagrauerat,1,False,example.txt:24156
defuturi,1,False,example.txt:11960
degradati,1,False,example.txt:29377
degradaverunt,1,False,example.txt:25129
dehectare,1,False,example.txt:13305
deiurgen,1,False,example.txt:40361
deiussore,2,False,example.txt:5466; example.txt:9966
deiussorowi,1,False,example.txt:45595
deklarowali,1,False,example.txt:49947
deklaruię,1,True,example.txt:3736
dekrecie,1,False,example.txt:10966
delaberentur,1,False,example.txt:35142
delapsidatorum,1,False,example.txt:20904
delapsorum,1,False,example.txt:20898
delatorami,1,False,example.txt:30191
delectari,1,False,example.txt:986
delegatisque,1,False,example.txt:19022
delegerit,1,False,example.txt:648
delezyna,1,False,example.txt:31455
delimitatus,1,False,example.txt:19365
deliowany,1,False,example.txt:19621
deloxy,1,False,example.txt:30573
demandasset,1,False,example.txt:52594
demaroszkiemu,1,True,example.txt:13046
demersus,2,False,example.txt:15001; example.txt:15012
demnitate,1,False,example.txt:4724
demoles,1,False,example.txt:39491
demoliri,2,False,example.txt:19537; example.txt:26873
demolitus,1,False,example.txt:14665
demonstrahi,1,False,example.txt:4376
demonstrat,1,False,example.txt:26802
demonstrati,1,False,example.txt:44710
demonstrauerunt,1,False,example.txt:17699
demonstrauit,1,False,example.txt:27325
demonstraverunt,1,False,example.txt:32940
demonstret,2,False,example.txt:26810; example.txt:26826
denariis,1,False,example.txt:17731
denegabimus,1,False,example.txt:51803
denegandi,1,False,example.txt:28113
denegrinatore,1,False,example.txt:46881
denortuos,1,False,example.txt:9312
denotatum,1,False,example.txt:13211
denotuiąc,1,True,example.txt:29567
deoccupanda,1,False,example.txt:50595
deosculanda,1,False,example.txt:11169
depellit,1,False,example.txt:6200
depiendo,1,False,example.txt:51351
deponendas,1,False,example.txt:39083
deportata,1,False,example.txt:11578
deportatas,1,False,example.txt:9468
depositorialis,1,False,example.txt:43538
depozytu,1,False,example.txt:34039
depraeda,1,False,example.txt:40468
depraedatione,1,False,example.txt:48170
depraedatores,1,False,example.txt:39096
deprecati,1,False,example.txt:22698
depredatione,2,False,example.txt:40668; example.txt:40681
depredationis,1,False,example.txt:40672
deprehensus,1,False,example.txt:30099
deprenhensus,1,False,example.txt:30076
depressus,1,False,example.txt:5263
depulsisque,1,False,example.txt:12598
deriuando,1,False,example.txt:30910
derivare,1,False,example.txt:40268
derogando,1,False,example.txt:8559
derogari,1,False,example.txt:21417
derogatio,1,False,example.txt:35668
derogauit,1,False,example.txt:32841
deroginem,1,False,example.txt:35660
derogomis,1,False,example.txt:14289
deseruientium,1,False,example.txt:47471
desideratissima,1,False,example.txt:14181
desideratissimos,1,False,example.txt:12697
desiderio,1,False,example.txt:52137
desolatur,1,False,example.txt:26951
desponsatae,1,False,example.txt:52633
desponsatus,1,False,example.txt:7500
destinasset,1,False,example.txt:27324
destinauerat,1,False,example.txt:32814
destine,1,False,example.txt:6091
desuperconducta,1,False,example.txt:21050
deteriora,1,False,example.txt:21057
deterioresque,1,False,example.txt:52066
determinandum,1,False,example.txt:9275
determinarunt,1,False,example.txt:50773
detestare,1,False,example.txt:29239
detinebatur,2,False,example.txt:4721; example.txt:31122
detinetur,1,False,example.txt:30075
detractasset,1,False,example.txt:26822
detrahi,1,False,example.txt:39381
deturbationem,1,False,example.txt:14497
deturbato,1,False,example.txt:48160
deuincte,1,False,example.txt:23350
deuinctos,1,False,example.txt:28675
deuinctus,1,False,example.txt:48366
deuolueretur,1,False,example.txt:2558
deuoratu,1,False,example.txt:19086
deuouimus,1,False,example.txt:52526
deveniant,1,False,example.txt:35143
deveniretur,1,False,example.txt:51247
devoluentur,1,False,example.txt:20973
devolvatur,1,False,example.txt:40193
devolvere,1,False,example.txt:4742
devolvetur,1,False,example.txt:10001
devolvuntur,1,False,example.txt:16685
devulutionis,1,False,example.txt:47740
dexemptum,1,False,example.txt:27203
dexteram,1,False,example.txt:18760
diametro,1,False,example.txt:24293
diatorijs,1,False,example.txt:25113
diałował,1,True,example.txt:16953
diciantes,1,False,example.txt:12548
diciemy,1,False,example.txt:8627
dieraky,1,False,example.txt:13837
diffama,1,False,example.txt:4405
diffamatio,1,False,example.txt:35668
diffamatione,1,False,example.txt:35666
differatur,1,False,example.txt:31557
differencyi,1,False,example.txt:49809
differendum,1,False,example.txt:37468
difficili,1,False,example.txt:5828
difficiliori,1,False,example.txt:17515
difficultatibusque,1,False,example.txt:50627
diffinitiuo,1,False,example.txt:46472
diffinitivae,1,False,example.txt:9217
diffiteri,1,False,example.txt:14271
diffitia,1,False,example.txt:9599
dificatum,1,False,example.txt:24156
dignentur,2,False,example.txt:14410; example.txt:18582
dignetur,1,False,example.txt:9124
dignoscendam,1,False,example.txt:48350
dignoscitur,2,False,example.txt:16344; example.txt:51552
dignoscuntur,1,False,example.txt:20903
digregans,1,False,example.txt:26876
diiudican,1,False,example.txt:25224
dikasterij,1,False,example.txt:21424
dilabavit,1,False,example.txt:2023
dilatorie,1,False,example.txt:49340
dilectissimae,1,False,example.txt:15063
diligen,2,False,example.txt:16992; example.txt:20352
diluitam,1,False,example.txt:30087
dimerelo,1,False,example.txt:45852
dimetita,2,False,example.txt:26334; example.txt:41317
diminuendum,1,False,example.txt:51042
dimissarum,1,False,example.txt:12210
dimissiey,1,False,example.txt:26176
dimitte,1,False,example.txt:2830
dirimenda,1,False,example.txt:5454
disceptarent,1,False,example.txt:52605
disciplinamque,1,False,example.txt:21379
discipulorum,1,False,example.txt:42253
discordijs,1,False,example.txt:22651
discrepat,1,False,example.txt:20493
dispensandis,1,False,example.txt:43263
dispensatoris,1,False,example.txt:38940
dispercussorem,1,False,example.txt:48172
disponowal,1,False,example.txt:13192
disponowalem,1,False,example.txt:13045
disputowal,2,False,example.txt:27714; example.txt:27715
dissensionum,2,False,example.txt:16404; example.txt:16407
dissipare,1,False,example.txt:12995
distentos,1,False,example.txt:32904
distrahendi,2,False,example.txt:34739; example.txt:35306
distrahendum,1,False,example.txt:32802
distribuendum,1,False,example.txt:15812
distribuerunt,1,False,example.txt:19283
distributionibus,1,False,example.txt:37405
ditatibus,1,False,example.txt:47359
diudicatione,1,False,example.txt:50289
diuendendas,1,False,example.txt:21610
diuersitate,1,False,example.txt:51839
diuersitatem,1,False,example.txt:51611
diuertens,1,False,example.txt:10094
diuerterat,1,False,example.txt:40442
diuerticulis,1,False,example.txt:12977
diuidatur,1,False,example.txt:48232
diuidendis,1,False,example.txt:18378
diuillam,1,False,example.txt:16647
diuinarum,1,False,example.txt:6055
diuortiata,1,False,example.txt:29447
diuortio,1,False,example.txt:25822
diverterit,1,False,example.txt:14262
divexet,1,False,example.txt:2197
dividitur,1,False,example.txt:42015
divisarum,1,False,example.txt:46839
divisitas,1,False,example.txt:24994
divortiata,2,False,example.txt:35230; example.txt:38046
dixitque,1,False,example.txt:43029
dizeycze,1,True,example.txt:11115
dlenogomai,1,False,example.txt:15682
dlieczki,1,True,example.txt:36527
dlieyscy,1,False,example.txt:37349
dlimsie,1,False,example.txt:29848
dlożył,1,True,example.txt:38582
dluinny,1,False,example.txt:24698
dluyszego,1,True,example.txt:20643
dluznym,1,False,example.txt:45557
dnieysze,1,True,example.txt:50548
dniszthego,1,True,example.txt:37290
dobrmysl,1,False,example.txt:3976
dobrodzieiom,1,True,example.txt:34032
dobrodzieiowi,1,True,example.txt:45579
dobrodzieistwa,2,True,example.txt:698; example.txt:700
dobytkom,2,False,example.txt:33046; example.txt:33047
dobywaiąmi,1,True,example.txt:30428
dobywal,1,False,example.txt:30454
dobywali,1,False,example.txt:30522
dobywami,1,False,example.txt:30427
docendam,1,False,example.txt:21368
dochodze,1,True,example.txt:13184
dochodzic,2,True,example.txt:12629; example.txt:38579
dochodzil,2,True,example.txt:13012; example.txt:16467
dochodzić,1,True,example.txt:39918
dochodzono,1,True,example.txt:33649
dochodzą,1,True,example.txt:40117
dodawania,1,False,example.txt:46985
dofował,1,True,example.txt:27918
dogadzaia,1,True,example.txt:25021
dogladaia,1,False,example.txt:50022
dohandby,1,False,example.txt:36205
doidade,1,False,example.txt:31538
dojazdom,1,False,example.txt:25022
dokadby,1,False,example.txt:7619
dokladaią,1,True,example.txt:36203
dokonczywszy,1,True,example.txt:49984
dokymac,1,False,example.txt:37369
dokład,1,True,example.txt:22439
dokładem,1,True,example.txt:17253
doliwke,1,False,example.txt:13888
dolombus,1,False,example.txt:25112
doloznoscy,1,False,example.txt:36833
dolozono,1,False,example.txt:49647
domadnie,1,False,example.txt:30977
domagabacmia,1,False,example.txt:2256
domagaiąsie,1,True,example.txt:35958
domawiac,1,False,example.txt:12881
domawial,1,False,example.txt:12878
domediany,2,False,example.txt:27678; example.txt:27685
domicelli,1,False,example.txt:13371
domiciaverunt,1,False,example.txt:48154
domicilia,1,False,example.txt:44202
domownikowi,1,False,example.txt:29803
domubrac,1,False,example.txt:3969
domyślamy,2,True,example.txt:24235; example.txt:24242
donieśliśmy,1,True,example.txt:30181
donieść,2,True,example.txt:24239; example.txt:50507
doniosła,2,True,example.txt:30068; example.txt:31191
donisdlo,1,False,example.txt:30643
donisku,1,False,example.txt:22716
donoscy,1,False,example.txt:30180
dopelsal,1,False,example.txt:8810
dopiekal,1,False,example.txt:34968
dopomagac,1,False,example.txt:34646
dopomagania,1,False,example.txt:48427
dopoydna,1,False,example.txt:17022
dopusac,1,False,example.txt:707
dopusali,1,False,example.txt:10612
dopuscil,1,False,example.txt:23935
dopusczac,1,True,example.txt:37323
dopusczona,1,True,example.txt:24616
dopuszczam,2,True,example.txt:3317; example.txt:26061
dopuszczeniem,1,True,example.txt:38541
dopuszczono,1,True,example.txt:37745
dopytwal,1,False,example.txt:23941
doresnia,1,False,example.txt:24271
dorosly,1,False,example.txt:22408
dorosłmych,1,True,example.txt:26080
dorosłości,1,True,example.txt:10596
dorosłym,1,True,example.txt:33093
dorowicz,1,True,example.txt:15498
dosciernor,1,False,example.txt:13965
dosluchy,1,False,example.txt:12371
dosolone,1,False,example.txt:8303
dostawac,1,False,example.txt:8912
dostawai,2,False,example.txt:30561; example.txt:30570
dostoienstwa,2,False,example.txt:23962; example.txt:43498
dostoyniony,1,False,example.txt:30628
doswalam,1,False,example.txt:699
doswiadom,1,False,example.txt:8302
doszłym,1,True,example.txt:33103
dotalicii,2,False,example.txt:51972; example.txt:51999
dotalitii,1,False,example.txt:9893
dotalitio,1,False,example.txt:23154
dotamtey,1,False,example.txt:22336
dotychczas,1,True,example.txt:22158
dotykało,1,True,example.txt:43497
dowamia,1,False,example.txt:30010
dowedet,1,False,example.txt:32000
dowedzicby,1,True,example.txt:37731
dowedziony,1,True,example.txt:45054
dowiaduiemy,1,False,example.txt:2769
dowiesc,1,False,example.txt:50040
dowodnieyssa,1,False,example.txt:12912
dowodskie,1,False,example.txt:13133
doyczylal,1,True,example.txt:31162
doyjnalasku,1,False,example.txt:33697
dozivotne,1,False,example.txt:34999
doznawszy,1,True,example.txt:24456
dozorcom,1,False,example.txt:38125
dozuolić,1,True,example.txt:685
dozwolili,1,False,example.txt:17341
dozwolił,1,True,example.txt:12859
dozywotnemu,1,False,example.txt:33687
dozywotnilo,1,False,example.txt:25463
dożywotnio,2,True,example.txt:41476; example.txt:41479
dragesimalis,1,False,example.txt:5154
drbaniom,1,False,example.txt:36849
drelichowe,1,False,example.txt:11734
drewniana,1,False,example.txt:31582
drewnianych,1,False,example.txt:11683
dringenti,1,False,example.txt:38175
drizadzk,1,True,example.txt:34150
drobnosti,1,False,example.txt:36282
drobnych,2,False,example.txt:5196; example.txt:50809
droszczyznę,1,True,example.txt:22142
drozszych,1,True,example.txt:32975
drubiną,1,True,example.txt:30488
drzewiany,1,True,example.txt:824
drzwicze,1,True,example.txt:37707
drzwiczki,1,True,example.txt:26304
dtwoyt,1,False,example.txt:30206
dubitatur,2,False,example.txt:27229; example.txt:43150
dubnoi,2,False,example.txt:30390; example.txt:30400
ductibilia,1,False,example.txt:50252
duiaprez,1,False,example.txt:39912
dulciarij,1,False,example.txt:17183
dulcissimus,1,False,example.txt:31439
duplicant,1,False,example.txt:30002
duplicato,1,False,example.txt:7559
duplicem,1,False,example.txt:21030
duplicui,1,False,example.txt:50572
durauerit,1,False,example.txt:8867
duserbiskuła,1,True,example.txt:3705
dusprawny,1,False,example.txt:22177
dwiestu,1,False,example.txt:4915
dwiątczmy,1,True,example.txt:41882
dwochset,1,False,example.txt:24274
dwogrodzkiej,1,True,example.txt:29689
dwojgiem,1,False,example.txt:38719
dwornitne,2,False,example.txt:5176; example.txt:5178
dwudziestu,2,True,example.txt:44580; example.txt:45583
dwunasta,1,False,example.txt:8354
dwunitna,2,False,example.txt:5174; example.txt:5175
dwuordzieszon,1,True,example.txt:36241
dyliowania,1,False,example.txt:37803
dyomniku,1,False,example.txt:16169
dysponaly,1,False,example.txt:22414
dysponowai,1,False,example.txt:35983
dysponuią,1,True,example.txt:26082
dyspozycye,1,False,example.txt:22396
dyspozycyi,1,False,example.txt:6485
dzawką,1,True,example.txt:4271
dzesze,1,True,example.txt:15680
dzesznemu,1,True,example.txt:29936
dziadecztwam,1,True,example.txt:31304
dziaiacz,1,True,example.txt:22347
dzialanek,1,True,example.txt:6413
działania,1,True,example.txt:38646
dzicznym,2,True,example.txt:36190; example.txt:41465
dziecieciem,1,True,example.txt:37677
dziecinnym,1,True,example.txt:32729
dzieckiem,1,True,example.txt:13968
dziejpac,1,True,example.txt:36276
dzieliono,1,True,example.txt:17234
dzienalieby,1,True,example.txt:26153
dzierimne,1,True,example.txt:17268
dzierzenia,2,True,example.txt:3963; example.txt:33599
dzierzski,1,True,example.txt:33271
dzierżeniu,1,True,example.txt:31894
dzierżyciele,1,True,example.txt:37105
dzierżynym,1,True,example.txt:33039
dzieszy,1,True,example.txt:29696
dzieuska,1,True,example.txt:37684
dzieweczei,1,True,example.txt:50796
dziewiatym,1,True,example.txt:8053
dziewierzem,1,True,example.txt:48439
dziewietnascie,1,True,example.txt:52860
dziewiąty,1,True,example.txt:11625
dziewięcdziesiąt,1,True,example.txt:9413
dziewka,1,True,example.txt:36307
dzieystwa,1,True,example.txt:23938
dzilowany,1,True,example.txt:16137
dziniko,1,True,example.txt:35022
dzisiejszy,1,True,example.txt:24251
dzisiejszym,1,True,example.txt:30179
dzisienszy,1,True,example.txt:23527
dzisieyszego,1,True,example.txt:31640
dzisieyszey,2,True,example.txt:23737; example.txt:44804
dziwego,2,True,example.txt:10604; example.txt:37050
dziwuią,1,True,example.txt:49361
dziękowal,1,True,example.txt:41815
dzwiki,1,True,example.txt:37745
dzwniar,1,True,example.txt:29853
dzwonego,1,True,example.txt:40491
dzwonieie,1,True,example.txt:39920
dzwonskie,2,True,example.txt:11851; example.txt:11855
dławili,1,True,example.txt:29905
długiosci,1,True,example.txt:17327
dłuzey,1,True,example.txt:845
dłuzny,1,True,example.txt:39947
dłuzsze,1,True,example.txt:25053
eamipsam,1,False,example.txt:2514
eboraile,1,False,example.txt:20639
eborzik,1,True,example.txt:20650
ecinko,1,False,example.txt:31538
eckorris,1,False,example.txt:37906
edificator,1,False,example.txt:47083
edixerat,1,False,example.txt:34537
edoceret,1,False,example.txt:47091
edocturum,1,False,example.txt:20209
educandas,1,False,example.txt:39742
educandis,1,False,example.txt:37603
educatrici,1,False,example.txt:36547
eduxisse,1,False,example.txt:19483
effego,1,False,example.txt:31924
efflagitata,1,False,example.txt:37755
efflorescat,1,False,example.txt:21367
effundens,1,False,example.txt:28653
efserali,1,False,example.txt:44116
egestate,1,False,example.txt:51377
egestatem,1,False,example.txt:48977
eisdemratione,1,False,example.txt:24161
eiurans,1,False,example.txt:5129
elaborati,1,False,example.txt:47559
elaborato,1,False,example.txt:33277
elaborauerint,1,False,example.txt:519
eleemosina,1,False,example.txt:19313
elegisset,1,False,example.txt:2405
eliberaturus,1,False,example.txt:26931
eliberauerint,1,False,example.txt:14846
eliberowala,1,False,example.txt:682
elimitata,1,False,example.txt:26322
elimitatam,2,False,example.txt:12447; example.txt:40286
eliquidare,1,False,example.txt:17373
ellectionevidere,1,False,example.txt:35297
elocravit,1,False,example.txt:5229
elucidando,1,False,example.txt:24588
elucidandum,1,False,example.txt:17371
elucidationem,1,False,example.txt:13827
emalitowany,1,False,example.txt:50800
emendandis,1,False,example.txt:26841
emensurata,1,False,example.txt:12543
emensuraverunt,1,False,example.txt:10426
emergerit,1,False,example.txt:22962
emerserint,1,False,example.txt:32183
emerserit,1,False,example.txt:39998
emigrauit,2,False,example.txt:21583; example.txt:37010
emissarum,1,False,example.txt:534
emittendi,1,False,example.txt:28171
emolendum,1,False,example.txt:18658
emolumen,1,False,example.txt:20023
emolumentow,1,False,example.txt:26192
emovendam,1,False,example.txt:5976
emphemis,1,False,example.txt:12207
empheuticam,1,False,example.txt:26308
emphiteuticario,1,False,example.txt:20199
emphiteutico,1,False,example.txt:35908
emphromis,2,False,example.txt:32255; example.txt:32256
emphyteuticario,1,False,example.txt:7324
emunitatibus,1,False,example.txt:3448
eosipsos,1,False,example.txt:17586
epasic,1,False,example.txt:31538
eplaritas,1,False,example.txt:9068
equalibus,1,False,example.txt:5105
erexerat,1,False,example.txt:34466
erexisse,1,False,example.txt:32274
erileuit,1,False,example.txt:9963
eringis,1,False,example.txt:3861
erogatas,1,False,example.txt:43753
escianskiego,1,False,example.txt:10607
estimauerunt,1,False,example.txt:44208
estoratam,1,False,example.txt:28675
etaequali,1,False,example.txt:20929
etbatorem,1,False,example.txt:23077
etsiuiso,1,False,example.txt:7839
euacuatamque,1,False,example.txt:21061
euacuauerit,1,False,example.txt:28906
euadentem,1,False,example.txt:16120
euasionem,1,False,example.txt:46711
euictrice,1,False,example.txt:38463
euidensias,1,False,example.txt:7767
euidenter,1,False,example.txt:13319
euidentissima,1,False,example.txt:12742
euidentissimi,1,False,example.txt:27609
euidentius,2,False,example.txt:27486; example.txt:43267
euincemus,1,False,example.txt:27484
euincendo,1,False,example.txt:49495
euincitum,1,False,example.txt:52684
euitaret,1,False,example.txt:25225
eulchri,1,False,example.txt:14520
eundAnte,1,False,example.txt:20317
eundemTorossowiczi,1,True,example.txt:41025
euzonem,1,False,example.txt:36210
evacuauerit,1,False,example.txt:49257
evacuet,1,False,example.txt:21551
evasisset,1,False,example.txt:48161
evictrice,1,False,example.txt:38479
evidentioris,1,False,example.txt:1345
evidentius,2,False,example.txt:2056; example.txt:21997
evitando,1,False,example.txt:41921
ewazel,1,False,example.txt:6434
ewgodzine,1,True,example.txt:11041
exactissime,1,False,example.txt:48755
exactium,1,False,example.txt:26929
exadificatam,1,False,example.txt:44001
exadificatus,1,False,example.txt:34774
exaduando,1,False,example.txt:26246
exaedificata,1,False,example.txt:43060
exaedificavit,1,False,example.txt:44482
exaequare,1,False,example.txt:26640
exaequata,1,False,example.txt:22114
exaigowal,1,False,example.txt:24608
exaudirent,2,False,example.txt:36; example.txt:68
exaudiret,1,False,example.txt:770
excarauit,1,False,example.txt:16826
exceperat,1,False,example.txt:24547
excepriey,1,False,example.txt:24666
excessom,1,False,example.txt:49631
excessus,2,False,example.txt:7725; example.txt:50194
excipowali,1,False,example.txt:22862
excitowali,1,False,example.txt:31211
excludendi,1,False,example.txt:14281
excogitabunt,1,False,example.txt:26125
excogitari,1,False,example.txt:26666
excogitasse,1,False,example.txt:49241
excogitat,1,False,example.txt:22981
excogitatum,1,False,example.txt:39814
excoluendas,1,False,example.txt:14213
excrescabili,1,False,example.txt:18547
excresceney,1,False,example.txt:35497
excultam,2,False,example.txt:21363; example.txt:28683
excurrentibus,1,False,example.txt:27459
excusando,1,False,example.txt:39608
excusante,1,False,example.txt:44667
excusarent,1,False,example.txt:216
excusaret,1,False,example.txt:36412
excusasit,1,False,example.txt:38703
excusit,1,False,example.txt:14286
excussis,1,False,example.txt:47103
excusso,1,False,example.txt:51770
exegerat,1,False,example.txt:8730
exemphene,1,False,example.txt:38062
exempla,1,False,example.txt:31143
exemplas,1,False,example.txt:8224
exemplo,2,False,example.txt:5542; example.txt:22858
exemplum,1,False,example.txt:5445
exemptum,1,False,example.txt:12356
exequatur,1,False,example.txt:43191
exequauit,2,False,example.txt:5543; example.txt:16414
exequerent,1,False,example.txt:26535
exequuta,1,False,example.txt:7456
exequutro,1,False,example.txt:27698
exequutus,2,False,example.txt:10108; example.txt:31435
exercerentur,1,False,example.txt:48650
exercitae,1,False,example.txt:4609
exerentur,1,False,example.txt:19111
exerrabunt,1,False,example.txt:20025
exeundum,1,False,example.txt:20220
exhadant,1,False,example.txt:17904
exhausta,1,False,example.txt:27141
exhaustum,1,False,example.txt:26605
exhereditatus,1,False,example.txt:37201
exhibereatque,1,False,example.txt:19794
exhibuerfacere,1,False,example.txt:20259
exicho,1,False,example.txt:18630
exigowal,2,False,example.txt:24598; example.txt:24613
exiguitatem,1,False,example.txt:42813
exiliter,1,False,example.txt:19632
existima,1,False,example.txt:23229
existimatio,1,False,example.txt:31444
existimauerat,1,False,example.txt:51623
existimauerint,1,False,example.txt:23130
existimauerit,2,False,example.txt:18024; example.txt:45976
existimavit,1,False,example.txt:2018
existimet,1,False,example.txt:25945
existisset,1,False,example.txt:5724
exisyścii,1,True,example.txt:8605
exitibus,1,False,example.txt:23065
exiverint,1,False,example.txt:32716
exlaborata,1,False,example.txt:44907
exmensuratione,1,False,example.txt:4374
exochanei,1,False,example.txt:13387
exoluendi,2,False,example.txt:12579; example.txt:14236
exondowat,1,False,example.txt:45561
exonerare,1,False,example.txt:7783
exonerat,1,False,example.txt:944
exonerauerunt,1,False,example.txt:27012
exorcon,1,False,example.txt:47362
exordio,1,False,example.txt:20271
exornata,1,False,example.txt:32505
exornaturum,1,False,example.txt:37924
exorogaverunt,1,False,example.txt:5336
exortarum,2,False,example.txt:37514; example.txt:42174
exortas,1,False,example.txt:24177
expadente,1,False,example.txt:45608
expectandoque,1,False,example.txt:16297
expendant,1,False,example.txt:30798
expensisbili,1,False,example.txt:9776
expertus,1,False,example.txt:24517
expetissent,1,False,example.txt:1395
expirante,1,False,example.txt:16702
expirat,1,False,example.txt:38801
expirata,1,False,example.txt:20541
expirowac,1,False,example.txt:38518
explendam,1,False,example.txt:40156
expletam,1,False,example.txt:24940
explicabat,1,False,example.txt:17360
explicaret,1,False,example.txt:31499
explicate,1,False,example.txt:4004
explicuje,1,False,example.txt:38732
explodisse,1,False,example.txt:29416
exponebant,1,False,example.txt:50510
exponebat,2,False,example.txt:34948; example.txt:52416
expostans,1,False,example.txt:26076
expostulabat,1,False,example.txt:27862
expugnauerit,1,False,example.txt:10118
expugnionis,1,False,example.txt:48501
expurgabat,1,False,example.txt:40670
expurgan,1,False,example.txt:41277
expurgandam,1,False,example.txt:23267
expurgandum,1,False,example.txt:1326
expurgatam,2,False,example.txt:6072; example.txt:32352
expurgatas,1,False,example.txt:48256
expurgauit,2,False,example.txt:35665; example.txt:35669
expurget,1,False,example.txt:21551
exscriptura,1,False,example.txt:47535
exsequebantur,1,False,example.txt:13752
exsoluant,1,False,example.txt:47639
exspatiari,1,False,example.txt:47113
exspectarent,1,False,example.txt:6195
exspirato,1,False,example.txt:3153
exstabit,1,False,example.txt:52108
exstructa,1,False,example.txt:35840
exstructis,1,False,example.txt:52518
exstruendo,1,False,example.txt:6191
exstruere,2,False,example.txt:42432; example.txt:48346
exstrui,1,False,example.txt:42436
exstruxerunt,1,False,example.txt:33514
extabunt,1,False,example.txt:52149
extendena,1,False,example.txt:50124
extendentibus,1,False,example.txt:45643
extendowali,1,False,example.txt:30049
extendował,1,True,example.txt:8678
exterminandum,1,False,example.txt:17055
exterminare,1,False,example.txt:29625
extimari,1,False,example.txt:35305
extimauimus,1,False,example.txt:49767
extimaverunt,1,False,example.txt:7497
extincta,1,False,example.txt:28634
extirpet,1,False,example.txt:25955
extiterat,1,False,example.txt:19540
extollendum,1,False,example.txt:37503
extorquendo,1,False,example.txt:37921
extorquerent,1,False,example.txt:17674
extorquowana,1,False,example.txt:31051
extorsam,1,False,example.txt:34466
extorserunt,1,False,example.txt:9233
extradederetur,1,False,example.txt:43592
extradidendo,1,False,example.txt:42907
extraditurum,2,False,example.txt:9256; example.txt:38381
extraiuri,1,False,example.txt:25705
extraiuridicijs,1,False,example.txt:16910
extraiuridicis,2,False,example.txt:506; example.txt:4645
extraiuridicos,1,False,example.txt:22652
extremamque,2,False,example.txt:181; example.txt:22381
extremasque,1,False,example.txt:42432
extremitatibus,1,False,example.txt:9574
extrinsecus,1,False,example.txt:2710
extrorsum,1,False,example.txt:38948
extructas,1,False,example.txt:37770
extructio,1,False,example.txt:37922
extruenda,1,False,example.txt:15166
exuberimus,1,False,example.txt:31184
exulibus,1,False,example.txt:38095
exuperans,1,False,example.txt:12268
eymuia,1,False,example.txt:50125
fabricatum,1,False,example.txt:32919
faceremus,1,False,example.txt:37590
facessere,2,False,example.txt:29020; example.txt:49202
faciewali,1,False,example.txt:49379
facillime,1,False,example.txt:13319
fainludiskowa,1,False,example.txt:50802
fainlundi,2,False,example.txt:50798; example.txt:50799
faliowe,1,False,example.txt:13037
falsove,1,False,example.txt:31228
famulitia,1,False,example.txt:13454
famulitio,1,False,example.txt:13781
famulitis,1,False,example.txt:33764
farbowanego,1,False,example.txt:32992
farigiellus,1,False,example.txt:50546
fasciculow,1,False,example.txt:11770
fauorabile,1,False,example.txt:30636
fecitque,1,False,example.txt:17601
ferebatur,1,False,example.txt:31140
ferentialiter,1,False,example.txt:8507
feriaten,1,False,example.txt:745
fermento,1,False,example.txt:13923
ferretur,1,False,example.txt:43198
ferrifici,2,False,example.txt:25976; example.txt:45252
fertawit,1,False,example.txt:8723
feuchi,1,False,example.txt:14181
ffangi,1,False,example.txt:12621
fiakruią,1,True,example.txt:30188
ficabant,1,False,example.txt:12344
ficantes,1,False,example.txt:14179
ficiarijs,1,False,example.txt:21414
ficisceretur,1,False,example.txt:19791
fidedigna,1,False,example.txt:16242
fidedignas,1,False,example.txt:16248
fidedigni,2,False,example.txt:11580; example.txt:37686
fidedignis,1,False,example.txt:22229
fideiubere,1,False,example.txt:28454
fideiubet,1,False,example.txt:30863
fideiubire,1,False,example.txt:48290
figuratiomis,1,False,example.txt:33941
filieque,1,False,example.txt:52209
filowic,1,False,example.txt:1546
finonsska,1,False,example.txt:21603
firmauit,1,False,example.txt:33467
firmavit,1,False,example.txt:20157
firmissimorum,1,False,example.txt:10716
firmograto,1,False,example.txt:3844
fiscique,1,False,example.txt:15123
fixenne,1,False,example.txt:29205
fixigtow,1,False,example.txt:36006
flagitia,1,False,example.txt:14283
flagitiose,1,False,example.txt:14264
flagitium,1,False,example.txt:14269
floccipendens,1,False,example.txt:41400
florenosSucusque,1,False,example.txt:43453
fluuiolam,1,False,example.txt:35748
fobańskiem,1,True,example.txt:30507
foederantem,1,False,example.txt:52229
folionem,1,False,example.txt:37793
formiaznij,1,False,example.txt:16498
formidando,1,False,example.txt:5880
formowana,1,False,example.txt:49965
forsitan,1,False,example.txt:43031
forsztowa,1,True,example.txt:11641
fortassis,2,False,example.txt:10660; example.txt:24347
fortelion,2,False,example.txt:29223; example.txt:29224
fortuitis,1,False,example.txt:27475
fortuito,1,False,example.txt:51623
fortuitum,1,False,example.txt:27477
fouendas,1,False,example.txt:39742
fragmita,1,False,example.txt:3386
frambuge,1,False,example.txt:44713
franucli,1,False,example.txt:46292
frigide,1,False,example.txt:43186
friuola,1,False,example.txt:33808
friuolam,2,False,example.txt:25227; example.txt:25938
frivolam,1,False,example.txt:23011
fruantur,1,False,example.txt:14514
fructuassione,1,False,example.txt:5834
fructuosiorem,2,False,example.txt:14462; example.txt:49241
fructuosiores,1,False,example.txt:50356
fructuosius,1,False,example.txt:5068
fructusiones,1,False,example.txt:44358
fructusiores,1,False,example.txt:41248
fruendosque,1,False,example.txt:23271
fruuntur,1,False,example.txt:52544
fugientes,1,False,example.txt:16646
fugitiuum,1,False,example.txt:1292
fugitivum,2,False,example.txt:1322; example.txt:48171
fugitivus,1,False,example.txt:1811
fugowane,1,False,example.txt:36266
fulciatur,1,False,example.txt:12606
fulcimentis,1,False,example.txt:47099
fundanda,1,False,example.txt:21349
fundatiej,1,False,example.txt:3752
fundoHeredi,1,False,example.txt:40800
fundosque,1,False,example.txt:23181
fundować,1,True,example.txt:38610
fundusque,1,False,example.txt:27056
funebralibus,1,False,example.txt:52087
funebriali,1,False,example.txt:6805
fungentes,1,False,example.txt:3993
funifecum,1,False,example.txt:26781
furorque,1,False,example.txt:31293
furtivam,1,False,example.txt:16565
furtka,1,False,example.txt:47209
gabanie,1,False,example.txt:8957
gadzania,1,True,example.txt:12057
ganckowi,1,False,example.txt:50966
garduby,1,False,example.txt:17250
gareteam,1,False,example.txt:23645
garnieczdo,1,True,example.txt:17300
garnizonys,1,False,example.txt:22527
garnuszowac,1,True,example.txt:50966
gaskny,2,False,example.txt:23428; example.txt:23431
gaszerski,1,True,example.txt:22792
gationemque,1,False,example.txt:6947
gaudentis,1,False,example.txt:38210
gdanski,1,False,example.txt:1351
gdieste,1,False,example.txt:30361
gdybyście,1,True,example.txt:24253
gebnowam,1,False,example.txt:12401
gelinyis,1,False,example.txt:36006
generuntque,1,False,example.txt:17984
genognapsow,1,False,example.txt:22509
genuina,1,False,example.txt:48583
gesimali,1,False,example.txt:19504
gestorzyki,1,True,example.txt:11751
geszlam,1,True,example.txt:17285
gidony,1,False,example.txt:12370
gindziey,1,True,example.txt:23962
gitatorio,1,False,example.txt:28301
gitimoque,1,False,example.txt:23503
gloriosissimae,2,False,example.txt:39171; example.txt:49091
gmaiszi,1,True,example.txt:37933
gmarsarz,1,True,example.txt:38546
gmarzars,1,True,example.txt:38547
gmarzky,1,True,example.txt:38545
gmarzy,1,True,example.txt:38548
gmerkiem,1,False,example.txt:44656
gmierowna,1,False,example.txt:29638
gmiewowa,1,False,example.txt:32311
gmyśl,1,True,example.txt:12055
gnalny,1,False,example.txt:24689
gnieciochem,1,False,example.txt:33063
gniewowa,1,False,example.txt:44280
gniewszemi,1,True,example.txt:22536
gniowna,1,False,example.txt:17030
gnised,1,False,example.txt:34986
gnorataria,1,False,example.txt:17802
godnosci,2,False,example.txt:22844; example.txt:23297
godzywalem,1,True,example.txt:36356
gonicwal,1,False,example.txt:27711
gontami,1,False,example.txt:44717
goraczce,1,True,example.txt:11150
gorelecto,1,False,example.txt:20368
gorshowam,1,False,example.txt:33647
gorszego,1,True,example.txt:30578
gorszych,1,True,example.txt:23384
gorzaly,2,True,example.txt:11849; example.txt:11857
gorzenia,1,True,example.txt:38544
gorzeniu,1,True,example.txt:38740
gosciam,1,False,example.txt:30204
goscinczem,1,True,example.txt:40444
goscinnosc,1,False,example.txt:23992
gospodalstwo,1,False,example.txt:22530
gospodarstwo,1,False,example.txt:38549
gotodali,1,False,example.txt:12366
gotsyna,1,False,example.txt:10816
gowarowac,1,False,example.txt:24468
gołymi,1,True,example.txt:30526
gołębnikiem,1,True,example.txt:2394
grabienie,1,False,example.txt:35017
gramonia,1,False,example.txt:31943
granatnym,1,False,example.txt:11524
grandaeva,1,False,example.txt:2301
grandissimam,1,False,example.txt:3193
grassaretur,1,False,example.txt:17013
grassatus,1,False,example.txt:7814
gratiosissimis,1,False,example.txt:38148
grauiores,1,False,example.txt:17875
grauissimus,1,False,example.txt:8401
gravissimis,1,False,example.txt:51306
gravissimum,1,False,example.txt:31377
grobieczny,1,True,example.txt:35020
groblie,1,False,example.txt:37330
groblią,1,True,example.txt:30329
gromadze,1,True,example.txt:7615
gromadziwey,1,True,example.txt:30961
gromadzka,1,True,example.txt:10879
gromiedziany,1,True,example.txt:35040
gromiewal,1,False,example.txt:35022
grossitiem,1,False,example.txt:17514
grosstempnia,1,False,example.txt:35987
groźbami,1,True,example.txt:30181
gruberim,1,False,example.txt:27689
gruszkę,1,True,example.txt:4276
grzesne,1,True,example.txt:47
grzywien,2,True,example.txt:18696; example.txt:33692
grządkami,1,True,example.txt:4276
guarantis,1,False,example.txt:5855
gubernare,1,False,example.txt:17877
gubernatorem,1,False,example.txt:30467
gubyonna,1,False,example.txt:17270
gubyrnie,1,False,example.txt:22822
guobuat,1,False,example.txt:23892
gusmiemiony,1,False,example.txt:27659
gustannos,1,False,example.txt:34943
gustavit,1,False,example.txt:27988
gustinowskie,1,False,example.txt:3812
gustomilow,1,False,example.txt:23736
guzikami,1,False,example.txt:36247
guziki,1,False,example.txt:25797
guziky,1,False,example.txt:24100
gwalciech,1,False,example.txt:30584
gwaltowna,1,False,example.txt:37343
gwaltowni,1,False,example.txt:30559
gwaltownika,1,False,example.txt:30569
gwaltownikow,1,False,example.txt:31371
gwaltowną,1,True,example.txt:45577
gwałtowni,2,True,example.txt:29708; example.txt:30187
gwałtowniki,1,True,example.txt:30185
gwałtownikow,1,True,example.txt:29725
gwałtowny,1,True,example.txt:38542
gwałtowną,1,True,example.txt:35977
gzibowce,1,False,example.txt:41482
gęsinskie,1,True,example.txt:22504
głucho,1,True,example.txt:31314
haberMatias,1,False,example.txt:28334
haberecupientes,1,False,example.txt:7348
habitaverint,1,False,example.txt:14504
habuimus,2,False,example.txt:30979; example.txt:46216
haeredereto,1,False,example.txt:40088
haeredescomprobauerunt,1,False,example.txt:18475
haeredominio,1,False,example.txt:19440
haergarum,2,False,example.txt:8791; example.txt:8797
halabartom,1,False,example.txt:11694
hamburge,2,False,example.txt:18947; example.txt:18948
hamiycie,1,False,example.txt:30406
hamowac,1,False,example.txt:30024
hamowal,1,False,example.txt:30431
hamowała,1,True,example.txt:30523
handlowali,1,False,example.txt:38726
haudquaquam,1,False,example.txt:14356
haweyh,1,False,example.txt:29852
hebdomada,2,False,example.txt:10069; example.txt:13645
hebdomadam,1,False,example.txt:16725
hebdomadarum,2,False,example.txt:29379; example.txt:30776
hebdomades,1,False,example.txt:38062
hereclos,1,False,example.txt:44560
hetheroska,1,False,example.txt:34320
hiemalem,1,False,example.txt:26368
hiemalis,1,False,example.txt:24760
hincdos,1,False,example.txt:45158
hipotecantpromanctim,1,False,example.txt:23470
hipotecatorum,1,False,example.txt:28944
holierskiego,1,False,example.txt:32995
homiech,1,False,example.txt:31210
honestusBenedictus,1,False,example.txt:18329
horescit,1,False,example.txt:20552
hospicij,1,False,example.txt:21495
hospicio,1,False,example.txt:15208
hospitem,1,False,example.txt:20999
hospitio,2,False,example.txt:14146; example.txt:23758
hospitium,1,False,example.txt:22799
hospitum,1,False,example.txt:28430
hostilis,1,False,example.txt:16843
huberiem,1,False,example.txt:39501
hubymai,1,False,example.txt:22924
humanarum,1,False,example.txt:31495
hybridam,1,False,example.txt:43060
hypotecamusque,1,False,example.txt:29662
iadomitey,1,False,example.txt:30615
iakichkolwiek,1,False,example.txt:8963
iakichs,1,False,example.txt:41824
iakichsi,1,False,example.txt:22185
iakiebykolwiek,1,False,example.txt:3980
iakieykolwiek,1,False,example.txt:38292
iakimkol,1,False,example.txt:22399
iakimkolwiek,1,False,example.txt:3976
iakohoicieli,1,False,example.txt:23936
iakusil,1,False,example.txt:11448
ialniego,1,False,example.txt:21857
ialostnie,1,False,example.txt:15567
ialusby,1,False,example.txt:34637
iamdudum,1,False,example.txt:3339
iampridem,2,False,example.txt:1220; example.txt:52997
iarmarkarz,1,True,example.txt:1295
iarmarku,2,False,example.txt:1298; example.txt:8635
iarsyny,1,False,example.txt:8040
iaschowna,1,False,example.txt:24757
iasniebnem,1,False,example.txt:18910
iasnosci,1,False,example.txt:22403
iasznys,1,True,example.txt:13382
idemcitatus,1,False,example.txt:41500
idsielit,1,False,example.txt:14819
idącies,1,True,example.txt:30518
idący,1,True,example.txt:37094
idącym,1,True,example.txt:7405
idącz,1,True,example.txt:37057
idącą,1,True,example.txt:25009
iechali,2,False,example.txt:40606; example.txt:40622
iedenascie,1,False,example.txt:11757
iednaczom,1,True,example.txt:33691
iednakiem,1,False,example.txt:24288
iednakowo,1,False,example.txt:30337
iednarow,1,False,example.txt:18933
iedorako,1,False,example.txt:30418
iedwabiem,1,False,example.txt:40728
ieliono,1,False,example.txt:17348
ieprzeć,1,True,example.txt:22448
iestelka,1,False,example.txt:28769
iestliscie,1,False,example.txt:24281
ieubil,1,False,example.txt:30437
ignarus,2,False,example.txt:7148; example.txt:32807
ignominiose,1,False,example.txt:34686
ignorari,1,False,example.txt:37763
ignoratarijs,1,False,example.txt:14486
ignorauit,1,False,example.txt:51087
iisdemActis,1,False,example.txt:6961
iliekrowien,1,False,example.txt:12382
illegitimitate,1,False,example.txt:50301
illiberalibus,1,False,example.txt:21385
illicitarum,1,False,example.txt:47519
imagines,1,False,example.txt:21369
immaculato,2,False,example.txt:50298; example.txt:50299
immemor,1,False,example.txt:6086
immensum,1,False,example.txt:14666
immigratio,1,False,example.txt:49775
immigrauerit,1,False,example.txt:49777
imminenti,2,False,example.txt:17798; example.txt:24382
imminuit,1,False,example.txt:16297
immisce,1,False,example.txt:21390
immiscerant,1,False,example.txt:39250
immiscere,1,False,example.txt:21402
immissatio,1,False,example.txt:31130
immixtis,1,False,example.txt:13297
immolatus,1,False,example.txt:16382
immotivam,1,False,example.txt:16730
immundorum,1,False,example.txt:28727
immunitatibus,1,False,example.txt:12979
immutati,1,False,example.txt:18148
imościądzem,1,True,example.txt:50520
impeditam,1,False,example.txt:20421
impediturum,1,False,example.txt:32847
impedivit,1,False,example.txt:52737
impekhonis,1,False,example.txt:38187
impekiney,1,False,example.txt:12876
imperante,1,False,example.txt:9418
impetitioneActorum,1,False,example.txt:31469
impetracyey,1,False,example.txt:37108
impetrandis,1,False,example.txt:39811
impetrandum,1,False,example.txt:9728
impetrare,1,False,example.txt:12209
impetrasset,1,False,example.txt:24422
impetratam,1,False,example.txt:31827
impetrauerit,1,False,example.txt:18362
impetrauit,2,False,example.txt:34545; example.txt:34553
impetravit,2,False,example.txt:31846; example.txt:31851
implerentur,2,False,example.txt:31484; example.txt:31487
implorare,1,False,example.txt:24420
importacionem,1,False,example.txt:48893
importauerit,1,False,example.txt:27040
importune,1,False,example.txt:6196
impressiey,2,False,example.txt:26078; example.txt:26079
improbet,1,False,example.txt:2800
imprudenti,1,False,example.txt:27610
imprudentia,1,False,example.txt:27608
impuberes,1,False,example.txt:39039
impugnan,1,False,example.txt:22216
impugnandum,1,False,example.txt:35055
impugnans,2,False,example.txt:22841; example.txt:24672
impugnare,1,False,example.txt:47006
impugnatricem,1,False,example.txt:16225
impugnauerunt,2,False,example.txt:23997; example.txt:35492
imputare,1,False,example.txt:51700
inaczej,2,True,example.txt:23951; example.txt:31011
inaczyey,1,True,example.txt:28025
inaqualia,1,False,example.txt:13924
inauxterone,1,False,example.txt:32235
inbaczaturis,1,True,example.txt:36882
incarcerari,1,False,example.txt:22268
incarceratus,1,False,example.txt:24418
incendij,2,False,example.txt:22703; example.txt:29410
incendio,2,False,example.txt:22705; example.txt:24156
inchoandi,1,False,example.txt:33355
inchoata,2,False,example.txt:344; example.txt:15169
inchoatam,1,False,example.txt:52639
incidit,2,False,example.txt:185; example.txt:189
incipit,1,False,example.txt:24992
inclementiam,1,False,example.txt:46593
inclinanti,1,False,example.txt:34249
inclusas,1,False,example.txt:3667
inclusi,1,False,example.txt:46286
incolumitatem,1,False,example.txt:36180
incomiat,1,False,example.txt:31198
incommittitque,1,False,example.txt:29048
incomparandam,1,False,example.txt:18335
incompetencia,1,False,example.txt:34962
incompetentem,1,False,example.txt:34526
incompetentes,1,False,example.txt:34523
incompletis,1,False,example.txt:6675
increpans,1,False,example.txt:15155
incubus,1,False,example.txt:32782
incumbere,1,False,example.txt:51311
incurrerat,1,False,example.txt:37657
incurret,1,False,example.txt:5563
incurrunt,1,False,example.txt:13127
indecenti,1,False,example.txt:17672
indesinenter,1,False,example.txt:33803
indigenatus,1,False,example.txt:27510
indigentibus,1,False,example.txt:11879
indivisas,1,False,example.txt:39046
indubitabili,1,False,example.txt:9636
inducend,1,False,example.txt:11175
indulgentiae,1,False,example.txt:51311
indulgentur,1,False,example.txt:5544
inefficace,1,False,example.txt:2497
ineunte,2,False,example.txt:10707; example.txt:16245
inexcusabili,1,False,example.txt:23662
inexorabile,1,False,example.txt:22041
inexorabili,2,False,example.txt:36995; example.txt:39701
inextricabiles,1,False,example.txt:44677
infantis,2,False,example.txt:52055; example.txt:52404
infernie,1,False,example.txt:13202
infestor,1,False,example.txt:5752
infinitum,1,False,example.txt:25900
infirmitatiey,1,False,example.txt:36030
inflexit,1,False,example.txt:24128
inflict,1,False,example.txt:30234
inflictis,2,False,example.txt:12647; example.txt:35343
inflicto,1,False,example.txt:35360
inflictum,1,False,example.txt:36975
informanda,1,False,example.txt:16621
informatey,1,False,example.txt:35509
informatiuaque,1,False,example.txt:11483
informorem,1,False,example.txt:26103
inforse,1,False,example.txt:49803
infrafixo,1,False,example.txt:23033
infringere,1,False,example.txt:24012
infronsas,1,False,example.txt:47969
infundibulo,1,False,example.txt:52879
ingenuitatem,1,False,example.txt:35214
ingerere,2,False,example.txt:10541; example.txt:19212
ingnietowai,1,False,example.txt:38608
ingrediendo,1,False,example.txt:47476
ingreditur,1,False,example.txt:9580
ingruente,1,False,example.txt:18318
inguirowac,1,False,example.txt:24078
inhabitabant,1,False,example.txt:33756
inhabitandum,1,False,example.txt:3349
inhabitantes,1,False,example.txt:2597
inhabitantisque,1,False,example.txt:26735
inhabitat,2,False,example.txt:19963; example.txt:48985
inhabitator,2,False,example.txt:1932; example.txt:42316
inhabitatores,1,False,example.txt:38102
inhaduiować,1,True,example.txt:35525
inhaxen,1,False,example.txt:33410
inhiarentis,1,False,example.txt:17074
inhibendi,1,False,example.txt:36472
inibiabile,1,False,example.txt:44649
inierant,1,False,example.txt:16484
iniquissima,1,False,example.txt:38791
iniquitando,1,False,example.txt:11927
initiali,1,False,example.txt:38806
iniungent,1,False,example.txt:30626
iniunxerant,1,False,example.txt:21269
innixis,1,False,example.txt:34290
innocen,1,False,example.txt:16995
innocens,1,False,example.txt:23322
innotescat,2,False,example.txt:16026; example.txt:18265
innouare,2,False,example.txt:5548; example.txt:13420
innouari,1,False,example.txt:20079
innouauerit,1,False,example.txt:52906
innoxios,1,False,example.txt:16590
inobedi,1,False,example.txt:21901
inobedientiam,1,False,example.txt:23708
inopia,1,False,example.txt:18317
inordinate,1,False,example.txt:26392
inquestrata,1,False,example.txt:37422
inquiens,1,False,example.txt:14868
inquietet,1,False,example.txt:2197
inquietudine,1,False,example.txt:3179
inquilinum,1,False,example.txt:38605
inquirenda,1,False,example.txt:40676
inquisitoris,1,False,example.txt:50941
inscijs,1,False,example.txt:37754
insequenter,1,False,example.txt:30459
insequuti,1,False,example.txt:48165
inserowac,1,False,example.txt:16936
insimulatam,1,False,example.txt:19793
insinuabatur,1,False,example.txt:24537
insinuarunt,2,False,example.txt:1769; example.txt:1770
insinuat,1,False,example.txt:31849
insinuauerunt,1,False,example.txt:24034
insinuauit,1,False,example.txt:22128
insinuavit,1,False,example.txt:31823
insistendas,1,False,example.txt:41760
insolitos,1,False,example.txt:15554
inspectamem,1,False,example.txt:44660
inspici,1,False,example.txt:26766
inspiciendum,1,False,example.txt:16743
inspicientes,1,False,example.txt:46874
instinctu,1,False,example.txt:16377
insubstand,1,False,example.txt:41393
insultus,1,False,example.txt:30452
insumpserit,2,False,example.txt:17801; example.txt:20182
insumptae,1,False,example.txt:34464
insumptarum,1,False,example.txt:19346
insumptas,2,False,example.txt:9649; example.txt:43753
insumptis,1,False,example.txt:39622
insuperixerunt,1,False,example.txt:21674
inszyisto,1,True,example.txt:13182
intabulat,1,False,example.txt:46355
intactum,1,False,example.txt:14895
integrepercepto,1,False,example.txt:15752
integritatem,2,False,example.txt:29265; example.txt:42258
intellexisse,1,False,example.txt:27606
intellexissemus,1,False,example.txt:10519
intelligas,1,False,example.txt:31046
intelligi,1,False,example.txt:16636
intentauerat,1,False,example.txt:12652
intentują,1,True,example.txt:29994
intercedendum,1,False,example.txt:3585
intercessuriindemnemque,1,False,example.txt:24908
intercyzy,1,False,example.txt:38489
interemptores,1,False,example.txt:43752
interesieTENOR,1,False,example.txt:37397
interfectorem,1,False,example.txt:38833
interloque,1,False,example.txt:23933
interpellare,1,False,example.txt:21391
interponendi,1,False,example.txt:53045
interponowal,1,False,example.txt:43046
interpraetnie,1,False,example.txt:24690
interpretantium,1,False,example.txt:36376
interpretatione,2,False,example.txt:22963; example.txt:24746
interpretatur,1,False,example.txt:13153
interstitia,1,False,example.txt:47086
interturbatori,1,False,example.txt:19319
interuerterit,2,False,example.txt:24038; example.txt:24111
intervalla,1,False,example.txt:25277
intestina,1,False,example.txt:30703
intimari,1,False,example.txt:9199
intimata,1,False,example.txt:8576
intolerabilis,1,False,example.txt:35019
intrando,1,False,example.txt:21736
intrareque,1,False,example.txt:776
introducatis,1,False,example.txt:9184
introducendi,2,False,example.txt:10146; example.txt:38198
introductas,1,False,example.txt:9246
introitu,1,False,example.txt:3930
introubiit,1,False,example.txt:21266
introyerando,1,False,example.txt:35296
intueatur,1,False,example.txt:12272
inualidis,1,False,example.txt:30149
inuasio,1,False,example.txt:30009
inuasione,1,False,example.txt:12655
inueniendum,1,False,example.txt:9197
inuenire,1,False,example.txt:26924
inueniretur,1,False,example.txt:16379
inuentariata,1,False,example.txt:11888
inuiolatum,1,False,example.txt:9044
inuoco,1,False,example.txt:38936
inuolutro,1,False,example.txt:16040
invadiar,1,False,example.txt:13123
invadiasse,1,False,example.txt:35242
invadiatas,1,False,example.txt:27256
invalida,1,False,example.txt:19255
invalidam,1,False,example.txt:21316
invasione,2,False,example.txt:30458; example.txt:39070
invaxati,1,False,example.txt:12847
invectae,1,False,example.txt:20741
inveniemento,1,False,example.txt:23988
invenimus,1,False,example.txt:21319
inveniret,1,False,example.txt:24419
inveniri,1,False,example.txt:20923
inveniuntur,1,False,example.txt:14076
inventaruerunt,1,False,example.txt:13827
inventaverunt,2,False,example.txt:11616; example.txt:32962
inventor,1,False,example.txt:27696
investigabat,1,False,example.txt:39096
investigationem,1,False,example.txt:26765
inviolabi,2,False,example.txt:3012; example.txt:41793
invitante,1,False,example.txt:37908
invitato,1,False,example.txt:22370
inwentowany,1,False,example.txt:33138
inzatowow,1,False,example.txt:30610
iouxecta,1,False,example.txt:26142
irogasse,1,False,example.txt:37655
irrelaxatum,1,False,example.txt:25177
irrepserit,1,False,example.txt:40398
irreuocabilicessionis,1,False,example.txt:29051
irrigone,1,False,example.txt:16591
irroganda,2,False,example.txt:7724; example.txt:19320
irrogandam,1,False,example.txt:14294
irrogari,1,False,example.txt:12616
irrogatam,1,False,example.txt:16999
irruit,1,False,example.txt:48159
istoprzew,1,True,example.txt:13966
istruenda,1,False,example.txt:16757
iterantes,1,False,example.txt:41945
iterarentur,1,False,example.txt:36520
iteratur,1,False,example.txt:53000
iubentia,1,False,example.txt:20090
iucundissimo,1,False,example.txt:37027
iudicamusque,1,False,example.txt:16273
iudicando,2,False,example.txt:42663; example.txt:48915
iunctarum,2,False,example.txt:3023; example.txt:3035
iurandissimo,1,False,example.txt:22297
iurauerit,2,False,example.txt:42516; example.txt:42529
iurauictori,1,False,example.txt:51967
iureconnexa,1,False,example.txt:26235
iureconnuenta,1,False,example.txt:13121
iureconuentus,1,False,example.txt:13128
iuredicendum,1,False,example.txt:9723
iureiurando,1,False,example.txt:21608
iurentia,1,False,example.txt:11892
iureuicta,1,False,example.txt:29631
iureuictoris,1,False,example.txt:29118
iuriscommunis,1,False,example.txt:14071
iurisfatalia,1,False,example.txt:35642
iurisperductori,1,False,example.txt:39505
iurisperitorum,2,False,example.txt:31045; example.txt:40843
iurispraefatus,1,False,example.txt:18384
iuryssam,1,False,example.txt:4411
iusinerando,1,False,example.txt:51393
iustificabit,2,False,example.txt:13259; example.txt:33414
iustissimo,1,False,example.txt:43550
iuuantes,1,False,example.txt:31033
iuvenis,2,False,example.txt:35866; example.txt:50168
iuvidinem,1,False,example.txt:14193
iuxtaiuris,1,False,example.txt:35584
ixremisie,1,False,example.txt:18698
jakuskol,1,False,example.txt:3761
janiewowa,1,False,example.txt:4421
jatkami,1,False,example.txt:36188
jedermascie,1,False,example.txt:22418
jedziniąsz,1,True,example.txt:12144
jeleniow,1,False,example.txt:33626
jeżeliby,1,True,example.txt:37119
jinsego,1,False,example.txt:36281
jnememu,1,False,example.txt:13042
jvdersh,1,False,example.txt:25362
jwberinho,1,False,example.txt:22923
kabydziesin,1,True,example.txt:26449
kadlubem,2,False,example.txt:49863; example.txt:49875
kaffarskiey,1,False,example.txt:47888
kakommose,1,False,example.txt:24270
kamellow,1,False,example.txt:32998
kamerszawemi,1,True,example.txt:11679
kamiennou,1,False,example.txt:52754
kamlotowy,1,False,example.txt:33051
kamyczek,1,True,example.txt:11535
kanclerz,1,True,example.txt:33699
kanoniczey,1,True,example.txt:51822
kantfossa,1,False,example.txt:12179
kantsarhonis,1,False,example.txt:26142
kapelusse,1,False,example.txt:32968
kaplanom,1,False,example.txt:6403
kapłanowi,1,True,example.txt:22494
karbunkow,1,False,example.txt:34624
karmazyn,1,False,example.txt:36247
kasbruia,1,False,example.txt:37359
kaszliepi,1,True,example.txt:37934
kausecki,1,False,example.txt:37888
kawałkow,1,True,example.txt:11770
kazygłowski,1,True,example.txt:29740
kedybysmy,1,False,example.txt:845
kerskae,1,False,example.txt:6020
kiedmiego,1,False,example.txt:26298
kiedotobie,1,False,example.txt:22715
kiedybkolwiek,1,False,example.txt:38302
kiedykolwiek,1,False,example.txt:8251
kiemiws,1,False,example.txt:31245
kiewicatorem,1,False,example.txt:20439
kilkadziesiąt,1,True,example.txt:23424
kilkanascie,2,False,example.txt:23424; example.txt:23425
kilkudziesiat,1,True,example.txt:36351
kilkudziesiatZZZ,1,True,example.txt:16173
kilkunastu,1,False,example.txt:36577
kistky,1,False,example.txt:35938
kitliki,1,False,example.txt:38396
klampernik,1,False,example.txt:36572
klerdu,1,False,example.txt:22208
klieyiroki,1,False,example.txt:13109
klieynoty,1,False,example.txt:13209
klingendorffium,1,False,example.txt:5083
kliucze,2,True,example.txt:12858; example.txt:13044
kliwge,1,False,example.txt:13086
klopotnego,1,False,example.txt:22390
klopotom,1,False,example.txt:22394
klopotu,1,False,example.txt:30340
kluczami,1,True,example.txt:48554
klymac,1,False,example.txt:37186
knowany,1,False,example.txt:27669
knysl,1,False,example.txt:16465
kolatai,1,False,example.txt:30963
kolatal,2,False,example.txt:31029; example.txt:31264
kolenskie,1,False,example.txt:5167
kolnierza,1,True,example.txt:36288
komacie,1,False,example.txt:40564
kommissarze,2,True,example.txt:23376; example.txt:23423
komnanie,1,False,example.txt:32741
komornicy,1,False,example.txt:38562
komornicz,2,True,example.txt:17044; example.txt:17058
kompetitiey,1,False,example.txt:45581
komubym,1,False,example.txt:37368
komużkolwiek,2,True,example.txt:8602; example.txt:8603
konawszy,1,True,example.txt:23982
konczyc,1,True,example.txt:37744
kondemnia,1,False,example.txt:31901
kondycyi,1,False,example.txt:35981
kondycyą,1,True,example.txt:8909
konewka,1,False,example.txt:22530
koniecznie,1,True,example.txt:9411
konielek,1,False,example.txt:17300
konoszki,1,True,example.txt:35646
konserwowanie,1,False,example.txt:33134
konstiruhai,1,False,example.txt:22921
konsyly,1,False,example.txt:30613
konterfekt,1,False,example.txt:33063
kontracyey,1,False,example.txt:38610
kontrakcie,1,False,example.txt:42966
kopernak,1,False,example.txt:40530
kopimendziey,1,True,example.txt:18915
koprezia,1,False,example.txt:11636
kopsztynski,1,True,example.txt:36498
korieli,1,False,example.txt:33060
kormanku,1,False,example.txt:30334
korulek,1,False,example.txt:33025
korytkowskiego,1,False,example.txt:41695
korzeglowa,1,True,example.txt:40569
korzmanka,2,True,example.txt:30346; example.txt:30348
korzmarek,1,True,example.txt:30357
korzysc,1,True,example.txt:7620
korzytko,1,True,example.txt:33393
koscielny,1,False,example.txt:23363
koscielskiey,1,False,example.txt:18431
koscielus,1,False,example.txt:50018
kosciołow,1,True,example.txt:92
kosmider,2,False,example.txt:7754; example.txt:28716
kosztowalo,1,True,example.txt:840
kosztowała,1,True,example.txt:22514
kosztuie,1,True,example.txt:33159
koszule,2,True,example.txt:11855; example.txt:33054
kotniega,1,False,example.txt:13837
kotonoska,1,False,example.txt:17051
kotouri,1,False,example.txt:44270
kowiczem,1,True,example.txt:47168
kowsczanka,1,True,example.txt:44320
kowskere,1,False,example.txt:10742
kozlowego,1,False,example.txt:33627
kołnierk,1,True,example.txt:33648
kościanych,1,True,example.txt:33011
kościelne,1,True,example.txt:24257
kościoł,1,True,example.txt:26422
kradziona,1,True,example.txt:22865
krainice,1,False,example.txt:44971
kramarzfuego,2,True,example.txt:33188; example.txt:33198
kramikow,1,False,example.txt:50586
kramnikreas,1,False,example.txt:40903
krasmieissego,1,False,example.txt:2236
krawcowi,2,False,example.txt:37052; example.txt:38579
kredor,1,False,example.txt:22865
krokowanu,1,False,example.txt:50945
kroliewskiego,1,False,example.txt:24092
krolikami,1,False,example.txt:38395
krolowiem,1,False,example.txt:22465
krotkosci,1,False,example.txt:31982
krowinska,1,False,example.txt:6269
kruhtimiam,1,False,example.txt:31247
krysztal,1,True,example.txt:43694
krziąga,1,True,example.txt:22510
krzyczal,1,True,example.txt:30463
krzysakowna,1,True,example.txt:3800
krzystoph,1,True,example.txt:36849
krzysztofowi,1,True,example.txt:8942
krzywdzil,1,True,example.txt:34614
krzyżowey,1,True,example.txt:8390
kształtu,1,True,example.txt:17319
ktorekolwiek,2,False,example.txt:31648; example.txt:35520
ktorektorem,1,False,example.txt:23426
ktorychkolwiek,1,False,example.txt:8963
ktorymkolwiek,1,False,example.txt:22538
ktorzuszego,1,True,example.txt:12371
ktorzykolwiek,1,True,example.txt:37110
kuberin,2,False,example.txt:17258; example.txt:17280
kudnothi,1,False,example.txt:16948
kuerset,1,False,example.txt:37306
kuersmia,1,False,example.txt:3622
kuimowy,1,False,example.txt:17282
kunczie,1,True,example.txt:38534
kunownie,2,False,example.txt:17256; example.txt:17279
kupczow,2,True,example.txt:2805; example.txt:33122
kupieckich,1,False,example.txt:1299
kupieckim,2,False,example.txt:1355; example.txt:13095
kupiectwo,1,False,example.txt:20626
kupieczki,1,True,example.txt:13213
kupiona,1,False,example.txt:36278
kupionowi,1,False,example.txt:12997
kupiony,1,False,example.txt:36242
kupiwszy,1,True,example.txt:1053
kupowal,1,False,example.txt:8301
kupował,1,True,example.txt:52868
kupowało,1,True,example.txt:52871
kuprowiczowego,1,True,example.txt:13040
kupuiączem,1,True,example.txt:36210
kurfirskich,1,False,example.txt:11538
kusmisze,1,True,example.txt:29813
kustionki,1,False,example.txt:44717
kusznirskie,1,True,example.txt:11666
kuwnrre,1,False,example.txt:26154
kuśniej,1,True,example.txt:38504
kuźnią,1,True,example.txt:18428
kużienki,1,True,example.txt:18423
kwartni,1,False,example.txt:5079
kwaskwasna,1,False,example.txt:3215
kwassyn,1,False,example.txt:3216
kwasznikow,1,True,example.txt:50805
kwitow,1,False,example.txt:7580
kwituje,2,False,example.txt:1383; example.txt:1398
kłopotu,1,True,example.txt:26027
laborabant,1,False,example.txt:6891
laborandi,1,False,example.txt:23271
laborando,1,False,example.txt:16995
laboratum,1,False,example.txt:7719
lacbye,1,False,example.txt:23402
lacessantem,1,False,example.txt:5543
lacharum,1,False,example.txt:30068
lachrymis,1,False,example.txt:51647
laczkowna,1,True,example.txt:2930
laedendae,1,False,example.txt:46032
laedendum,1,False,example.txt:46775
laesuri,1,False,example.txt:52566
lafkawym,1,False,example.txt:38325
lagodnemi,1,False,example.txt:31931
lahinen,1,False,example.txt:37268
lamitatem,1,False,example.txt:45597
lanatorij,1,False,example.txt:24991
lancuchow,2,False,example.txt:49376; example.txt:49376
laneumque,1,False,example.txt:5696
languida,1,False,example.txt:7529
languidam,1,False,example.txt:1997
languidi,1,False,example.txt:20470
languidum,1,False,example.txt:4003
languidus,2,False,example.txt:20459; example.txt:37597
lapicidinas,1,False,example.txt:32043
lapidicina,1,False,example.txt:32035
largiora,1,False,example.txt:16673
largita,1,False,example.txt:39451
laskawemu,1,False,example.txt:2774
laszkawym,1,True,example.txt:38283
latericia,1,False,example.txt:47085
latryna,1,False,example.txt:47894
laudandis,1,False,example.txt:37472
laudaverit,1,False,example.txt:49689
laudemium,1,False,example.txt:51572
laverat,1,False,example.txt:21273
lebszym,1,True,example.txt:50028
leczina,1,True,example.txt:33433
ledzwona,1,True,example.txt:11857
legatarii,1,False,example.txt:9567
legatrey,1,False,example.txt:6372
legauerat,1,False,example.txt:18141
legitimitateum,1,False,example.txt:6587
leguiąc,1,True,example.txt:4364
lenterque,1,False,example.txt:2958
lentissimus,1,False,example.txt:51783
lepszych,1,True,example.txt:8965
letudinariam,1,False,example.txt:41003
leuantur,1,False,example.txt:27035
levavimus,1,False,example.txt:32886
levavisse,2,False,example.txt:16055; example.txt:16059
lezacego,1,False,example.txt:6321
lezicibus,1,False,example.txt:50104
leżącego,1,True,example.txt:37073
leżącey,1,True,example.txt:48549
leżączej,2,True,example.txt:37057; example.txt:37074
leżączy,1,True,example.txt:26417
liakichkolwiek,1,False,example.txt:37109
liapskie,1,False,example.txt:13066
liberauerunt,2,False,example.txt:11947; example.txt:45202
liberaverat,1,False,example.txt:48668
liberaverunt,1,False,example.txt:38185
libowac,1,False,example.txt:50023
licetque,2,False,example.txt:9908; example.txt:16830
liczami,1,True,example.txt:26449
liczone,1,True,example.txt:44802
liczonemi,2,True,example.txt:37066; example.txt:48544
licztankom,1,True,example.txt:17306
lidibie,1,False,example.txt:1297
lieciech,1,False,example.txt:33597
liepsszi,2,True,example.txt:28784; example.txt:28787
liezonco,1,False,example.txt:29857
ligatarij,1,False,example.txt:10305
ligentissime,1,False,example.txt:27939
lignarios,1,False,example.txt:46284
limitatam,1,False,example.txt:36430
limitatum,1,False,example.txt:13206
limitauerunt,1,False,example.txt:20555
limitaverunt,2,False,example.txt:32667; example.txt:43762
limitione,1,False,example.txt:21564
limitore,1,False,example.txt:20536
limpidei,1,False,example.txt:22732
lingornik,1,False,example.txt:39139
linskiemu,1,False,example.txt:1055
liquidabitur,1,False,example.txt:12778
liquidemtem,1,False,example.txt:20109
lisich,1,False,example.txt:40554
liskare,1,False,example.txt:2802
lisowych,1,False,example.txt:11723
listowney,1,False,example.txt:29735
listownych,1,False,example.txt:11770
listwami,1,False,example.txt:33055
litempendentia,1,False,example.txt:46469
literatoris,1,False,example.txt:15088
litigans,1,False,example.txt:31190
litigantem,1,False,example.txt:25879
litigantium,1,False,example.txt:37204
litigasse,1,False,example.txt:5562
locabant,1,False,example.txt:33756
locauerat,2,False,example.txt:33862; example.txt:46648
locauimus,1,False,example.txt:29347
locauisse,1,False,example.txt:19712
lochiem,2,False,example.txt:26313; example.txt:26317
locupletissima,1,False,example.txt:19108
lodownie,1,False,example.txt:37351
lopnsky,1,False,example.txt:18722
lubynde,1,False,example.txt:24634
lubyndy,1,False,example.txt:35986
ludzieszy,1,True,example.txt:33152
ludzkich,1,True,example.txt:35984
lunatoresdice,1,False,example.txt:40777
lutersne,1,False,example.txt:11118
lutersny,1,False,example.txt:11113
luxauerat,1,False,example.txt:27071
lychko,1,False,example.txt:32724
lyzeczki,1,True,example.txt:50796
macelario,1,False,example.txt:13221
macesim,1,False,example.txt:48722
macierzy,1,True,example.txt:48435
macierzysta,2,True,example.txt:4243; example.txt:4247
macliost,2,False,example.txt:18935; example.txt:18941
maczerski,1,True,example.txt:15691
maczuga,1,True,example.txt:40482
madefactis,1,False,example.txt:13055
magisterialem,1,False,example.txt:48343
mahuonony,1,False,example.txt:17346
maiatkiem,2,False,example.txt:42952; example.txt:42953
maietku,1,False,example.txt:35515
maijstral,1,False,example.txt:31851
maioraque,1,False,example.txt:48983
maiątku,1,True,example.txt:38335
maięstwa,2,True,example.txt:8887; example.txt:8889
majatku,1,False,example.txt:4340
majętność,1,True,example.txt:15940
maledice,1,False,example.txt:5545
maledicentissima,1,False,example.txt:5540
maleficio,1,False,example.txt:31062
maleuolentia,1,False,example.txt:34683
malosciwibz,1,False,example.txt:7565
malowanaSkrzinka,1,True,example.txt:36260
maluczka,1,True,example.txt:36261
maluskie,1,False,example.txt:11702
maluszkich,1,True,example.txt:33167
mancipari,1,False,example.txt:50907
mancipia,1,False,example.txt:2827
mandantes,2,False,example.txt:15130; example.txt:39473
mandatisque,1,False,example.txt:43190
manentia,1,False,example.txt:17606
maniebystra,1,False,example.txt:17298
maniewbysta,1,False,example.txt:17280
manifestauerat,1,False,example.txt:45728
manifestissime,1,False,example.txt:14084
manipulo,1,False,example.txt:40415
manovicz,1,True,example.txt:34244
mansuros,1,False,example.txt:52313
manumiserunt,1,False,example.txt:10202
manupretij,1,False,example.txt:17513
manutenebimus,1,False,example.txt:47832
manutenere,1,False,example.txt:7233
manutenturi,1,False,example.txt:51569
markonskiego,1,False,example.txt:26452
masambati,1,False,example.txt:16022
masculina,1,False,example.txt:15070
masensha,1,False,example.txt:36106
maserski,1,False,example.txt:45509
maternapercepta,1,False,example.txt:36741
matiaskem,1,False,example.txt:40567
matissimi,1,False,example.txt:45567
matremque,1,False,example.txt:6784
matrissua,1,False,example.txt:46061
maturaque,2,False,example.txt:3010; example.txt:28992
maturoque,1,False,example.txt:51840
maximopere,1,False,example.txt:40192
mayących,1,True,example.txt:35947
małżonkowie,2,True,example.txt:36195; example.txt:48536
mbekowska,1,False,example.txt:9376
mcaruisse,1,False,example.txt:10559
mcsnik,1,False,example.txt:21742
mebaszy,1,True,example.txt:5791
mebletowal,1,False,example.txt:12806
meciski,1,False,example.txt:28859
medBarij,1,False,example.txt:34375
medalu,1,False,example.txt:11533
meddybywał,1,True,example.txt:30679
mediantibus,1,False,example.txt:39097
mediateque,1,False,example.txt:5359
medykowale,1,False,example.txt:35948
medywali,1,False,example.txt:35964
medzzei,1,True,example.txt:30515
meisczy,1,True,example.txt:23375
meiszkodzi,1,True,example.txt:13065
meliorimodo,1,False,example.txt:31410
memenday,1,False,example.txt:34397
meminisse,1,False,example.txt:42096
memoratrique,1,False,example.txt:42995
menimier,1,False,example.txt:29851
menissual,1,False,example.txt:35512
mentagia,1,False,example.txt:27461
mentariam,1,False,example.txt:7845
mentarii,1,False,example.txt:5032
menteque,1,False,example.txt:18303
mentionatorum,1,False,example.txt:24875
mepelski,1,False,example.txt:11720
merariam,1,False,example.txt:25228
mercenarios,1,False,example.txt:6198
mercesque,1,False,example.txt:27230
meridiei,1,False,example.txt:16392
meridiem,2,False,example.txt:172; example.txt:32958
merriedoreis,1,False,example.txt:24329
mershinen,1,False,example.txt:35576
merzęsty,1,True,example.txt:12170
meshtron,2,False,example.txt:14111; example.txt:14112
metallica,1,False,example.txt:27212
metallo,1,False,example.txt:12894
metellus,1,False,example.txt:33444
metheczos,1,True,example.txt:31455
mettetrix,1,False,example.txt:20279
metuenda,1,False,example.txt:12607
metuendum,1,False,example.txt:44573
metusdam,1,False,example.txt:34903
metzby,1,False,example.txt:37722
mexoSprawinny,1,False,example.txt:12053
mianicz,1,True,example.txt:51751
mianiyami,1,False,example.txt:31865
mianowaycion,1,False,example.txt:38092
mianuicy,1,False,example.txt:49621
miasteczkach,1,True,example.txt:3698
miatituerat,1,False,example.txt:46621
micadiauerunt,1,False,example.txt:51917
micelaris,1,False,example.txt:48270
michoauit,1,False,example.txt:28094
microneam,1,False,example.txt:2115
mictayno,1,False,example.txt:38748
mictenssurus,1,False,example.txt:1600
miczregno,1,True,example.txt:37467
midivisas,1,False,example.txt:2106
miechanczyka,1,True,example.txt:5790
miechuy,1,False,example.txt:33694
mieczbyl,1,True,example.txt:24635
mieczmasz,1,True,example.txt:30342
miecznego,1,True,example.txt:10881
miecznik,2,True,example.txt:30558; example.txt:45574
mieczolyka,1,True,example.txt:23736
mieczopassu,1,True,example.txt:30562
mieczszanami,1,True,example.txt:30241
mieczyla,1,True,example.txt:22339
mieczymilam,1,True,example.txt:30944
miedBami,1,False,example.txt:22224
miedobrych,1,False,example.txt:10827
miedosklada,1,False,example.txt:30079
miedospuszczaiami,1,True,example.txt:38366
miedziala,1,True,example.txt:30584
miedzialo,1,True,example.txt:34565
miedzianych,1,True,example.txt:17315
miedziedzime,1,True,example.txt:5791
miedziemu,1,True,example.txt:24476
miedziusi,1,True,example.txt:33630
miedzyich,1,True,example.txt:36259
miedzysobum,1,True,example.txt:30082
miedzytemie,1,True,example.txt:23935
mieiescs,1,False,example.txt:13125
mieiescz,1,True,example.txt:29900
mieiscach,1,False,example.txt:8601
mielismy,1,False,example.txt:23291
miemienem,1,False,example.txt:29849
miemnieysza,1,True,example.txt:23979
miemonego,1,False,example.txt:36455
mienaruszonym,1,True,example.txt:22395
mienaszczyzong,1,True,example.txt:30218
mienbyla,1,False,example.txt:38743
miendzyrzecy,1,True,example.txt:29564
mienienby,1,False,example.txt:30652
mieniensa,1,False,example.txt:7588
mienimosci,1,False,example.txt:23287
mieniądzelna,1,True,example.txt:48542
mienkussowyis,1,False,example.txt:22218
miennosciow,2,False,example.txt:23418; example.txt:23419
mienopolie,1,False,example.txt:34854
mienowac,1,False,example.txt:35523
mienowali,1,False,example.txt:23987
mienwodzami,1,True,example.txt:38760
mienyisadzy,1,True,example.txt:29850
mieonexią,1,True,example.txt:33141
mieopomiedziano,1,True,example.txt:31923
miepokebne,1,False,example.txt:38760
miepomoshei,1,False,example.txt:29851
mieprzyznawamy,1,True,example.txt:30019
miepuszczelia,1,True,example.txt:37342
mierdzeli,1,True,example.txt:34650
mierniczyi,1,True,example.txt:11873
miersowy,1,False,example.txt:50143
miesdromia,1,False,example.txt:35011
miesięcznego,1,True,example.txt:38506
miesięczny,1,True,example.txt:41878
mieskaiaczmi,1,True,example.txt:22715
mieslusznym,1,True,example.txt:22136
miestaney,1,False,example.txt:24272
mieszaiac,1,True,example.txt:38298
mieszalyby,1,True,example.txt:22199
mieszayą,1,True,example.txt:30953
mieszkaniazupełnych,1,True,example.txt:37115
mieszkodziła,1,True,example.txt:37062
mietsczanmi,1,True,example.txt:33162
miewysadday,1,False,example.txt:30673
mieysiska,1,False,example.txt:31039
mieyspedl,1,False,example.txt:30340
mieścami,1,True,example.txt:7420
mieżeby,1,True,example.txt:23737
migrantem,1,False,example.txt:37769
migraverint,1,False,example.txt:14491
miharen,1,False,example.txt:22876
mihasori,1,False,example.txt:11687
mihaxen,2,False,example.txt:29096; example.txt:34212
mihibitorem,1,False,example.txt:25174
mihochu,1,False,example.txt:19071
militari,1,False,example.txt:5779
militaria,1,False,example.txt:21363
millennariae,1,False,example.txt:34288
milosierdziem,2,True,example.txt:24437; example.txt:24447
milosierne,1,False,example.txt:92
milosiernyes,1,False,example.txt:95
mimiszy,1,True,example.txt:9280
minabitur,1,False,example.txt:51676
minacione,1,False,example.txt:38451
minantes,1,False,example.txt:9586
minaxidicum,1,False,example.txt:18016
minimanus,1,False,example.txt:35586
ministra,1,False,example.txt:22192
ministrandosque,1,False,example.txt:37409
ministratoris,1,False,example.txt:34379
ministrem,1,False,example.txt:51957
ministrerat,1,False,example.txt:35280
minitatus,1,False,example.txt:47495
minorennietatis,1,False,example.txt:48462
minorennitate,1,False,example.txt:37471
minuarunt,1,False,example.txt:24107
minuiari,1,False,example.txt:41059
minutijs,1,False,example.txt:32309
miodail,1,False,example.txt:13013
miodonys,1,False,example.txt:22528
mirantia,1,False,example.txt:39114
miritet,1,False,example.txt:33335
miscentur,1,False,example.txt:40977
miscibunt,1,False,example.txt:28893
miscribat,1,False,example.txt:29148
miscromis,1,False,example.txt:35597
misdixit,1,False,example.txt:45038
misempfronemque,1,False,example.txt:10372
miserabilibus,1,False,example.txt:34176
miserabilibuslibus,1,False,example.txt:35793
miserebatur,1,False,example.txt:46003
miserecedere,2,False,example.txt:44651; example.txt:44663
misericordiamActori,1,False,example.txt:51672
miserifecerunt,1,False,example.txt:7437
miserones,1,False,example.txt:48758
miserrime,1,False,example.txt:13812
miserrimo,1,False,example.txt:36688
misimulatum,1,False,example.txt:39243
misiridiose,1,False,example.txt:35352
misitposuit,1,False,example.txt:13586
misitque,2,False,example.txt:11373; example.txt:20382
mislawskiego,1,False,example.txt:38513
misoreplita,1,False,example.txt:48248
missaliorum,1,False,example.txt:40255
missalium,1,False,example.txt:40250
missionendas,1,False,example.txt:41404
missionesque,1,False,example.txt:21195
missoriorum,1,False,example.txt:48330
mistitiis,1,False,example.txt:8337
mistrzego,1,True,example.txt:30074
misylun,1,False,example.txt:48193
mitemire,1,False,example.txt:981
mitigare,1,False,example.txt:2849
mitionisque,1,False,example.txt:51648
mitioresione,1,False,example.txt:41396
mitricare,1,False,example.txt:43450
mittendum,1,False,example.txt:8796
mitterentia,1,False,example.txt:45426
mitzomis,1,False,example.txt:10118
mixtamque,1,False,example.txt:12457
miłościwychowskich,1,True,example.txt:11737
mlodssemu,1,False,example.txt:29212
mlodzenczom,1,True,example.txt:31979
mnichom,1,False,example.txt:11864
mnichowu,1,False,example.txt:7397
mniejszey,1,True,example.txt:2424
mniejszy,2,True,example.txt:31858; example.txt:38724
mniemanego,1,False,example.txt:29903
mnieysszemu,1,True,example.txt:31893
mnifibyey,1,False,example.txt:31215
mocowanym,1,False,example.txt:3689
moczowanego,1,True,example.txt:36213
moderatis,1,False,example.txt:2636
moderowac,1,False,example.txt:41716
modissime,1,False,example.txt:33865
modopraemisso,1,False,example.txt:47696
moimActum,1,False,example.txt:50
molendinatore,1,False,example.txt:48115
molendinatores,1,False,example.txt:27474
molestare,1,False,example.txt:44935
molestarent,1,False,example.txt:52114
molestareque,1,False,example.txt:41148
molestari,1,False,example.txt:35837
molestaturum,1,False,example.txt:36631
molestauerint,1,False,example.txt:18147
molestiamque,1,False,example.txt:2186
monoski,1,False,example.txt:21778
monowaney,1,False,example.txt:37288
mordacitate,1,False,example.txt:5556
mordowali,2,False,example.txt:30432; example.txt:30468
moribundus,1,False,example.txt:31946
morską,1,True,example.txt:8631
mortales,2,False,example.txt:5152; example.txt:5159
mortalitatis,1,False,example.txt:31498
mortificowala,1,False,example.txt:6354
mortique,2,False,example.txt:33; example.txt:65
mortuariam,1,False,example.txt:47326
mortuorum,1,False,example.txt:11188
mosiedzem,1,True,example.txt:49375
mosiądzowox,1,True,example.txt:50470
moswiadczona,1,True,example.txt:46993
moteske,1,False,example.txt:31538
motitata,1,False,example.txt:48623
motłochami,1,True,example.txt:29942
mouebant,1,False,example.txt:7794
mouebilemque,1,False,example.txt:1314
mouentium,1,False,example.txt:36656
mowialby,1,False,example.txt:14116
mroczym,1,True,example.txt:18930
mscesim,1,False,example.txt:10869
mserowana,1,False,example.txt:44631
mszczca,1,True,example.txt:7565
mucbaieru,2,False,example.txt:5172; example.txt:5176
mularsom,1,False,example.txt:11867
mulctabitur,2,False,example.txt:16422; example.txt:40018
muliebrem,2,False,example.txt:50198; example.txt:50769
muliebris,2,False,example.txt:15269; example.txt:36454
multarunt,1,False,example.txt:23266
multifariori,2,False,example.txt:26532; example.txt:26537
multiflictorum,1,False,example.txt:26510
multipliciumque,1,False,example.txt:26511
multisque,1,False,example.txt:52341
munditiem,1,False,example.txt:32350
municeps,2,False,example.txt:31974; example.txt:31974
municipiis,1,False,example.txt:41759
munitabatum,1,False,example.txt:50982
munusculis,1,False,example.txt:26849
murowac,1,False,example.txt:827
murowal,1,False,example.txt:40808
murowane,1,False,example.txt:829
murowany,2,False,example.txt:18456; example.txt:26412
murowanym,1,False,example.txt:52967
murować,1,True,example.txt:12187
musialaby,1,False,example.txt:13002
musiałem,1,True,example.txt:12066
muskateli,1,False,example.txt:8630
musskies,1,False,example.txt:29557
mutbaieru,1,False,example.txt:5178
mutuauerat,1,False,example.txt:47950
mużonem,1,True,example.txt:30248
mychadzic,1,True,example.txt:13000
mydamami,1,False,example.txt:32935
myechli,1,False,example.txt:13969
mykay,1,False,example.txt:30500
mykostha,1,False,example.txt:18234
mylozonem,1,False,example.txt:36211
myrrhae,1,False,example.txt:47494
myslni,1,False,example.txt:50107
mystricere,1,False,example.txt:47923
myśleliśmy,1,True,example.txt:12059
mąszkie,1,True,example.txt:17269
męszkiey,1,True,example.txt:29697
mężczymym,1,True,example.txt:48538
mężoboyca,1,True,example.txt:29963
mężowi,2,True,example.txt:45078; example.txt:45575
mężowie,2,True,example.txt:6278; example.txt:10615
młodszego,1,True,example.txt:4255
młynarz,1,True,example.txt:30278
młynarza,1,True,example.txt:30276
naZawic,1,False,example.txt:21080
nablissym,1,False,example.txt:29209
nablizssy,1,False,example.txt:6462
nablizszego,1,True,example.txt:44806
nabliższy,1,True,example.txt:1066
nabnoizlizmy,1,False,example.txt:30589
nabozna,1,False,example.txt:29807
nabrane,1,False,example.txt:33089
nabranych,1,False,example.txt:33114
nabregli,1,False,example.txt:30548
nabyane,1,False,example.txt:33112
nabydzie,1,True,example.txt:33675
nabyte,2,False,example.txt:3956; example.txt:22531
nabywany,1,False,example.txt:38635
nachodzili,1,True,example.txt:30180
nachodzone,1,True,example.txt:29697
naczobiednie,2,True,example.txt:40485; example.txt:40486
nadawai,1,False,example.txt:38348
nadbraciem,1,False,example.txt:31950
nadeslanym,1,False,example.txt:22844
nadgrodzona,1,True,example.txt:8074
nadiasl,1,False,example.txt:30666
nadostawali,1,False,example.txt:30364
nadryiowalate,1,False,example.txt:37707
nadtłuczone,1,True,example.txt:11692
nafyos,1,False,example.txt:38365
naganiac,1,False,example.txt:27713
nagardle,1,False,example.txt:29943
naglowkow,1,False,example.txt:13844
nagniencie,1,False,example.txt:37928
nagotowaney,1,False,example.txt:38560
nagradzayacm,1,True,example.txt:22425
nagradzał,1,True,example.txt:38591
nagroalos,1,False,example.txt:24846
nagrodzic,2,True,example.txt:24481; example.txt:38786
nagrodzić,1,True,example.txt:38721
nagrzywkow,1,True,example.txt:50539
nahabac,1,False,example.txt:27674
nahabal,1,False,example.txt:27627
naigorss,1,False,example.txt:13121
nailepsze,1,True,example.txt:8948
naiscie,1,False,example.txt:24628
naisodoli,1,False,example.txt:24783
najawyby,1,False,example.txt:38722
najprzedniejszym,1,True,example.txt:29940
nakabruycie,1,False,example.txt:22929
nakladom,1,False,example.txt:49869
nakoniecz,1,True,example.txt:31945
nakontu,1,False,example.txt:6372
nakładu,1,True,example.txt:5802
naladaiac,1,False,example.txt:38299
nalaziona,1,False,example.txt:11533
nalazlo,1,False,example.txt:7567
nalerzecz,1,True,example.txt:33119
nalesacych,1,False,example.txt:9290
nalesacym,1,False,example.txt:7617
nalescitijs,1,False,example.txt:42856
naleszacych,1,True,example.txt:43695
naleszacym,1,True,example.txt:4240
nalezace,2,False,example.txt:23940; example.txt:23944
nalezacego,1,False,example.txt:8975
nalezacemi,1,False,example.txt:41468
nalezala,1,False,example.txt:50385
nalezalo,2,False,example.txt:33161; example.txt:33164
nalezayce,1,False,example.txt:50386
naleziec,1,False,example.txt:2804
naleziono,1,False,example.txt:24657
naleznosci,1,False,example.txt:45058
nalezythy,1,False,example.txt:26023
należało,1,True,example.txt:24261
należące,1,True,example.txt:50526
należącze,1,True,example.txt:37371
należączej,1,True,example.txt:37075
naliecho,1,False,example.txt:24708
nalieway,1,False,example.txt:40577
nalieżącemi,1,True,example.txt:37305
nallazl,1,False,example.txt:13150
namilsze,1,True,example.txt:34034
namilszy,1,True,example.txt:34045
namowami,1,False,example.txt:35050
namować,1,True,example.txt:31332
nanciscendi,1,False,example.txt:35581
naostatku,1,False,example.txt:38130
napadzili,1,True,example.txt:31259
napierwej,1,False,example.txt:30292
napoiow,1,False,example.txt:8606
napominal,1,False,example.txt:31004
napominanie,1,False,example.txt:21853
napominany,1,False,example.txt:29936
napomnienie,1,False,example.txt:35997
napramicz,1,True,example.txt:32726
naprawic,2,False,example.txt:8058; example.txt:49858
naprawione,1,False,example.txt:37352
naprawowac,1,False,example.txt:37327
naprony,1,False,example.txt:32726
napruty,2,False,example.txt:25017; example.txt:25018
naprzedmey,1,True,example.txt:24398
narBeli,1,False,example.txt:14817
nardziey,1,True,example.txt:13010
nariowna,1,False,example.txt:36824
narobioney,1,False,example.txt:29732
narodzeniu,1,True,example.txt:3309
narodzicie,1,True,example.txt:29847
narozne,1,False,example.txt:18397
naroznego,1,False,example.txt:37072
narożnej,1,True,example.txt:15937
narrandum,1,False,example.txt:41763
naruszenia,1,True,example.txt:47333
narzadzic,1,True,example.txt:30023
narzeczonego,1,True,example.txt:40497
narzekania,1,True,example.txt:24067
nascendis,1,False,example.txt:36730
naslony,2,False,example.txt:16952; example.txt:36256
naspol,2,False,example.txt:18438; example.txt:51944
nastapilo,1,False,example.txt:23421
nastawaniem,1,False,example.txt:30178
nasypawszy,1,True,example.txt:25020
naszedzszy,1,True,example.txt:30039
naszpospolscze,1,True,example.txt:24392
natenczas,1,True,example.txt:18915
natestli,1,False,example.txt:18942
natiekal,1,False,example.txt:16990
nativita,1,False,example.txt:2874
nauantem,1,False,example.txt:4691
nauczyli,1,True,example.txt:50517
navantem,2,False,example.txt:15535; example.txt:29502
nawodna,2,False,example.txt:18429; example.txt:18442
naybarziey,1,True,example.txt:31351
nayblissy,1,False,example.txt:31868
nayblissze,1,True,example.txt:29205
naydziey,1,True,example.txt:23898
nayezsczanki,1,True,example.txt:18232
nayiaśnieyszey,1,True,example.txt:35963
nayliepszego,1,True,example.txt:31650
naymieniu,1,False,example.txt:34627
naymnieyszey,1,True,example.txt:34632
naymowac,2,False,example.txt:38531; example.txt:38532
naymowai,1,False,example.txt:37323
naymować,1,True,example.txt:12058
naynizsza,1,True,example.txt:30618
naynota,1,False,example.txt:12998
naystemphi,1,False,example.txt:31086
nayzowal,1,False,example.txt:13011
nayąsnis,1,True,example.txt:34586
nazaiutrs,1,False,example.txt:26403
nazaiutru,1,False,example.txt:29715
naznacza,1,True,example.txt:94
naznaczam,1,True,example.txt:22476
naznaczone,2,True,example.txt:1062; example.txt:47221
naznaczonego,1,True,example.txt:37095
naznaczonem,1,True,example.txt:8069
naznaczony,2,True,example.txt:44811; example.txt:44825
naznaczy,1,True,example.txt:44825
nazwanem,1,False,example.txt:43501
nazwanym,1,False,example.txt:3703
nazywal,1,False,example.txt:11163
nbymbyrzyego,1,True,example.txt:25056
nefarijs,1,False,example.txt:40454
negativam,1,False,example.txt:51393
neglegens,1,False,example.txt:30562
negociationis,1,False,example.txt:40438
negociumeidem,1,False,example.txt:4969
nemingentem,1,False,example.txt:52226
nemohori,1,False,example.txt:19231
nemsialem,1,False,example.txt:827
nequaquam,2,False,example.txt:20954; example.txt:25253
nequequam,1,False,example.txt:43534
nequeunt,1,False,example.txt:52338
nequiterque,1,False,example.txt:4202
nequiverit,2,False,example.txt:4179; example.txt:4211
nerogmi,1,False,example.txt:22354
neronimij,1,False,example.txt:38539
nesciens,1,False,example.txt:38704
nescivit,1,False,example.txt:38007
nescriphorem,1,False,example.txt:30145
neutiquam,1,False,example.txt:27477
neutrius,1,False,example.txt:52825
nexend,1,False,example.txt:37461
nexipren,2,False,example.txt:37475; example.txt:37476
neymalie,1,False,example.txt:24288
nicarexebitur,1,False,example.txt:28465
nicastratione,1,False,example.txt:44525
nichoatam,1,False,example.txt:15905
nictantias,1,False,example.txt:32577
nidebubitatum,1,False,example.txt:46617
niebabiebalo,1,False,example.txt:30580
niebanas,1,False,example.txt:30976
niebespie,1,False,example.txt:8591
niebespieczeństwie,1,True,example.txt:29699
niebezbeszyt,1,True,example.txt:30552
nieborzyke,1,True,example.txt:22225
nieboschyby,1,False,example.txt:30613
niebostal,1,False,example.txt:38523
nieboszce,1,True,example.txt:22396
nieboycie,1,False,example.txt:30539
niebroni,1,False,example.txt:30980
niebrotne,1,False,example.txt:34647
niebudowne,1,False,example.txt:38577
niebywna,1,False,example.txt:38603
niebyłem,2,True,example.txt:30249; example.txt:30518
niebędę,1,True,example.txt:30497
niechay,1,False,example.txt:16990
niechaycie,1,False,example.txt:30539
niechał,1,True,example.txt:33661
niechce,1,False,example.txt:26019
niechcial,1,False,example.txt:34381
niechcąc,2,True,example.txt:33107; example.txt:33108
niechodz,1,True,example.txt:30282
niechomysl,1,False,example.txt:4331
nieczyniłem,1,True,example.txt:39539
niedadzą,1,True,example.txt:34593
niedaleka,1,False,example.txt:51809
niedaleko,2,False,example.txt:12880; example.txt:36358
niedbalosci,1,False,example.txt:37176
nieddania,1,False,example.txt:36200
niedeponowani,1,False,example.txt:34976
niedlugo,1,False,example.txt:13150
niedokonana,1,False,example.txt:12890
niedomyslila,1,False,example.txt:30631
niedopisznal,1,True,example.txt:31164
niedopusci,1,False,example.txt:44716
niedopuscil,2,False,example.txt:24601; example.txt:24611
niedopusileme,1,False,example.txt:24625
niedopusili,1,False,example.txt:24621
niedopuszcza,2,True,example.txt:26020; example.txt:29904
niedorosłych,1,True,example.txt:33087
niedorosłysch,1,True,example.txt:26077
niedosk,1,False,example.txt:38303
niedoskonaley,1,False,example.txt:31861
niedostabywania,1,False,example.txt:37360
niedostatek,1,False,example.txt:26187
niedostatki,1,False,example.txt:33135
niedostatku,1,False,example.txt:3947
niedostoy,1,False,example.txt:35959
niedosy,1,False,example.txt:26076
niedoszlo,1,True,example.txt:26121
niedoszlymi,1,True,example.txt:29974
niedoszytko,1,True,example.txt:36205
niedowodzac,1,True,example.txt:49972
nieistotna,1,False,example.txt:24674
nieiszym,1,True,example.txt:2758
niejaki,1,False,example.txt:29714
niejszego,1,True,example.txt:37385
niekazal,1,False,example.txt:30546
niekompetentem,1,False,example.txt:35933
niemayami,1,False,example.txt:38763
niemayazni,1,False,example.txt:22414
niemayący,1,True,example.txt:30676
niemayącz,1,True,example.txt:29957
niemianuie,1,False,example.txt:20634
niemierka,1,False,example.txt:12534
nienawisci,1,False,example.txt:30832
nienawiści,1,True,example.txt:30951
nienkowskowski,1,False,example.txt:47817
nieobymiągnąwszy,1,True,example.txt:30201
nieocic,1,False,example.txt:46986
nieodda,1,False,example.txt:22446
nieodmienna,1,False,example.txt:6474
nieodmienne,1,False,example.txt:3737
nieodnosił,1,True,example.txt:30998
nieodpusczano,1,True,example.txt:30697
nieodzwłoczniey,1,True,example.txt:23963
nieopatruznosc,1,False,example.txt:37332
niepewne,1,False,example.txt:38786
nieplaczone,1,True,example.txt:33197
niepobita,1,False,example.txt:41714
niepobożnem,1,True,example.txt:34642
niepodnosic,1,False,example.txt:49937
niepodobai,1,False,example.txt:48438
niepodszyte,1,True,example.txt:32968
niepogardziwszy,1,True,example.txt:16955
niepogorzała,1,True,example.txt:37101
niepohibe,1,False,example.txt:38347
niepokazalo,1,False,example.txt:36207
niepominien,1,False,example.txt:13210
niepomnien,1,False,example.txt:38772
nieposebyla,1,False,example.txt:14117
nieposzla,1,True,example.txt:6288
nieposłacaią,1,True,example.txt:50524
niepotrze,1,True,example.txt:50481
niepotrzebna,1,True,example.txt:22140
niepotrzebne,1,True,example.txt:33137
niepotrzebnem,1,True,example.txt:34642
niepotrzebnemi,1,True,example.txt:41880
niepowaznym,1,False,example.txt:23972
niepowinniemy,1,False,example.txt:50059
niepowinniśmy,1,True,example.txt:16946
niepowoduiac,1,False,example.txt:22176
niepozwolono,2,False,example.txt:34975; example.txt:34993
niepraw,1,False,example.txt:34637
nieprzedane,1,True,example.txt:33115
nieprzybyriggal,1,True,example.txt:22918
nieprzychodziła,1,True,example.txt:38727
nieprzyiacielom,1,True,example.txt:22394
nieprzyiaznem,1,True,example.txt:34641
nieprzyjaciel,1,True,example.txt:29700
nieprzyjacielskich,1,True,example.txt:37381
nieprzyjazni,1,True,example.txt:31374
nieprzysiegly,1,True,example.txt:31352
nieprzystoynie,1,True,example.txt:34580
niepuscilem,1,False,example.txt:30408
nierozdzielnej,1,True,example.txt:37060
nierozewolne,1,False,example.txt:33150
nieruchome,1,False,example.txt:80
nieruchomemi,1,False,example.txt:22393
nieruchomych,1,False,example.txt:44810
niesalowal,1,False,example.txt:13008
niesdiedzie,1,True,example.txt:38368
nieskladane,1,False,example.txt:3699
nieslusney,1,False,example.txt:22207
niespodzu,1,True,example.txt:30629
niesposobnosci,1,False,example.txt:42949
niesusnym,1,False,example.txt:22230
nieuffam,1,False,example.txt:34640
nieufność,2,True,example.txt:35984; example.txt:35985
niewchodzili,1,True,example.txt:30190
niewdawac,1,False,example.txt:35497
niewdzięcznosci,1,True,example.txt:22538
niewdzięcznym,1,True,example.txt:34641
niewiadom,1,False,example.txt:30344
niewiaki,1,False,example.txt:37675
niewidził,1,True,example.txt:31313
niewiernimisci,1,False,example.txt:30621
niewieskich,1,False,example.txt:11563
niewiniano,1,False,example.txt:8661
niewinien,1,False,example.txt:48428
niewinne,1,False,example.txt:29793
niewinnie,1,False,example.txt:30952
niewinno,1,False,example.txt:16980
niewnosami,1,False,example.txt:36014
niewolia,1,False,example.txt:38671
niewolijey,1,False,example.txt:22458
niewolić,1,True,example.txt:3706
niewolne,1,False,example.txt:33139
niewolnictwa,1,False,example.txt:38728
niewolno,1,False,example.txt:13156
niewygotowane,1,False,example.txt:36277
niewątpliwego,1,True,example.txt:38642
nieymayących,1,True,example.txt:30962
nieynakora,1,False,example.txt:30973
niezaplacenia,1,False,example.txt:42956
niezgadzayac,1,True,example.txt:30598
niezieses,1,False,example.txt:38680
niezkromie,1,False,example.txt:13063
niezynow,1,False,example.txt:27911
nigrantem,1,False,example.txt:39998
nihilavit,1,False,example.txt:24562
nimenty,1,False,example.txt:11573
niminendo,1,False,example.txt:52999
nimodamque,1,False,example.txt:21982
ninaczey,1,True,example.txt:28025
ninieisze,2,True,example.txt:3690; example.txt:8979
ninieysse,1,False,example.txt:43511
nipudeleczku,1,True,example.txt:11533
nissimi,1,False,example.txt:32027
nistancie,1,False,example.txt:30002
niszczeniem,1,True,example.txt:13107
nitentemque,1,False,example.txt:17657
nititurin,1,False,example.txt:24321
niualidum,1,False,example.txt:30620
niuczym,1,True,example.txt:29918
niwazlone,1,False,example.txt:23979
nixabit,1,False,example.txt:48754
nizliepszy,1,True,example.txt:34996
nobilissimarum,1,False,example.txt:21365
nobilitatem,1,False,example.txt:15539
nochiemia,1,False,example.txt:16982
nocturno,1,False,example.txt:1344
nocturnum,1,False,example.txt:38002
nominandoque,1,False,example.txt:48522
nominavitque,1,False,example.txt:20480
nonDomina,1,False,example.txt:23016
nonamezy,1,False,example.txt:22508
nonniorum,1,False,example.txt:49121
nopadsy,1,False,example.txt:30358
nostradkowi,1,False,example.txt:23945
nostranullius,1,False,example.txt:26438
nostrochirographum,1,False,example.txt:38896
nosyluis,1,False,example.txt:22860
noszyuie,1,True,example.txt:36301
notumquod,1,False,example.txt:17835
nouecensi,1,False,example.txt:11220
nouitque,1,False,example.txt:16382
nowanej,1,False,example.txt:13087
nowiszym,1,True,example.txt:31893
nowotnego,1,False,example.txt:38574
nowotny,1,False,example.txt:38580
noxiosum,1,False,example.txt:9577
noyszy,1,True,example.txt:18923
nullitati,1,False,example.txt:38603
numerandi,1,False,example.txt:539
numquid,1,False,example.txt:36337
nunchabitibus,1,False,example.txt:14319
nuntiamus,1,False,example.txt:51269
nuszpolia,1,True,example.txt:40124
nyrnberskiego,1,False,example.txt:32999
nyszkirs,1,True,example.txt:22184
nywiodlo,2,False,example.txt:31295; example.txt:31296
obaczyc,1,True,example.txt:49994
obaczyli,1,True,example.txt:30438
obaczylismy,1,True,example.txt:41710
obaczysz,1,True,example.txt:8263
obaczywszy,1,True,example.txt:22537
obarczenia,1,True,example.txt:18933
obarczowanie,1,True,example.txt:33159
obawial,2,False,example.txt:14646; example.txt:14652
obcemem,1,False,example.txt:30226
obchodzil,1,True,example.txt:30442
obciążeniu,1,True,example.txt:8597
obdaiem,1,False,example.txt:18450
obdestinare,1,False,example.txt:16687
obdestinatarum,1,False,example.txt:21750
obdestinatorum,1,False,example.txt:42488
obdestinatus,1,False,example.txt:7972
obdestinavit,1,False,example.txt:16679
obducie,1,False,example.txt:24394
obduckiey,1,False,example.txt:31316
obductie,1,False,example.txt:30574
obductionibus,1,False,example.txt:30242
obducturum,1,False,example.txt:9649
obeavit,1,False,example.txt:52137
obeczki,1,True,example.txt:30315
obejmować,1,True,example.txt:38601
obelial,1,False,example.txt:31538
obesłałem,1,True,example.txt:29710
obetchnienie,1,False,example.txt:30543
obeundaque,1,False,example.txt:31428
obeuntium,1,False,example.txt:51846
obeymaiany,1,False,example.txt:33659
obeymowania,1,False,example.txt:14101
obiciem,1,False,example.txt:2393
obiecawssy,1,False,example.txt:1353
obieccionem,1,False,example.txt:34962
obiecowac,1,False,example.txt:35027
obiecowal,1,False,example.txt:4913
obiecuiem,1,False,example.txt:13080
obiecuiąc,1,True,example.txt:3737
obiecuję,1,True,example.txt:13095
obiecunia,1,False,example.txt:3950
obiegozy,1,False,example.txt:30386
obiererit,1,False,example.txt:6246
obigillavit,1,False,example.txt:11779
obijcere,1,False,example.txt:50301
obijcerent,1,False,example.txt:17674
obijcit,2,False,example.txt:10361; example.txt:26245
obijciunt,1,False,example.txt:50111
obijsse,2,False,example.txt:25316; example.txt:32170
obiwatellom,1,False,example.txt:38350
objecit,2,False,example.txt:27700; example.txt:27772
objiciat,1,False,example.txt:34905
objicien,1,False,example.txt:27712
objiciunt,1,False,example.txt:50442
oblaszony,1,True,example.txt:30969
oblatrice,1,False,example.txt:13298
obliczmy,1,True,example.txt:4300
obliczności,1,True,example.txt:26404
obligemem,1,False,example.txt:6352
obligonislibera,1,False,example.txt:15837
obligowal,1,False,example.txt:33613
obliguiac,1,False,example.txt:22190
obliguiąc,1,True,example.txt:5814
obliuio,1,False,example.txt:16414
obliuione,2,False,example.txt:5545; example.txt:12673
obliwiec,1,False,example.txt:23285
oblićmie,1,True,example.txt:26445
oblozo,1,False,example.txt:8809
oblubieńca,1,True,example.txt:38725
oblymaney,1,False,example.txt:29208
oblyubienicy,1,False,example.txt:29208
obmary,1,False,example.txt:2364
obmiedziwno,1,True,example.txt:30235
obmieszkawszy,1,True,example.txt:31359
obmysliwania,1,False,example.txt:23442
obmywac,1,False,example.txt:50966
obmyśliwszy,1,True,example.txt:25018
obmyślona,1,True,example.txt:8657
obnieli,1,False,example.txt:38633
obnimonemu,1,False,example.txt:30583
obnoxia,2,False,example.txt:14220; example.txt:28420
obnoxierunt,1,False,example.txt:4459
obnoxiores,1,False,example.txt:42023
obnoxios,1,False,example.txt:29490
obnoxium,2,False,example.txt:13245; example.txt:24382
obnoxius,2,False,example.txt:16827; example.txt:52608
oboedientiam,2,False,example.txt:39198; example.txt:41627
obogich,2,False,example.txt:30006; example.txt:30010
obojmi,1,False,example.txt:36300
obowiazalem,1,False,example.txt:24463
obowiazani,1,False,example.txt:2762
obowiazku,1,False,example.txt:4365
obowiescienie,1,False,example.txt:23735
obowiesciwszy,2,True,example.txt:43050; example.txt:43053
obowiązano,1,True,example.txt:29908
obowiązki,1,True,example.txt:44825
obowziąni,1,True,example.txt:36212
oboykowa,1,False,example.txt:23937
oboyraia,1,False,example.txt:37550
oboytko,1,False,example.txt:31185
obozywszy,1,True,example.txt:49870
obposuisse,1,False,example.txt:4122
obrachowania,1,False,example.txt:46984
obrachowaniu,1,False,example.txt:36320
obrachowano,1,False,example.txt:43695
obrachował,1,True,example.txt:36318
obraczkaZAS,1,True,example.txt:17250
obraczki,1,True,example.txt:50799
obranego,2,False,example.txt:30172; example.txt:37048
obranych,1,False,example.txt:24205
obrimonemu,1,False,example.txt:31215
obrocić,1,True,example.txt:86
obronidla,1,False,example.txt:30010
obronność,1,True,example.txt:4918
obroxiła,1,True,example.txt:30512
obrusow,2,False,example.txt:17332; example.txt:38396
obruszaią,1,True,example.txt:50427
obrzydlo,1,True,example.txt:23005
obrzydzając,1,True,example.txt:30195
obrzythich,1,True,example.txt:33682
obróciła,1,True,example.txt:33054
obsadzil,1,True,example.txt:29810
obseratum,1,False,example.txt:30770
obseruatione,1,False,example.txt:43311
obseruent,1,False,example.txt:10087
observationem,1,False,example.txt:2838
obsiadzili,1,True,example.txt:29849
obsignarator,1,False,example.txt:4467
obsignaratores,1,False,example.txt:4469
obsignorauerat,1,False,example.txt:44572
obsondon,1,False,example.txt:48513
obspcow,1,False,example.txt:40402
obstaculi,1,False,example.txt:20160
obstetrice,1,False,example.txt:4149
obstetricem,1,False,example.txt:4148
obstinato,1,False,example.txt:26815
obstitisset,1,False,example.txt:18089
obstrich,1,False,example.txt:2533
obstringens,1,False,example.txt:36630
obstruet,1,False,example.txt:16829
obstąpili,1,True,example.txt:30515
obsueniente,1,False,example.txt:41971
obsyzslia,1,False,example.txt:22197
obtemperan,1,False,example.txt:7717
obtestinatus,1,False,example.txt:10532
obtrectationibus,1,False,example.txt:5556
obtrusa,1,False,example.txt:47086
obtulimus,1,False,example.txt:37161
obtulisse,1,False,example.txt:1812
obturbare,1,False,example.txt:21415
obudwoch,2,False,example.txt:33174; example.txt:33175
obuentiones,1,False,example.txt:12578
obulbyntrzy,1,True,example.txt:30190
oburzeswiadczaiąc,1,True,example.txt:4292
obuskami,1,False,example.txt:30512
obuskron,1,False,example.txt:33684
obuszczal,1,True,example.txt:24400
obventiones,1,False,example.txt:25561
obventionum,1,False,example.txt:35851
obvieyacie,1,False,example.txt:31049
obwarowal,1,False,example.txt:29978
obwarowana,1,False,example.txt:37732
obwarowane,1,False,example.txt:30555
obwarowania,1,False,example.txt:29984
obwarowano,2,False,example.txt:5417; example.txt:30092
obwarzania,1,True,example.txt:50945
obwarzał,1,True,example.txt:40529
obwiescila,1,False,example.txt:8062
obwieścić,1,True,example.txt:15954
obwinia,1,False,example.txt:49344
obwinili,1,False,example.txt:8360
obwiązali,1,True,example.txt:37128
obwiązała,1,True,example.txt:38520
obwiązałem,1,True,example.txt:13104
obwodzili,1,True,example.txt:30512
obwolywac,1,False,example.txt:13188
obyamuil,1,False,example.txt:26040
obykupnie,1,False,example.txt:37731
obymala,2,False,example.txt:24631; example.txt:24632
obymany,1,False,example.txt:30166
obyminstry,1,False,example.txt:24391
obytanar,1,False,example.txt:22497
obywaiaczom,1,True,example.txt:38283
obywala,1,False,example.txt:33688
obzalowanie,1,False,example.txt:30166
obzymalem,1,False,example.txt:24699
obzymany,1,False,example.txt:30166
obłapem,1,True,example.txt:18435
ocbuomial,2,False,example.txt:30326; example.txt:30327
occipitum,1,False,example.txt:35355
occisus,1,False,example.txt:38004
occludendum,1,False,example.txt:16678
occludere,2,False,example.txt:50847; example.txt:52416
occubuisse,1,False,example.txt:10801
occultauit,1,False,example.txt:25170
occupandi,1,False,example.txt:18020
occupatonumque,1,False,example.txt:25901
occupauerint,1,False,example.txt:14604
occupauit,2,False,example.txt:34903; example.txt:40162
occupowawszy,1,True,example.txt:26031
occurrendo,1,False,example.txt:37764
occurrere,1,False,example.txt:51778
ochędo,1,True,example.txt:50497
ochędozna,1,True,example.txt:50475
ocidentem,1,False,example.txt:30194
octogesimo,1,False,example.txt:51620
oculisque,1,False,example.txt:23778
oczkoma,1,True,example.txt:31348
odbiebal,2,False,example.txt:27687; example.txt:27688
odbieranych,1,False,example.txt:35035
odbierać,1,True,example.txt:22480
odbierą,1,True,example.txt:24287
odbiła,1,True,example.txt:38489
odbrech,1,False,example.txt:30596
odbrexai,1,False,example.txt:13048
odbybai,1,False,example.txt:22856
odbythis,1,False,example.txt:36029
odbywać,1,True,example.txt:37392
odchodze,1,True,example.txt:30694
odchodzil,1,True,example.txt:31175
odchodzu,1,True,example.txt:30215
odchodząc,1,True,example.txt:26072
odchowal,1,False,example.txt:37535
oddalbym,1,False,example.txt:15565
oddalizmy,1,False,example.txt:34768
oddawanie,1,False,example.txt:6462
oddawaniu,1,False,example.txt:4920
oddawszy,2,True,example.txt:7578; example.txt:34394
oddayaiąc,1,True,example.txt:35006
oddzieliła,1,True,example.txt:33107
odedrzwi,1,True,example.txt:42690
odeslismy,1,False,example.txt:3321
odeszła,1,True,example.txt:31329
odesławszy,1,True,example.txt:30508
odeymuiąc,1,True,example.txt:38625
odgbiendem,2,False,example.txt:17255; example.txt:17277
odginac,1,False,example.txt:39501
odgnilo,1,False,example.txt:41713
odgrodli,1,False,example.txt:19618
odiachał,2,True,example.txt:41889; example.txt:41891
odiatbali,2,False,example.txt:40507; example.txt:40520
odiazdzal,1,True,example.txt:24396
odiechaczyt,1,True,example.txt:30959
odiesdzaiazeli,1,True,example.txt:40603
odistempyiąm,1,True,example.txt:31220
odjęte,1,True,example.txt:31888
odkarane,1,False,example.txt:7810
odkazala,2,False,example.txt:6420; example.txt:17025
odklada,1,False,example.txt:35983
odkladali,1,False,example.txt:2760
odkup,1,False,example.txt:13110
odlaczeni,1,True,example.txt:23386
odlaczeniu,1,True,example.txt:23383
odlamane,1,False,example.txt:37713
odlasra,1,False,example.txt:38351
odległemi,1,True,example.txt:30179
odliczyc,1,True,example.txt:6483
odliepien,1,False,example.txt:25052
odlievane,1,False,example.txt:36241
odliwie,1,False,example.txt:35044
odloczyc,1,True,example.txt:4353
odlodzenia,1,True,example.txt:29225
odloszenie,1,True,example.txt:680
odloszoney,1,True,example.txt:683
odlozenia,2,False,example.txt:3963; example.txt:8952
odlozierali,1,False,example.txt:23376
odlozona,1,False,example.txt:52967
odlozono,1,False,example.txt:52971
odlozy,1,False,example.txt:6480
odlozyc,2,False,example.txt:33193; example.txt:38751
odlozyl,1,False,example.txt:6486
odlyzyl,1,False,example.txt:40811
odmieniaią,1,True,example.txt:50547
odmienney,1,False,example.txt:8979
odmodlil,1,False,example.txt:40614
odnassieniu,1,False,example.txt:33635
odniemającym,1,True,example.txt:29946
odniesi,1,False,example.txt:22230
odniesieniu,1,False,example.txt:29203
odnieśli,1,True,example.txt:24248
odniosł,2,True,example.txt:41830; example.txt:52874
odnosiel,1,False,example.txt:34989
odnosil,1,False,example.txt:24444
odnosił,1,True,example.txt:24243
odnowit,2,False,example.txt:22540; example.txt:22540
odobiac,1,False,example.txt:30412
odobrania,1,False,example.txt:29951
ododzialy,1,True,example.txt:14821
odoxamions,1,False,example.txt:17283
odporamowali,1,False,example.txt:22864
odpowedam,1,False,example.txt:31086
odpraszania,1,True,example.txt:29973
odprawienie,1,False,example.txt:22507
odprawowali,1,False,example.txt:23367
odprawowane,1,False,example.txt:18460
odprawowała,1,True,example.txt:24242
odprzezala,1,True,example.txt:22338
odpuscieniem,1,False,example.txt:24700
odpuscit,1,False,example.txt:46692
odpuscza,1,True,example.txt:24090
odpusczono,1,True,example.txt:29858
odpuścić,1,True,example.txt:29943
odraylem,1,False,example.txt:22479
odrobil,1,False,example.txt:22482
odrobowano,1,False,example.txt:8685
odrzegaiąc,1,True,example.txt:31652
odrzucic,1,True,example.txt:6460
odrzuciw,1,True,example.txt:35051
odsadzimy,1,True,example.txt:35962
odsedl,1,False,example.txt:23353
odsluchane,1,False,example.txt:35502
odslugowat,1,False,example.txt:10878
odstampieniem,1,False,example.txt:38086
odstapila,1,False,example.txt:37705
odstapili,1,False,example.txt:37704
odstawil,1,False,example.txt:38085
odstempek,1,False,example.txt:28769
odstempionego,1,False,example.txt:28770
odstepny,1,False,example.txt:22420
odstepuie,1,False,example.txt:37187
odstąpili,1,True,example.txt:30189
odstąpiwszy,1,True,example.txt:31177
odsuzone,1,False,example.txt:30601
odsyłać,2,True,example.txt:3725; example.txt:3739
odszobek,1,True,example.txt:37335
odszobney,1,True,example.txt:37331
odtempka,1,False,example.txt:39912
odumarli,1,False,example.txt:33441
odwaliona,1,False,example.txt:38344
odwalony,1,False,example.txt:8595
odwolali,1,False,example.txt:24073
odwolania,1,False,example.txt:24072
odwolawszy,1,True,example.txt:38294
odwłok,1,True,example.txt:48547
odxruintsy,1,False,example.txt:22871
odyawyby,1,False,example.txt:22409
odziedziczyła,1,True,example.txt:33131
odzielam,1,True,example.txt:33195
odzierden,1,True,example.txt:22474
odziernego,1,True,example.txt:14649
odzierset,1,True,example.txt:4354
odzyelo,1,True,example.txt:26319
odzyieleh,2,True,example.txt:26317; example.txt:26318
odzymial,1,True,example.txt:34394
odzyngal,1,True,example.txt:12875
odzywac,1,True,example.txt:23934
odłozenia,1,True,example.txt:8926
odłozona,1,True,example.txt:8921
odłożenia,2,True,example.txt:37107; example.txt:37115
odłożyć,1,True,example.txt:38593
odłączeme,1,True,example.txt:24323
odłączony,1,True,example.txt:23430
odłączyli,1,True,example.txt:23399
ofendostwo,1,False,example.txt:38525
offelki,1,False,example.txt:31036
offertumnostrum,1,False,example.txt:3993
offiaram,1,False,example.txt:14126
offiarumie,1,False,example.txt:31990
officijDominicalo,1,False,example.txt:30140
officionostro,1,False,example.txt:36625
offixam,1,False,example.txt:50222
offosam,1,False,example.txt:4663
offratum,1,False,example.txt:19479
offsam,1,False,example.txt:52249
offusa,1,False,example.txt:30030
offusam,1,False,example.txt:404
ofiaris,1,False,example.txt:30552
ofiarowal,1,False,example.txt:31862
ofiarowanego,1,False,example.txt:8916
ofiaruiac,1,False,example.txt:8805
ofiaruiącz,1,True,example.txt:29752
ofigla,1,False,example.txt:36307
ofubkami,1,False,example.txt:36241
ogladac,1,False,example.txt:45075
ogladali,2,False,example.txt:41710; example.txt:41711
ogliadal,1,False,example.txt:14649
oglądała,1,True,example.txt:6268
ognaliby,1,False,example.txt:23936
ogolacza,1,True,example.txt:33162
ograniczono,1,True,example.txt:49652
ograniczyli,1,True,example.txt:23930
ogrodzony,1,True,example.txt:26452
ogrzania,1,True,example.txt:36841
ogwaldziciel,1,True,example.txt:30559
oholotnosci,1,False,example.txt:23943
oiczysta,1,True,example.txt:4244
oinsinuatiey,1,False,example.txt:35945
oiywodzbie,1,True,example.txt:38615
okiennego,1,False,example.txt:26303
okladkami,1,False,example.txt:32989
okolicznosci,1,True,example.txt:10617
okolisty,1,False,example.txt:33058
okoslye,1,False,example.txt:36255
okragly,1,False,example.txt:36280
okroiony,1,False,example.txt:36264
okroionych,1,False,example.txt:36265
okrutna,1,False,example.txt:29748
okrzywdzona,1,True,example.txt:49345
okręty,1,True,example.txt:8630
okursa,1,False,example.txt:8698
olabui,1,False,example.txt:31945
oledniwa,1,False,example.txt:12895
olimMartini,1,False,example.txt:10386
oliudux,1,False,example.txt:10386
olmariej,1,False,example.txt:2424
olmaryą,1,True,example.txt:12183
omiedopla,1,False,example.txt:26116
ominąwszy,1,True,example.txt:38777
ommefe,1,False,example.txt:30335
omnieyszey,1,True,example.txt:31244
omnimphone,1,False,example.txt:15458
omniquarumque,1,False,example.txt:46006
omniumbonorum,1,False,example.txt:51296
omowienia,1,False,example.txt:10635
omylaly,1,False,example.txt:23952
omylna,1,False,example.txt:22225
omyłki,1,True,example.txt:26116
omyśliwszy,1,True,example.txt:38721
onaliepszem,1,True,example.txt:35949
onayacza,1,True,example.txt:33695
onbespawa,1,False,example.txt:35528
ondeunque,1,False,example.txt:23022
ondikey,1,False,example.txt:22507
onedzielno,1,True,example.txt:26026
onegozczyka,1,True,example.txt:30001
oneidac,1,False,example.txt:12625
onellirs,1,False,example.txt:36255
onemayacymi,1,False,example.txt:23904
onemogła,1,True,example.txt:38712
onepodszita,1,True,example.txt:36250
onepomalu,1,False,example.txt:23401
onerandi,1,False,example.txt:18020
onerantes,1,False,example.txt:29673
onerareque,1,False,example.txt:37834
onerariis,1,False,example.txt:53045
onełkiemi,1,True,example.txt:40717
onieborzykowszki,1,True,example.txt:31290
oniebye,1,False,example.txt:23982
oniechce,1,False,example.txt:30332
oniedbamb,1,False,example.txt:34975
oniedbiem,1,False,example.txt:34990
oniedługo,1,True,example.txt:12060
onieexcedowalo,1,False,example.txt:30576
onieiak,1,False,example.txt:33913
oniektorych,1,False,example.txt:12378
onielion,1,False,example.txt:34993
oniemien,1,False,example.txt:30317
oniemieć,1,True,example.txt:22453
oniepodeymowali,1,False,example.txt:16951
onieskomi,1,False,example.txt:26102
onietello,1,False,example.txt:13129
onievidale,2,False,example.txt:35002; example.txt:35003
oniewspominano,1,False,example.txt:22922
oniewzymial,2,False,example.txt:34392; example.txt:34395
oniezbey,1,False,example.txt:33681
oniuxiat,1,False,example.txt:23987
onlynarku,1,False,example.txt:30346
onowiąmi,1,True,example.txt:30418
onowobodził,1,True,example.txt:13005
onthowal,1,False,example.txt:24397
onymiez,1,False,example.txt:26316
onysliem,1,False,example.txt:24472
onysliema,1,False,example.txt:24469
ooydai,1,False,example.txt:38301
opacznie,1,True,example.txt:31245
opaliu,1,False,example.txt:18938
opasciełem,1,True,example.txt:22543
opatowa,1,False,example.txt:33196
opatrnowali,1,False,example.txt:38121
opatruznosci,1,False,example.txt:37331
opatrywac,1,False,example.txt:37330
opatrywać,1,True,example.txt:33146
opatrzenie,1,True,example.txt:30962
opatrznedliwosci,1,True,example.txt:38303
opatzyli,1,False,example.txt:5735
operitur,2,False,example.txt:46857; example.txt:47065
operosiori,1,False,example.txt:17515
opieczetowal,1,True,example.txt:27703
opismą,1,True,example.txt:26102
opisywalem,1,False,example.txt:24469
opomiedam,1,False,example.txt:37743
opomimotu,1,False,example.txt:31862
opominać,1,True,example.txt:45585
oporteat,1,False,example.txt:21363
oportebit,1,False,example.txt:31126
oportet,2,False,example.txt:27608; example.txt:31046
oppidanis,1,False,example.txt:34709
oppignatarijs,2,False,example.txt:14475; example.txt:14482
opportunumque,1,False,example.txt:23229
optavit,1,False,example.txt:52138
optimeque,1,False,example.txt:42096
optimorum,1,False,example.txt:34211
opulentum,1,False,example.txt:50600
opuscinszczy,1,True,example.txt:31099
opuscza,1,True,example.txt:31982
opustoszona,1,True,example.txt:25008
opuszczenie,1,True,example.txt:37383
orabyc,1,False,example.txt:35961
oratelam,1,False,example.txt:14150
orazbitam,1,False,example.txt:26112
ordynalie,1,False,example.txt:33636
orichalci,1,False,example.txt:51054
oriunda,1,False,example.txt:2795
oriundi,1,False,example.txt:28387
oriundo,1,False,example.txt:6754
oriundorum,1,False,example.txt:313
oriundos,1,False,example.txt:22653
oriundus,1,False,example.txt:41530
orphanam,1,False,example.txt:2196
orszakiem,2,True,example.txt:8700; example.txt:8709
oryginalaskow,1,False,example.txt:24210
oryginalaszek,1,True,example.txt:24213
oryginałasku,1,True,example.txt:37394
oryzobe,1,False,example.txt:36840
osarellere,1,False,example.txt:8278
osciwy,1,False,example.txt:10620
osiadłą,1,True,example.txt:36184
osiedlone,1,False,example.txt:23831
osiopieciem,1,False,example.txt:36355
oskarzeniem,1,True,example.txt:34630
oslobcow,1,False,example.txt:3745
oslyszko,1,True,example.txt:12390
osmakoz,1,False,example.txt:12170
osmdziesiat,1,True,example.txt:28205
osobach,1,False,example.txt:24204
osobienie,1,False,example.txt:18456
osobistey,1,False,example.txt:35952
ossobami,1,False,example.txt:29216
ostapil,1,False,example.txt:6293
ostendens,1,False,example.txt:26539
ostendentesque,1,False,example.txt:24896
ostendere,1,False,example.txt:19518
ostensus,1,False,example.txt:19528
ostobkowych,1,False,example.txt:32975
ostofskich,1,False,example.txt:32976
ostryzliwie,1,False,example.txt:33614
osttendo,1,False,example.txt:9717
oswobodki,1,False,example.txt:22488
oswobodziwszy,1,True,example.txt:33120
oswobodziła,1,True,example.txt:33103
osygnawano,1,False,example.txt:34987
osytha,1,False,example.txt:32737
oszczedzania,1,True,example.txt:50374
oszukama,1,True,example.txt:2804
otaxatus,1,False,example.txt:31197
oteslowa,1,False,example.txt:16936
othku,1,False,example.txt:30344
otrzymali,2,True,example.txt:49652; example.txt:50373
otrzymane,1,True,example.txt:50102
otrzymania,1,True,example.txt:31906
otrzymaniem,2,True,example.txt:8958; example.txt:23962
otrzymanym,1,True,example.txt:3960
otrzymaną,1,True,example.txt:31903
otwarz,1,True,example.txt:33168
otwiera,1,False,example.txt:30493
otwierał,1,True,example.txt:293
otwierdził,1,True,example.txt:44808
otworzeni,1,True,example.txt:21851
otworzone,1,True,example.txt:26303
otworzyts,1,True,example.txt:30211
otworzywszy,1,True,example.txt:3314
ouachy,1,False,example.txt:24102
oucharbie,1,False,example.txt:22205
oucontradictiey,2,False,example.txt:24694; example.txt:24703
ouetowa,1,False,example.txt:11023
ovkupe,1,False,example.txt:26420
owazyl,2,False,example.txt:17235; example.txt:17236
owczisku,1,True,example.txt:24391
owdozkarz,1,True,example.txt:22420
owegdzielo,1,True,example.txt:37177
owernach,1,False,example.txt:36250
owianiem,1,False,example.txt:22476
owiasme,1,False,example.txt:22850
owiersky,1,False,example.txt:31096
owiązał,1,True,example.txt:30487
owlasnemu,1,False,example.txt:33687
owniewolhey,2,False,example.txt:38607; example.txt:38641
owocnym,1,False,example.txt:23297
owokroć,1,True,example.txt:50511
owolnosci,2,False,example.txt:22430; example.txt:37189
owoymisz,1,True,example.txt:30537
owoyniec,2,False,example.txt:25465; example.txt:25466
owscyna,1,False,example.txt:9062
owsforwanin,1,False,example.txt:38399
owsiadszy,1,True,example.txt:23366
owspolnych,1,False,example.txt:33151
owszaken,1,True,example.txt:15565
owszemsie,1,True,example.txt:30577
owszeysey,1,True,example.txt:16950
owtorzey,1,True,example.txt:38397
oxydzieliona,1,True,example.txt:21847
oybiste,1,False,example.txt:17257
oybydlium,1,False,example.txt:25019
oycieku,1,False,example.txt:17340
oycobische,1,False,example.txt:17311
oycowizny,1,False,example.txt:22526
oycowstwu,1,False,example.txt:33597
oycziwszey,1,True,example.txt:16954
oyczizną,1,True,example.txt:37079
oyczysta,1,True,example.txt:17298
oyczystey,1,True,example.txt:40478
oyczysty,1,True,example.txt:39947
oyczystym,1,True,example.txt:33151
oyczyzka,1,True,example.txt:34629
oycżystego,1,True,example.txt:17331
oyimiall,1,False,example.txt:24660
oyistey,1,False,example.txt:22349
oykupowa,1,False,example.txt:22504
oyposcil,1,False,example.txt:30333
oysczami,1,True,example.txt:40476
oysliczam,1,True,example.txt:34579
oyćcem,1,True,example.txt:17330
ozdobione,1,False,example.txt:30555
oznajmił,1,True,example.txt:8375
oznaymili,1,False,example.txt:49940
oznaymim,1,False,example.txt:23283
ołmarem,1,True,example.txt:2379
oświadczonym,1,True,example.txt:8684
pabygrosthobi,1,False,example.txt:13000
pacietur,1,False,example.txt:28466
pacificatione,1,False,example.txt:5546
padesly,1,False,example.txt:22133
padwalonego,1,False,example.txt:8696
pagatamque,1,False,example.txt:47349
palambenevolente,1,False,example.txt:34832
palassow,1,False,example.txt:50027
pamiatke,1,False,example.txt:3787
pamiątek,1,True,example.txt:33087
pamiętają,1,True,example.txt:33445
panewkią,1,True,example.txt:11695
pannicida,2,False,example.txt:13733; example.txt:13782
pannicidali,2,False,example.txt:13788; example.txt:14308
panowalo,1,False,example.txt:23911
parabant,1,False,example.txt:32932
parafernalia,1,False,example.txt:14926
paragraphus,1,False,example.txt:6307
pargameno,1,False,example.txt:21348
pargaminoniyis,1,False,example.txt:33014
pariozkowych,2,False,example.txt:33001; example.txt:33002
parkanie,1,False,example.txt:7392
parkanu,1,False,example.txt:7390
parobkow,1,False,example.txt:40620
parricidalem,1,False,example.txt:1962
parricidales,1,False,example.txt:1963
partiantur,1,False,example.txt:36436
participatione,1,False,example.txt:49553
particulariter,1,False,example.txt:15977
partiendi,1,False,example.txt:26148
partitarumque,1,False,example.txt:31597
partolic,1,False,example.txt:49980
partycypowali,1,False,example.txt:35979
paruiment,1,False,example.txt:37705
pasagium,1,False,example.txt:7649
pasnikow,2,False,example.txt:49370; example.txt:49371
passowanych,1,False,example.txt:45034
passurum,1,False,example.txt:36390
passurus,1,False,example.txt:8720
patefaceret,1,False,example.txt:31500
patrasse,1,False,example.txt:51627
patrawit,1,False,example.txt:29866
patrugermanos,1,False,example.txt:23556
patrzaycie,1,True,example.txt:38091
patrzyc,1,True,example.txt:45606
patrzyl,1,True,example.txt:31163
paupertatem,1,False,example.txt:35050
pczonni,1,True,example.txt:27248
peatorito,1,False,example.txt:8325
peccaret,1,False,example.txt:30632
pecherbabus,1,False,example.txt:31204
pectechis,1,False,example.txt:14823
peculatus,1,False,example.txt:16027
peculiariter,1,False,example.txt:35122
pecuniapersoluere,1,False,example.txt:29773
pedimento,2,False,example.txt:23141; example.txt:26930
peheruntque,1,False,example.txt:14160
pelnych,2,False,example.txt:13892; example.txt:13894
pemieszkanego,1,True,example.txt:30450
pendebunt,1,False,example.txt:40256
pendency,1,False,example.txt:24029
pendendos,2,False,example.txt:10084; example.txt:21167
pendonegocij,1,False,example.txt:17371
pennysi,1,False,example.txt:30977
pensingo,1,False,example.txt:48778
perager,1,False,example.txt:39054
peragerent,1,False,example.txt:15484
percellatas,1,False,example.txt:51129
percussum,1,False,example.txt:40448
perdeditionibus,1,False,example.txt:40904
perditabatur,1,False,example.txt:31444
perdurauerit,1,False,example.txt:7142
peregrinum,2,False,example.txt:31218; example.txt:52735
pereunde,1,False,example.txt:21657
perfruendam,1,False,example.txt:31521
perfumowanych,1,False,example.txt:5193
perhennique,1,False,example.txt:27552
perhibendumVeritati,1,False,example.txt:28386
perhibitorum,1,False,example.txt:37415
perhorre,1,False,example.txt:21428
perientur,1,False,example.txt:9273
periundi,1,False,example.txt:17611
permaxys,1,False,example.txt:25167
permissimusque,1,False,example.txt:9487
permutandam,1,False,example.txt:28965
permutato,1,False,example.txt:39180
pernegat,1,False,example.txt:12803
pernoctauerat,1,False,example.txt:40443
pernoctaverunt,1,False,example.txt:48154
perpendant,1,False,example.txt:20669
perpendat,1,False,example.txt:12427
perpetiendis,2,False,example.txt:10277; example.txt:45356
perpetrandum,2,False,example.txt:31067; example.txt:31075
perpetrator,1,False,example.txt:31044
perpetuitatis,1,False,example.txt:41452
perscrutaretur,1,False,example.txt:40469
persecutumque,1,False,example.txt:1322
persequabatur,1,False,example.txt:30033
persequebantur,1,False,example.txt:31111
perseverans,1,False,example.txt:37192
perseverarent,1,False,example.txt:30801
persolubusque,1,False,example.txt:13391
persolvendis,1,False,example.txt:10032
personaliterHonesta,1,False,example.txt:9720
personarumLapideam,1,False,example.txt:47383
perspexerimus,1,False,example.txt:52520
perstant,1,False,example.txt:23257
perstante,1,False,example.txt:26827
persuadens,1,False,example.txt:30793
persuasi,1,False,example.txt:34247
persuasioni,1,False,example.txt:23454
persuasum,1,False,example.txt:10525
pertinueerunt,1,False,example.txt:28995
perturba,1,False,example.txt:37608
perturbaret,1,False,example.txt:52114
perturbatus,1,False,example.txt:31225
pervenire,2,False,example.txt:8735; example.txt:48152
perversa,1,False,example.txt:30617
petiebat,1,False,example.txt:44665
petiitque,2,False,example.txt:32772; example.txt:44043
petijssent,1,False,example.txt:30818
petisseque,1,False,example.txt:47094
pełnieyszego,1,True,example.txt:44807
pidesyl,1,False,example.txt:38093
piecowi,2,False,example.txt:2365; example.txt:46821
pieczęcią,1,True,example.txt:10597
pieknemy,1,False,example.txt:31359
piemendzy,2,True,example.txt:38740; example.txt:38744
piemidzesci,1,True,example.txt:22417
pieniezne,1,False,example.txt:23810
pienieznych,2,False,example.txt:6352; example.txt:6353
pientdziesiat,1,True,example.txt:41482
pierscionki,1,False,example.txt:11621
piersyny,1,False,example.txt:11697
pierwsstri,1,False,example.txt:13167
pierzchit,1,True,example.txt:22141
pietnastu,1,False,example.txt:20663
pigmentariis,1,False,example.txt:28097
pignorantes,1,False,example.txt:17805
pignoratorios,2,False,example.txt:14489; example.txt:14499
pignoraverunt,1,False,example.txt:14840
pilniezelie,1,False,example.txt:16970
pilnowac,1,False,example.txt:37324
pilnowal,1,False,example.txt:10835
pilnowali,1,False,example.txt:23367
pilowany,1,False,example.txt:33036
pinquorum,1,False,example.txt:26806
pinquos,2,False,example.txt:14231; example.txt:34270
pinquum,1,False,example.txt:22378
piowolnie,1,False,example.txt:40581
piratej,1,False,example.txt:8705
piromisze,1,True,example.txt:36815
pisabus,1,False,example.txt:13405
piscopus,1,False,example.txt:15292
pisiąiongąm,1,True,example.txt:17258
piątek,1,True,example.txt:41882
piętnascie,1,True,example.txt:22405
pięćdziesiąt,1,True,example.txt:2394
placzenia,2,True,example.txt:20840; example.txt:28020
placzono,1,True,example.txt:43696
plagaque,1,False,example.txt:6222
plajetem,1,False,example.txt:30179
plakila,1,False,example.txt:39666
plebanoli,1,False,example.txt:17024
plebanus,2,False,example.txt:9862; example.txt:30859
plenamque,1,False,example.txt:43252
plendorum,1,False,example.txt:12560
plenoque,1,False,example.txt:7673
plerunque,1,False,example.txt:33295
pliewy,1,False,example.txt:30361
plocienny,1,False,example.txt:11567
plociennym,1,False,example.txt:11531
pluralitatem,1,False,example.txt:52059
plusquid,1,False,example.txt:11819
pobartris,1,False,example.txt:42322
pobasnego,1,False,example.txt:12892
pobeprosseniu,1,False,example.txt:30328
pobezil,1,False,example.txt:30540
pobiegł,1,True,example.txt:30490
pobierag,1,False,example.txt:38296
pobierał,1,True,example.txt:12065
pobierdal,1,False,example.txt:44580
pobliżu,1,True,example.txt:41899
pobocznem,1,True,example.txt:18411
poboronych,1,False,example.txt:23691
poboznym,1,False,example.txt:22131
pobranego,2,False,example.txt:13201; example.txt:23871
pobrawszy,1,True,example.txt:23399
pobudowal,1,False,example.txt:37729
pobudzeniem,1,True,example.txt:35966
pobuinoszey,1,True,example.txt:16954
pobuzanil,1,False,example.txt:16968
pobybranai,1,False,example.txt:29225
pobyomiexbal,1,False,example.txt:30322
pobypuscil,1,False,example.txt:29223
pobytkwey,1,False,example.txt:30478
pobytymussem,1,False,example.txt:29219
pobyłego,1,True,example.txt:37303
pochodzoney,1,True,example.txt:11552
pochowala,1,False,example.txt:10821
pochowana,1,False,example.txt:2172
pochylil,1,False,example.txt:24443
pocieszenie,1,True,example.txt:16941
pociągai,1,True,example.txt:23378
pociągnąć,1,True,example.txt:29716
poczacz,1,True,example.txt:38517
poczawszy,1,True,example.txt:50947
poczciwi,1,True,example.txt:31327
pocztowe,1,True,example.txt:29924
poczylit,1,True,example.txt:42334
począł,1,True,example.txt:45594
podBinkami,1,False,example.txt:15677
podBątka,1,True,example.txt:30533
podanego,1,False,example.txt:23875
podatkow,1,False,example.txt:8912
podawala,1,False,example.txt:38330
podawani,1,False,example.txt:35496
podawszy,1,True,example.txt:38329
podayąni,1,True,example.txt:35959
podbadac,1,False,example.txt:11031
podbiala,1,False,example.txt:33630
podbicie,1,False,example.txt:40727
podbity,1,False,example.txt:40723
podbythoni,1,False,example.txt:22337
podczedem,1,True,example.txt:46814
poddanego,1,False,example.txt:30022
poddannym,1,False,example.txt:43499
poddanych,1,False,example.txt:24077
podeszly,1,True,example.txt:22132
podeszły,1,True,example.txt:30178
podesłany,1,True,example.txt:30177
podeymosci,1,False,example.txt:20143
podgthow,1,False,example.txt:22488
podielu,1,False,example.txt:23816
podjezdka,1,False,example.txt:29936
podjął,1,True,example.txt:30989
podkopat,1,False,example.txt:24392
podkładu,1,True,example.txt:36269
podlazyny,1,False,example.txt:49878
podlegaią,1,True,example.txt:33140
podlieplo,1,False,example.txt:32728
podluamey,1,False,example.txt:40807
podmiest,1,False,example.txt:46987
podmosltsu,1,False,example.txt:16464
podnayal,1,False,example.txt:38581
podniesienia,2,False,example.txt:13375; example.txt:13384
podniesienie,1,False,example.txt:41722
podniesieniu,1,False,example.txt:44825
podniesita,1,False,example.txt:44825
podniosl,2,False,example.txt:13183; example.txt:22143
podobnemu,1,False,example.txt:18398
podostai,1,False,example.txt:26156
podparcie,1,False,example.txt:42725
podpernie,1,False,example.txt:49894
podpisuię,1,True,example.txt:28795
podrobieniem,1,False,example.txt:24283
podsklepienie,2,False,example.txt:37702; example.txt:37711
podsodzony,1,True,example.txt:11642
podstanwil,1,False,example.txt:27647
podstaw,1,False,example.txt:8639
podstono,2,False,example.txt:26058; example.txt:26059
podszewka,2,True,example.txt:40721; example.txt:40725
podwalach,1,False,example.txt:41712
podwaline,1,False,example.txt:42724
podwaliny,1,False,example.txt:8058
podwanej,1,False,example.txt:13168
podwaseme,1,False,example.txt:42724
podwazona,1,False,example.txt:15958
podwiązane,1,True,example.txt:40489
podwyższy,1,True,example.txt:25473
podymil,1,False,example.txt:30066
podzabierano,1,True,example.txt:30184
podziekowal,1,True,example.txt:38089
poebranij,1,False,example.txt:24218
poebranym,1,False,example.txt:24209
poenaeiusmodi,1,False,example.txt:5921
poenamque,1,False,example.txt:51670
pogardzil,1,True,example.txt:37179
pogimania,1,False,example.txt:30559
pogodosie,1,False,example.txt:29959
pogodził,1,True,example.txt:45584
pogorszał,1,True,example.txt:38637
pogorszało,1,True,example.txt:38636
pogorzały,2,True,example.txt:38545; example.txt:38547
pogorzenie,2,True,example.txt:38569; example.txt:38587
pogorzeniu,1,True,example.txt:38566
pogranicznych,1,True,example.txt:37380
pograniczu,1,True,example.txt:8592
pogwałcenie,1,True,example.txt:30958
pohabal,1,False,example.txt:16981
pohabiali,1,False,example.txt:23414
pohabienia,1,False,example.txt:30605
pohabowal,1,False,example.txt:19622
pohabuia,1,False,example.txt:30588
pohalnie,1,False,example.txt:20666
pohamowal,1,False,example.txt:26060
pohassac,1,False,example.txt:31091
pohlebey,1,False,example.txt:31148
pohorieni,1,False,example.txt:30579
poiedniczo,1,True,example.txt:49625
pojmano,1,False,example.txt:30285
pojęcia,1,True,example.txt:16949
pokabia,1,False,example.txt:22228
pokarbovawszy,1,True,example.txt:33125
pokazanego,1,False,example.txt:3769
pokazaniu,1,False,example.txt:36208
pokazywali,1,False,example.txt:2229
pokrytem,1,False,example.txt:50521
pokryty,1,False,example.txt:40715
pokrzewności,1,True,example.txt:34571
pokuBebony,1,False,example.txt:32732
polaczona,1,True,example.txt:48422
polahmie,1,False,example.txt:27712
polecił,1,True,example.txt:39537
polgniami,1,False,example.txt:25058
poliensisloco,1,False,example.txt:2058
politicam,1,False,example.txt:14292
pollicenter,1,False,example.txt:36543
pollicitus,1,False,example.txt:44250
polomiby,1,False,example.txt:26070
polozona,2,False,example.txt:44814; example.txt:44821
polozyl,1,False,example.txt:34039
polsmika,1,False,example.txt:32738
poltory,1,False,example.txt:17274
poludnia,1,False,example.txt:40627
poludniem,1,False,example.txt:15571
pomaglem,1,False,example.txt:51939
pomagnąscie,1,True,example.txt:22538
pomalych,1,False,example.txt:33597
pomedayą,1,True,example.txt:30682
pomedziat,1,True,example.txt:16173
pomeidaians,1,False,example.txt:13141
pomerys,1,False,example.txt:29000
pomiadaya,1,False,example.txt:34978
pomiarki,1,False,example.txt:37359
pomiesane,1,False,example.txt:38559
pomieskawszy,1,True,example.txt:33917
pomieslmbuiem,1,False,example.txt:7590
pomimość,2,True,example.txt:37119; example.txt:37121
pominowate,1,False,example.txt:35962
pominowatemi,1,False,example.txt:35958
pomnażało,1,True,example.txt:8600
pomocznem,1,True,example.txt:29732
pomoczą,1,True,example.txt:23423
pomowait,1,False,example.txt:26093
pomścić,1,True,example.txt:31011
ponagabany,1,False,example.txt:5810
ponimieys,1,False,example.txt:29799
ponosiłby,1,True,example.txt:8599
ponowala,1,False,example.txt:6429
ponownych,1,False,example.txt:13362
ponteski,1,False,example.txt:28226
ponurzeniu,1,True,example.txt:28767
poobcinali,2,False,example.txt:42326; example.txt:42333
poojmać,1,True,example.txt:30185
popalono,1,False,example.txt:30184
popelnili,1,False,example.txt:31260
popielasta,2,False,example.txt:13856; example.txt:13858
popielicami,1,False,example.txt:11568
popierac,1,False,example.txt:27644
popierali,1,False,example.txt:23379
popiszać,1,True,example.txt:33149
poplacili,1,False,example.txt:15571
poprawiai,1,False,example.txt:5412
poprawiane,1,False,example.txt:5411
poprawieniu,1,False,example.txt:22537
poprzecin,1,True,example.txt:2395
poprzysiąya,1,True,example.txt:24329
poprzysięzonym,1,True,example.txt:31305
popuścić,1,True,example.txt:38721
popłaczone,1,True,example.txt:33123
porachowania,1,False,example.txt:35034
poraczyl,1,True,example.txt:42960
poraczyli,1,True,example.txt:52756
poradzyli,1,True,example.txt:10588
poraniel,1,False,example.txt:30550
poranieni,2,False,example.txt:29698; example.txt:30199
poranili,1,False,example.txt:30549
poraniono,1,False,example.txt:30183
poratowali,1,False,example.txt:38726
poratunku,1,False,example.txt:8377
porazili,1,False,example.txt:30514
poronieckie,1,False,example.txt:2747
poroviz,1,False,example.txt:20328
porownanie,1,False,example.txt:3687
porownemi,1,False,example.txt:29743
poroybiane,1,False,example.txt:29697
porrexere,1,False,example.txt:23768
porrigat,1,False,example.txt:16747
porrigens,1,False,example.txt:10010
poruczenia,1,True,example.txt:45582
poruczyl,1,True,example.txt:37368
poruczyla,1,True,example.txt:38340
poruszbue,1,True,example.txt:32727
poruszon,1,True,example.txt:24437
poruszowac,1,True,example.txt:45529
porwanim,1,False,example.txt:29854
porwysciu,1,False,example.txt:44803
porytowana,1,False,example.txt:37725
porywał,1,True,example.txt:31005
porzachował,1,True,example.txt:33111
porzadkow,1,True,example.txt:23362
porzadkowi,1,True,example.txt:23369
porzecito,1,True,example.txt:12990
porzgli,1,True,example.txt:38350
porzneli,1,True,example.txt:30414
porzyczonych,1,True,example.txt:44797
porządzić,1,True,example.txt:22393
porąbano,1,True,example.txt:30183
poręczył,1,True,example.txt:45052
posadzany,1,True,example.txt:36359
posadzka,1,True,example.txt:37705
posciągnieniu,1,True,example.txt:29734
poselby,1,False,example.txt:49992
poselly,1,False,example.txt:13012
poshkiseliomy,1,False,example.txt:30648
posihey,1,False,example.txt:24591
poskhzeliony,2,False,example.txt:30212; example.txt:30222
poskibeliono,1,False,example.txt:30531
poskromie,1,False,example.txt:31953
poskromienie,1,False,example.txt:31326
poskupowal,1,False,example.txt:34627
poslarac,1,False,example.txt:49374
posliedni,1,False,example.txt:33178
poslocista,1,False,example.txt:36239
posloshive,1,False,example.txt:23783
poslubiono,1,False,example.txt:30448
posluszny,1,True,example.txt:23734
poslymem,1,False,example.txt:24841
pospadano,1,False,example.txt:30184
pospolicie,1,False,example.txt:38296
pospolity,1,False,example.txt:29977
posponentia,1,False,example.txt:30899
posrebrzac,1,True,example.txt:49353
possedłem,1,True,example.txt:30684
posselaluis,1,False,example.txt:41482
possonatus,1,False,example.txt:30021
possornis,1,False,example.txt:29569
postalyh,1,False,example.txt:13361
postampil,2,False,example.txt:22343; example.txt:38580
postanawiam,1,False,example.txt:22392
postanili,1,False,example.txt:32724
postanowi,1,False,example.txt:18235
postanowil,1,False,example.txt:3743
postanowilem,1,False,example.txt:8238
postanowiloby,1,False,example.txt:33612
postanowią,1,True,example.txt:37103
postaraia,1,False,example.txt:50446
postawila,1,False,example.txt:6415
postempie,1,False,example.txt:31849
postempku,2,False,example.txt:29756; example.txt:40651
postempowac,1,False,example.txt:31088
postepku,2,False,example.txt:9293; example.txt:22146
postepowal,1,False,example.txt:8799
posterismiserunt,1,False,example.txt:36876
posteritateipsius,1,False,example.txt:229
posthabentem,1,False,example.txt:5157
posthabitam,1,False,example.txt:28675
posthibito,1,False,example.txt:26213
posthselil,1,False,example.txt:29960
posthumi,2,False,example.txt:32961; example.txt:33129
posthumum,2,False,example.txt:25735; example.txt:35691
postocik,1,False,example.txt:11523
postronne,1,False,example.txt:24014
postronnych,1,False,example.txt:3763
postrzeliono,1,True,example.txt:29855
postrzellawszy,1,True,example.txt:40487
posuwanym,1,False,example.txt:50136
poswanego,1,False,example.txt:27647
posydlo,1,False,example.txt:33649
poszafować,1,True,example.txt:33149
poszandowac,1,True,example.txt:35503
poszedłem,2,True,example.txt:29710; example.txt:30529
poszkodach,1,True,example.txt:38566
poszlismy,1,True,example.txt:30460
poszodrony,1,True,example.txt:36249
poszodzona,2,True,example.txt:36294; example.txt:36294
poszodzony,1,True,example.txt:36293
poszowanin,1,True,example.txt:23793
poszowi,1,True,example.txt:8103
poszoł,1,True,example.txt:33668
poszyczai,1,True,example.txt:37321
poszyczanie,1,True,example.txt:37321
poszyczyskie,1,True,example.txt:37337
poszyone,1,True,example.txt:26421
poszłociwszy,1,True,example.txt:50435
posłacać,1,True,example.txt:50517
posłanca,1,True,example.txt:29727
posłocie,1,True,example.txt:50539
posłoty,1,True,example.txt:50555
posłuchaliu,1,True,example.txt:29721
posłuchanych,1,True,example.txt:30191
posłuseliono,2,True,example.txt:30684; example.txt:30692
posłuszelil,1,True,example.txt:30675
potaiemne,1,False,example.txt:49987
potaiemnie,1,False,example.txt:1299
potentesnos,1,False,example.txt:21277
pothala,1,False,example.txt:24835
potiatur,2,False,example.txt:2113; example.txt:27428
potiusque,2,False,example.txt:16002; example.txt:49169
potlukl,1,False,example.txt:30550
potlukli,1,False,example.txt:30365
potokiem,1,False,example.txt:37798
potomstwa,1,False,example.txt:43706
potomstwu,1,False,example.txt:33099
potowarzysz,1,True,example.txt:40619
potuisse,1,False,example.txt:971
potwerdzen,1,True,example.txt:24222
potwierdzenie,1,True,example.txt:3714
potwierdzic,1,True,example.txt:31278
potwierdzila,1,True,example.txt:6488
potwirdzony,1,True,example.txt:29861
potęznego,1,True,example.txt:31232
potłuczeni,1,True,example.txt:30199
potłuczono,1,True,example.txt:30183
poubrmusony,1,False,example.txt:24718
poubyznawaly,1,False,example.txt:29983
powetrzem,1,True,example.txt:8636
powiedaiącz,1,True,example.txt:30311
powierzyla,1,True,example.txt:6512
powierzylem,1,True,example.txt:44620
powieścią,1,True,example.txt:31193
powinnego,1,False,example.txt:11151
powinnosc,1,False,example.txt:11180
powinność,2,True,example.txt:20139; example.txt:30177
powinowatstwo,1,False,example.txt:11153
powodzenia,1,True,example.txt:14806
powodzien,1,True,example.txt:8058
powolana,1,False,example.txt:6486
powoleniem,1,False,example.txt:46985
powolywat,1,False,example.txt:30694
powołał,1,True,example.txt:31005
powrozkami,1,False,example.txt:11768
powszechne,1,True,example.txt:24017
powtórz,1,True,example.txt:29939
powyrywai,1,False,example.txt:14650
poydanego,1,False,example.txt:30587
poyszedlszy,1,True,example.txt:19617
poyzytowai,1,False,example.txt:14648
pozasobowane,1,False,example.txt:33616
pozbawiając,1,True,example.txt:38588
pozesly,1,False,example.txt:13962
pozlocista,1,False,example.txt:40730
pozlocisty,2,False,example.txt:50793; example.txt:50794
pozwalaia,1,False,example.txt:36202
pozwalano,1,False,example.txt:35995
pozwanego,2,False,example.txt:13148; example.txt:24592
pozwanemu,1,False,example.txt:30050
pozwaniemi,1,False,example.txt:29723
pozwolenia,2,False,example.txt:6513; example.txt:37736
pozwolenie,1,False,example.txt:44825
pozwoleniem,2,False,example.txt:38725; example.txt:41874
pozwolet,1,False,example.txt:49900
pozwolieniem,1,False,example.txt:18940
pozwolili,2,False,example.txt:8386; example.txt:8388
pozwolily,1,False,example.txt:33667
pozwolić,1,True,example.txt:33663
pozwolił,1,True,example.txt:15949
pozwoliłem,1,True,example.txt:12861
pozwywałem,1,True,example.txt:41877
pozymem,1,False,example.txt:30319
pozyskiem,1,False,example.txt:38724
pozysku,1,False,example.txt:37060
pozytki,1,False,example.txt:8948
pozytkow,1,False,example.txt:37350
pozłacac,1,True,example.txt:50036
położyć,1,True,example.txt:45593
położył,1,True,example.txt:26085
pośledny,1,True,example.txt:33052
pożyczali,2,True,example.txt:9409; example.txt:40499
pożyczanych,1,True,example.txt:37050
pożyczał,1,True,example.txt:41827
pożyczyła,1,True,example.txt:36310
pożytecznego,1,True,example.txt:14805
pożytkami,1,True,example.txt:37304
pożytkiu,1,True,example.txt:41470
pożywaniemi,1,True,example.txt:50965
pożywienia,2,True,example.txt:33133; example.txt:33141
prabuiish,1,False,example.txt:31034
pracowac,1,False,example.txt:11024
pracować,1,True,example.txt:3742
pracownik,1,False,example.txt:3742
practicatur,1,False,example.txt:12993
praczebyk,1,True,example.txt:30326
praeaccendendo,1,False,example.txt:40223
praeallegata,1,False,example.txt:46539
praeallegatam,1,False,example.txt:36516
praeallegato,2,False,example.txt:30749; example.txt:31457
praeallegatum,1,False,example.txt:34473
praeauerent,1,False,example.txt:9263
praebenda,2,False,example.txt:10053; example.txt:25750
praecavem,1,False,example.txt:11929
praecesserunt,1,False,example.txt:34783
praeclusione,1,False,example.txt:33873
praedebitatis,1,False,example.txt:19751
praedecessore,1,False,example.txt:36178
praeeminentiae,1,False,example.txt:6135
praeerant,1,False,example.txt:34477
praeexpressis,1,False,example.txt:29638
praeexpressorum,1,False,example.txt:30925
praeexquisite,1,False,example.txt:41493
praeferuntur,2,False,example.txt:12906; example.txt:14074
praegraue,1,False,example.txt:10339
praehabeatur,1,False,example.txt:20948
praehabereque,1,False,example.txt:40662
praeiauerunt,1,False,example.txt:19950
praeinstoliendo,1,False,example.txt:14060
praemittebantur,1,False,example.txt:41984
praemonitorum,1,False,example.txt:27926
praemonuerit,1,False,example.txt:46878
praenarratae,1,False,example.txt:51203
praenihil,1,False,example.txt:24561
praenotodictionis,1,False,example.txt:17374
praenunc,1,False,example.txt:27396
praeoccupandas,1,False,example.txt:32380
praeoccupata,1,False,example.txt:21768
praeparatoriae,1,False,example.txt:30093
praepediendo,2,False,example.txt:27642; example.txt:27659
praepedimento,2,False,example.txt:23241; example.txt:26971
praerogatiuam,1,False,example.txt:48890
praerogatiui,1,False,example.txt:38622
praerogativam,1,False,example.txt:13224
praerogativis,1,False,example.txt:51145
praerogativus,1,False,example.txt:51144
praesiliter,1,False,example.txt:14089
praestigatore,1,False,example.txt:46447
praesumat,1,False,example.txt:630
praesumatur,1,False,example.txt:47977
praesumpserit,2,False,example.txt:32379; example.txt:44936
praesupponens,1,False,example.txt:12312
praesupposita,1,False,example.txt:6068
praetensionem,1,False,example.txt:41353
praetensionis,1,False,example.txt:382
praetexisse,1,False,example.txt:35628
praeuenexunt,1,False,example.txt:22375
praeustodiendae,1,False,example.txt:14630
praevenerunt,1,False,example.txt:46892
praevisionem,1,False,example.txt:22936
pragneli,1,False,example.txt:23405
pragniemy,1,False,example.txt:24243
pragnienie,1,False,example.txt:29848
pragnienstwo,1,False,example.txt:20130
prakticuie,1,False,example.txt:35952
praszki,1,True,example.txt:35014
pratenusque,1,False,example.txt:23103
prauolbina,1,False,example.txt:24715
prawdziwego,1,True,example.txt:24458
prawdziwie,1,True,example.txt:30832
prawdziwiey,1,True,example.txt:46987
prawdziwszey,2,True,example.txt:16960; example.txt:16963
prawidować,1,True,example.txt:26179
prawszto,1,True,example.txt:29825
prbyanielskie,1,False,example.txt:21853
prebetom,1,False,example.txt:22408
preeminentiae,1,False,example.txt:41345
prefowanych,1,False,example.txt:26192
prehensus,1,False,example.txt:30098
prembsdett,1,False,example.txt:22419
premienili,2,False,example.txt:33165; example.txt:33166
premądlo,1,True,example.txt:18718
prerogatiuey,1,False,example.txt:29566
presumet,1,False,example.txt:10379
pretensyi,1,False,example.txt:31647
priemendsy,1,False,example.txt:24270
priementu,1,False,example.txt:24248
priementy,1,False,example.txt:24254
prienwszyos,1,True,example.txt:30403
primandze,1,True,example.txt:13133
primariis,2,False,example.txt:33859; example.txt:49271
primiendozy,1,False,example.txt:33117
primosci,1,False,example.txt:38692
primumque,1,False,example.txt:52693
priuabuntur,2,False,example.txt:7449; example.txt:12292
priuignorum,2,False,example.txt:35693; example.txt:49499
priweth,1,False,example.txt:31585
priwetu,1,False,example.txt:47345
probabiliorem,1,False,example.txt:13131
probertus,1,False,example.txt:47109
probniku,1,False,example.txt:11186
probowal,1,False,example.txt:24654
procasti,1,False,example.txt:45694
procedant,1,False,example.txt:16577
procedat,1,False,example.txt:15998
procedować,1,True,example.txt:30984
proceunt,1,False,example.txt:18622
produkowana,1,False,example.txt:31247
produrowanego,1,False,example.txt:31221
prodzilo,1,True,example.txt:4152
professia,1,False,example.txt:49930
proficiscendum,1,False,example.txt:46309
proficiscerebatur,1,False,example.txt:40439
proficisci,2,False,example.txt:31545; example.txt:41519
profugi,2,False,example.txt:4725; example.txt:44196
profugos,1,False,example.txt:17607
profugus,1,False,example.txt:48158
prohibiti,1,False,example.txt:14260
prolongabitur,1,False,example.txt:4470
prolongant,1,False,example.txt:16229
prolongombus,1,False,example.txt:29218
promanabunt,2,False,example.txt:34688; example.txt:34689
promanans,1,False,example.txt:46447
promanata,1,False,example.txt:14827
promewab,1,False,example.txt:34970
promittiverit,1,False,example.txt:18548
promptitudinis,1,False,example.txt:19514
promtissimeque,1,False,example.txt:14733
promutui,1,False,example.txt:47559
pronoscatis,1,False,example.txt:26714
propagare,1,False,example.txt:21375
propensi,1,False,example.txt:6219
proponatur,1,False,example.txt:30088
proponowali,1,False,example.txt:49933
proporochione,1,False,example.txt:29983
propouhonem,1,False,example.txt:23428
propozytey,1,False,example.txt:31250
propruation,1,False,example.txt:28169
propugnaculi,1,False,example.txt:3929
propugnaculum,1,False,example.txt:1734
proscribat,1,False,example.txt:38017
proscriben,1,False,example.txt:38833
prosekwienie,1,False,example.txt:35978
prosequeretur,1,False,example.txt:16664
prosiegam,1,False,example.txt:52882
prospera,2,False,example.txt:10351; example.txt:25076
prospiciatur,1,False,example.txt:28756
prospiciendo,1,False,example.txt:28752
prossony,1,False,example.txt:45051
prosythkie,1,False,example.txt:32741
proszony,1,True,example.txt:44825
protensive,1,False,example.txt:32920
protestatusHonoratus,1,False,example.txt:42210
prothonesim,1,False,example.txt:16697
prothonotem,1,False,example.txt:19950
protracti,1,False,example.txt:3300
protrahen,1,False,example.txt:25922
protraheret,1,False,example.txt:25900
protrahitur,1,False,example.txt:17539
prouectiori,1,False,example.txt:31495
prouentusque,1,False,example.txt:39715
prouersia,1,False,example.txt:37145
prouocare,2,False,example.txt:17614; example.txt:30727
prouocat,1,False,example.txt:21821
provecti,2,False,example.txt:37666; example.txt:37686
prowadza,1,True,example.txt:47335
prowadzona,1,True,example.txt:49872
prseuinstho,2,False,example.txt:29209; example.txt:29210
prsyniosl,1,False,example.txt:16935
prubyacielie,1,False,example.txt:38327
prubyali,1,False,example.txt:38305
prubyianom,1,False,example.txt:38325
prudenti,1,False,example.txt:27610
prudentiamque,1,False,example.txt:29265
prxbetom,1,False,example.txt:37187
prymnosylo,1,False,example.txt:23401
przebegat,1,True,example.txt:37351
przeberczonej,1,True,example.txt:13091
przeberczony,1,True,example.txt:13086
przebili,1,True,example.txt:30501
przebudowalem,1,True,example.txt:33622
przebylyn,1,True,example.txt:24599
przeciwlemiemi,1,True,example.txt:38117
przectoczenia,1,True,example.txt:48593
przeczemy,1,True,example.txt:6477
przedaney,1,True,example.txt:36210
przedawac,2,True,example.txt:49627; example.txt:50105
przedawai,1,True,example.txt:49657
przedawat,1,True,example.txt:49625
przedawnikiem,1,True,example.txt:49622
przedbrowarnem,1,True,example.txt:18435
przeddrzwi,1,True,example.txt:30520
przedmiesczkiego,1,True,example.txt:29986
przedmieyskiego,1,True,example.txt:31287
przedmieysszem,1,True,example.txt:29902
przedrożney,1,True,example.txt:48555
przedsecz,1,True,example.txt:28208
przedstawszy,1,True,example.txt:49926
przedstrzegamy,1,True,example.txt:30492
przedszey,1,True,example.txt:24000
przedzieliwssiami,1,True,example.txt:18447
przedłożył,1,True,example.txt:8625
przegladac,1,True,example.txt:3318
przeieczona,1,True,example.txt:8893
przekonany,1,True,example.txt:42955
przelozyl,1,True,example.txt:2243
przemiany,1,True,example.txt:49826
przemienilby,1,True,example.txt:22503
przemoczą,1,True,example.txt:26073
przemyslawala,1,True,example.txt:681
przemyśl,1,True,example.txt:36259
przemyślił,1,True,example.txt:38716
przeniesl,1,True,example.txt:44633
przeniósł,1,True,example.txt:29928
przepadać,1,True,example.txt:37117
przepisanie,1,True,example.txt:31086
przepisu,1,True,example.txt:11872
przeposlem,1,True,example.txt:20143
przepuszczeniem,1,True,example.txt:37057
przepuścił,1,True,example.txt:29939
przepytay,1,True,example.txt:38093
przerberczonej,1,True,example.txt:13094
przerinna,1,True,example.txt:13061
przerzeczome,1,True,example.txt:41482
przerzeczona,2,True,example.txt:1056; example.txt:1060
przerzeczone,1,True,example.txt:44825
przerzeczonego,1,True,example.txt:27908
przerzeczonej,2,True,example.txt:44825; example.txt:44825
przerzeczony,1,True,example.txt:4351
przerzeczonych,1,True,example.txt:8051
przerzeczoną,1,True,example.txt:15956
przeróżne,1,True,example.txt:49953
przeskoczego,1,True,example.txt:29987
przesluchawszy,1,True,example.txt:29561
przespodlienia,2,True,example.txt:25063; example.txt:25064
przesprzenstwu,1,True,example.txt:49838
przestawszy,1,True,example.txt:30300
przestrze,1,True,example.txt:30005
przestrzega,1,True,example.txt:30194
przestrzegac,1,True,example.txt:3697
przestrzegal,1,True,example.txt:30176
przestrzegali,1,True,example.txt:3697
przestrzegalo,1,True,example.txt:30557
przestrzegamy,1,True,example.txt:40409
przestrzegano,1,True,example.txt:3730
przestrzegay,1,True,example.txt:28023
przestrzegla,1,True,example.txt:8973
przestrzenie,1,True,example.txt:11192
przestrzeństwa,1,True,example.txt:15949
przeszkadzac,1,True,example.txt:8073
przeszkadzania,1,True,example.txt:15568
przeszkadzał,1,True,example.txt:8612
przeszkadzibywac,1,True,example.txt:2232
przeszkoda,1,True,example.txt:49817
przeszkody,2,True,example.txt:3975; example.txt:24475
przeszkodzila,1,True,example.txt:37360
przeszynkowi,1,True,example.txt:37538
przeszzeganym,1,True,example.txt:44579
przesłuchany,1,True,example.txt:29739
przesłuchawszy,1,True,example.txt:29730
przewabiwszy,1,True,example.txt:50516
przewodzić,1,True,example.txt:38730
przeyaciołom,1,True,example.txt:16941
przeyrzecmi,1,True,example.txt:27636
przeysdem,1,True,example.txt:25050
przezaczonem,1,True,example.txt:37059
przezasnego,1,True,example.txt:33099
przeznaczonemu,1,True,example.txt:2253
przezwiski,1,True,example.txt:43501
prześcieradl,1,True,example.txt:36252
przeżegaiąc,1,True,example.txt:33100
prziemoza,1,True,example.txt:13001
przihise,1,True,example.txt:39501
prziniq,1,True,example.txt:29560
prziwypraszona,1,True,example.txt:31912
prziyeli,1,True,example.txt:40400
przorzeczonom,1,True,example.txt:44812
przybdzie,1,True,example.txt:22482
przybedą,1,True,example.txt:31651
przybeszlonemu,1,True,example.txt:29795
przybiegaiąc,1,True,example.txt:35975
przybieramy,2,True,example.txt:50391; example.txt:50422
przybira,1,True,example.txt:50470
przybrac,1,True,example.txt:23738
przybudowała,1,True,example.txt:37102
przybydmi,1,True,example.txt:26313
przybydsedl,1,True,example.txt:30630
przybydła,1,True,example.txt:35953
przybygany,1,True,example.txt:23374
przybygodzic,1,True,example.txt:26094
przybyla,2,True,example.txt:18236; example.txt:48179
przybylana,1,True,example.txt:25013
przybyly,1,True,example.txt:27652
przybylym,1,True,example.txt:23384
przybyprawa,1,True,example.txt:22155
przybywa,1,True,example.txt:41840
przybywaiac,1,True,example.txt:23371
przybywal,1,True,example.txt:24779
przybywalyo,1,True,example.txt:30623
przybywał,1,True,example.txt:36311
przychodzicjeszcze,1,True,example.txt:33125
przychylaiąc,1,True,example.txt:3729
przyczetem,1,True,example.txt:18417
przydatek,1,True,example.txt:17283
przygladali,1,True,example.txt:11856
przyiaburzynskiego,1,True,example.txt:31312
przyiaciołmi,1,True,example.txt:16966
przyiazdu,2,True,example.txt:41897; example.txt:45079
przyiazni,1,True,example.txt:30832
przyiaźniom,1,True,example.txt:38370
przyidzie,2,True,example.txt:4343; example.txt:44581
przyiechawszy,2,True,example.txt:1298; example.txt:1302
przyiecia,1,True,example.txt:11034
przyiete,2,True,example.txt:11194; example.txt:48441
przyimac,1,True,example.txt:37189
przyimacz,1,True,example.txt:44825
przyimie,1,True,example.txt:3691
przyimowawszy,1,True,example.txt:40496
przyisłuchawszy,1,True,example.txt:31302
przyiąl,2,True,example.txt:16956; example.txt:16965
przyiśćli,1,True,example.txt:12058
przyjacielska,1,True,example.txt:20137
przyjaciołmi,1,True,example.txt:30194
przyjacioły,1,True,example.txt:33086
przyjdzie,1,True,example.txt:37313
przyjechali,1,True,example.txt:22860
przyjechawszy,1,True,example.txt:40501
przyjezier,1,True,example.txt:40548
przyjmowali,1,True,example.txt:40498
przyjąl,1,True,example.txt:31887
przyjąć,1,True,example.txt:3790
przyjąłby,1,True,example.txt:31886
przykaby,1,True,example.txt:31302
przykazal,1,True,example.txt:29978
przykladaiac,1,True,example.txt:13029
przykrzesci,1,True,example.txt:30204
przykładam,1,True,example.txt:26454
przykładania,1,True,example.txt:7425
przyleglosci,1,True,example.txt:30553
przyleglosciach,1,True,example.txt:3981
przyległosciami,1,True,example.txt:41468
przylozylem,2,True,example.txt:28208; example.txt:28791
przymiesic,1,True,example.txt:33603
przymoc,1,True,example.txt:38776
przymogl,1,True,example.txt:4295
przymowane,1,True,example.txt:30610
przymurenie,1,True,example.txt:5804
przymurowania,1,True,example.txt:5803
przymurowat,1,True,example.txt:5807
przymurował,1,True,example.txt:5799
przymusu,1,True,example.txt:30064
przynalezaly,1,True,example.txt:47252
przynalezy,1,True,example.txt:9404
przynależącey,1,True,example.txt:5793
przynaymni,1,True,example.txt:35508
przyniewiedli,1,True,example.txt:35974
przynosi,1,True,example.txt:33130
przypadaiącey,1,True,example.txt:42883
przypominają,2,True,example.txt:35934; example.txt:35986
przypozwani,1,True,example.txt:41695
przypuszczano,1,True,example.txt:842
przypłacając,1,True,example.txt:33088
przyrzeczenia,1,True,example.txt:10863
przyrzekaiąc,1,True,example.txt:48537
przyrzekaiącz,1,True,example.txt:37082
przysadku,1,True,example.txt:36825
przysady,1,True,example.txt:50550
przysadzi,1,True,example.txt:28787
przysadzone,1,True,example.txt:22398
przyscie,1,True,example.txt:49854
przysedszy,1,True,example.txt:29782
przysiadze,1,True,example.txt:37741
przysieznikow,1,True,example.txt:10847
przysionkiem,1,True,example.txt:7123
przysiąc,1,True,example.txt:15946
przysięgłskiego,1,True,example.txt:37394
przysięże,1,True,example.txt:27727
przysiężnikow,1,True,example.txt:26407
przyslowa,1,True,example.txt:49366
przysposobionego,1,True,example.txt:38499
przystampil,1,True,example.txt:30467
przystanawaiac,1,True,example.txt:37289
przystapimy,1,True,example.txt:297
przystąpic,1,True,example.txt:31886
przystąpimy,1,True,example.txt:20841
przystąpiwszy,1,True,example.txt:30196
przystąpił,1,True,example.txt:30488
przyszedlonych,1,True,example.txt:34393
przysłał,1,True,example.txt:37375
przysłuchaiąc,1,True,example.txt:29726
przysłuchalismy,1,True,example.txt:24069
przysłuchania,1,True,example.txt:26018
przywiedzien,1,True,example.txt:37729
przywiedzio,1,True,example.txt:29889
przywiezc,1,True,example.txt:49895
przywilegiowani,1,True,example.txt:41870
przywiodł,1,True,example.txt:41893
przywodza,1,True,example.txt:34630
przywodzami,1,True,example.txt:31081
przywodzeni,1,True,example.txt:26168
przywodzą,1,True,example.txt:50440
przywodzącym,1,True,example.txt:33119
przywożona,1,True,example.txt:8633
przywożono,1,True,example.txt:8632
przyymuiac,1,True,example.txt:23696
przyzite,1,True,example.txt:5417
przyzwoczon,1,True,example.txt:16929
przyzwoita,1,True,example.txt:42891
przyzwoitośći,1,True,example.txt:8681
przyłożone,1,True,example.txt:44825
przyłożyć,1,True,example.txt:37396
przyłączyli,1,True,example.txt:23394
psedkie,2,False,example.txt:37367; example.txt:37368
psowala,1,False,example.txt:49827
psują,1,True,example.txt:50457
pubedana,1,False,example.txt:18695
pubedmieyskiey,1,False,example.txt:30658
pubedre,1,False,example.txt:15566
pubepada,1,False,example.txt:18695
puberswaliama,1,False,example.txt:30588
puberta,1,False,example.txt:34172
pubeskogi,1,False,example.txt:31869
pubeslego,2,False,example.txt:31859; example.txt:33191
pubespieczno,1,True,example.txt:37936
pubessey,1,False,example.txt:17104
publicantur,1,False,example.txt:43547
publicznymy,1,True,example.txt:14068
publikowat,1,False,example.txt:49886
publycyny,1,False,example.txt:38748
publyszzga,1,True,example.txt:30551
pubopuscili,1,False,example.txt:32000
pubsystempyiąmsz,1,True,example.txt:31222
pubyaniol,1,False,example.txt:38353
pubycaisat,2,False,example.txt:13797; example.txt:13798
pubycznem,1,True,example.txt:22147
pubyczney,1,True,example.txt:22142
pubyfiggayą,1,True,example.txt:22925
pubyiechali,1,False,example.txt:15569
pubykuwa,1,False,example.txt:15679
pubylyny,1,False,example.txt:30680
pubyranid,1,False,example.txt:31934
pubysiela,1,False,example.txt:30586
pubysignala,1,False,example.txt:30091
pudelku,1,False,example.txt:11733
pudsedni,1,False,example.txt:26299
pugnan,1,False,example.txt:26242
pugnandum,1,False,example.txt:35539
pugnant,1,False,example.txt:26235
puiwest,1,False,example.txt:18437
pulbakiem,1,False,example.txt:29925
pulbekow,1,False,example.txt:13189
pulberbersonego,2,False,example.txt:38512; example.txt:38520
pulberbersony,1,False,example.txt:38514
pulbexia,1,False,example.txt:32991
pulbykiem,1,False,example.txt:12143
pulchram,1,False,example.txt:31796
pulczwar,1,True,example.txt:10791
pulerwstwo,1,False,example.txt:16498
pulety,1,False,example.txt:23369
pulgarnow,1,False,example.txt:22527
pulhak,1,False,example.txt:40530
pulhakiem,1,False,example.txt:29851
pulkuffie,1,False,example.txt:13889
pulmiszek,1,True,example.txt:36243
pulpasu,1,False,example.txt:32971
pulpiacea,1,False,example.txt:13455
pulpienty,1,False,example.txt:17236
pulpiska,1,False,example.txt:18450
pulpista,1,False,example.txt:7804
pulsaret,1,False,example.txt:46285
pulsciany,2,False,example.txt:40807; example.txt:40807
pulskna,1,False,example.txt:39272
pulslupa,1,False,example.txt:47230
pulstryjtsu,1,False,example.txt:17643
pulstuki,1,False,example.txt:32993
pulszesnasta,1,True,example.txt:47255
pulsztuki,1,True,example.txt:32994
pultaki,1,False,example.txt:4241
pultamek,1,False,example.txt:4239
pultedeci,1,False,example.txt:32995
pultedwabnych,1,False,example.txt:32978
pulthaka,1,False,example.txt:29960
pultoraki,1,False,example.txt:11536
pultorali,1,False,example.txt:18718
pultoruninego,1,False,example.txt:32988
pultory,2,False,example.txt:17243; example.txt:17251
pulyaneliu,1,False,example.txt:37361
punientur,1,False,example.txt:17683
punietur,2,False,example.txt:17681; example.txt:17683
punktacją,1,True,example.txt:50468
pupilloritutae,1,False,example.txt:7238
purgare,1,False,example.txt:47994
pusbytyna,1,False,example.txt:22194
pusczenia,1,True,example.txt:8063
pusczianek,1,True,example.txt:37534
pusczianku,1,True,example.txt:37536
pusczilem,1,True,example.txt:37534
pusczyl,1,True,example.txt:37368
pusczysha,1,True,example.txt:37535
pusedsie,1,False,example.txt:30416
puseunina,1,False,example.txt:31089
puspyeli,1,False,example.txt:37536
pustkami,1,False,example.txt:38714
pustoszyć,1,True,example.txt:33091
pusyjmimo,1,False,example.txt:29722
puszczabania,1,True,example.txt:37369
puszczaią,1,True,example.txt:8711
puszczają,1,True,example.txt:15936
puszczal,1,True,example.txt:37344
puszczam,1,True,example.txt:38589
puszczać,1,True,example.txt:38712
puszedzko,1,True,example.txt:29795
pusztki,1,True,example.txt:38710
putrefactas,1,False,example.txt:9579
putridas,2,False,example.txt:9575; example.txt:9585
putridos,1,False,example.txt:10316
puzerinko,1,False,example.txt:39274
puzeswyskami,1,False,example.txt:29901
pułbakiem,1,True,example.txt:30501
pułberbernego,1,True,example.txt:40478
pułbernia,1,True,example.txt:40483
pułbyinie,1,True,example.txt:40491
pułcmazawy,1,True,example.txt:40486
pułemisku,1,True,example.txt:40486
pułgranaria,1,True,example.txt:40720
pułhakiem,1,True,example.txt:30521
pułizbą,1,True,example.txt:2382
pułkownik,1,True,example.txt:23331
pułosma,2,True,example.txt:5180; example.txt:5191
pułrzeyd,1,True,example.txt:25030
pułszosta,1,True,example.txt:50956
pułtora,1,True,example.txt:25014
pułtory,2,True,example.txt:2371; example.txt:7354
pułtrzeci,1,True,example.txt:45583
pułystawek,1,True,example.txt:22528
pułłankach,1,True,example.txt:4275
pułłanku,2,True,example.txt:4269; example.txt:4279
pułśmi,1,True,example.txt:40487
puściada,1,True,example.txt:23332
pytaiacz,1,True,example.txt:40628
półbaki,1,True,example.txt:29929
półskórkach,1,True,example.txt:11757
półtorca,1,True,example.txt:50955
płierdy,1,True,example.txt:30253
płocienny,1,True,example.txt:11651
płutnasztuki,1,True,example.txt:5191
quadragintapecunia,1,False,example.txt:1623
quadrante,1,False,example.txt:10082
quadrantem,2,False,example.txt:31795; example.txt:31801
quadriennalis,2,False,example.txt:44996; example.txt:45001
quadruplicam,1,False,example.txt:30031
quaerendas,1,False,example.txt:28173
quaerendi,1,False,example.txt:1322
quaesiuimus,1,False,example.txt:25819
quaestio,1,False,example.txt:24741
quaestionaria,1,False,example.txt:19523
quamdudum,1,False,example.txt:3411
quamplenis,1,False,example.txt:46508
quampri,1,False,example.txt:32155
quarerendi,1,False,example.txt:47364
quartuali,2,False,example.txt:14578; example.txt:14579
quartualibus,1,False,example.txt:14580
quartualium,1,False,example.txt:14577
quarummemoria,1,False,example.txt:37759
quemnunciam,1,False,example.txt:51094
querebaturque,1,False,example.txt:8790
querendo,1,False,example.txt:25874
querulationem,1,False,example.txt:8792
quesita,1,False,example.txt:41803
questione,1,False,example.txt:17354
quibusuisdilationibus,1,False,example.txt:33992
quicquidAbraham,1,False,example.txt:26772
quietacitati,1,False,example.txt:9966
quietatoribus,1,False,example.txt:35236
quietavitministriphonemque,1,False,example.txt:29520
quiminio,1,False,example.txt:16025
quimquennialem,1,False,example.txt:25895
quinquennium,1,False,example.txt:10912
quinuper,1,False,example.txt:25165
quitauitque,1,False,example.txt:27817
quituią,1,True,example.txt:39945
quodgexit,1,False,example.txt:31959
quodobductionem,1,False,example.txt:42330
quomihi,1,False,example.txt:37476
quondowai,1,False,example.txt:24716
quorumreparatione,1,False,example.txt:10316
quotidie,1,False,example.txt:6207
quotquot,1,False,example.txt:19292
rabamia,1,False,example.txt:30009
rabanyh,1,False,example.txt:18407
rabsyl,1,False,example.txt:34587
rabunkami,1,False,example.txt:29220
raczbeli,1,True,example.txt:29992
raczili,1,True,example.txt:29992
raczylo,1,True,example.txt:6469
radiven,1,False,example.txt:22180
radszany,1,True,example.txt:10634
ramentoramento,1,False,example.txt:43757
rannienia,1,False,example.txt:29969
rantuchow,1,False,example.txt:17338
rasprawic,1,False,example.txt:44637
raszowa,1,True,example.txt:39401
ratasque,1,False,example.txt:19385
ratieby,1,False,example.txt:22545
ratificatione,1,False,example.txt:14777
rationabilitatis,1,False,example.txt:11235
rationaliusque,1,False,example.txt:18316
ratisabi,1,False,example.txt:2523
ratisabilibus,1,False,example.txt:5268
ratowac,2,False,example.txt:27710; example.txt:35951
ratoweye,1,False,example.txt:34605
ratsuiąc,1,True,example.txt:44799
rauitque,2,False,example.txt:6065; example.txt:31669
ravitque,1,False,example.txt:12702
raysowaComparens,1,False,example.txt:28071
rbarczanka,1,True,example.txt:18807
reassumendi,1,False,example.txt:33363
reassumendo,1,False,example.txt:28918
rebatur,1,False,example.txt:12083
rebellis,1,False,example.txt:15887
rebrech,1,False,example.txt:34404
recipiendarum,1,False,example.txt:38320
reciproca,1,False,example.txt:49552
recompensationem,1,False,example.txt:2027
reconsarcinaturos,1,False,example.txt:49172
recordari,1,False,example.txt:309
recusabit,1,False,example.txt:21465
recusandi,1,False,example.txt:33366
recusando,1,False,example.txt:3181
recusant,1,False,example.txt:24318
recusat,1,False,example.txt:34945
recusato,1,False,example.txt:46851
recusaverit,1,False,example.txt:3209
reddebantur,1,False,example.txt:8622
reddenda,1,False,example.txt:21445
reddentes,1,False,example.txt:32715
reddimai,1,False,example.txt:31684
redeundo,1,False,example.txt:32733
redigeremus,1,False,example.txt:21374
refecitque,1,False,example.txt:43417
referowali,1,False,example.txt:41706
referuiam,1,False,example.txt:35048
referuje,1,False,example.txt:50579
reficiemus,1,False,example.txt:27478
reformamusque,1,False,example.txt:29662
refridine,1,False,example.txt:48346
refutaciami,1,False,example.txt:13151
refutando,1,False,example.txt:27657
refutari,1,False,example.txt:49649
refutavit,1,False,example.txt:26140
refutuerint,1,False,example.txt:41916
regenerantis,1,False,example.txt:52401
regiment,1,False,example.txt:50403
regnante,1,False,example.txt:19015
regnowac,1,False,example.txt:31892
rehabilitationis,1,False,example.txt:46849
reimponit,1,False,example.txt:24687
reiterabant,1,False,example.txt:12883
reiterant,1,False,example.txt:13424
relaesij,1,False,example.txt:39221
relatowali,1,False,example.txt:8387
relatrice,1,False,example.txt:38377
relaxatum,1,False,example.txt:2700
relaxatur,1,False,example.txt:48477
relaxauit,2,False,example.txt:8833; example.txt:33873
relinquuerunt,1,False,example.txt:26962
reliquorumque,1,False,example.txt:37631
remanens,2,False,example.txt:14196; example.txt:37607
remanentibus,2,False,example.txt:18342; example.txt:48249
remaneret,1,False,example.txt:52106
rememebant,1,False,example.txt:22741
remitowany,1,False,example.txt:24582
remittend,1,False,example.txt:24555
remittowana,1,False,example.txt:22168
remoueatur,1,False,example.txt:2114
remouen,1,False,example.txt:8421
remouentur,1,False,example.txt:628
remoueri,1,False,example.txt:20966
removendo,1,False,example.txt:52164
removendorum,1,False,example.txt:5127
removeri,1,False,example.txt:20936
removetur,1,False,example.txt:20955
renkomis,1,False,example.txt:30650
repagulis,1,False,example.txt:50847
reparaturam,1,False,example.txt:10336
reparaturum,1,False,example.txt:37924
repellebat,1,False,example.txt:3144
repetebat,1,False,example.txt:42179
repetitas,1,False,example.txt:31427
repetitis,1,False,example.txt:39552
repetituram,1,False,example.txt:22106
repetituros,1,False,example.txt:22237
reponant,1,False,example.txt:29135
reponatur,1,False,example.txt:15760
reposituatur,1,False,example.txt:52997
repraesentati,1,False,example.txt:1717
representans,1,False,example.txt:30465
representantium,1,False,example.txt:15162
representat,1,False,example.txt:19663
representendo,1,False,example.txt:27792
repressitet,1,False,example.txt:51357
reproducendi,1,False,example.txt:33357
reproduxerunt,1,False,example.txt:816
repudiat,1,False,example.txt:34547
repudinis,1,False,example.txt:41984
repugnat,1,False,example.txt:17538
repugnauerit,2,False,example.txt:1325; example.txt:4967
requietet,1,False,example.txt:6207
requinet,1,False,example.txt:32468
requirant,2,False,example.txt:14605; example.txt:23912
requirat,2,False,example.txt:18896; example.txt:22105
requirenbatur,1,False,example.txt:49060
requirunt,2,False,example.txt:7576; example.txt:27406
requisierunt,1,False,example.txt:37649
requisiuerunt,1,False,example.txt:16782
requisiverunt,1,False,example.txt:38429
resarciantur,1,False,example.txt:34780
resciet,1,False,example.txt:25894
resciuit,1,False,example.txt:46267
residebat,1,False,example.txt:40425
residuitatem,1,False,example.txt:49692
residuitatis,1,False,example.txt:51370
respondowac,1,False,example.txt:24670
respondowai,1,False,example.txt:45605
respuere,1,False,example.txt:34949
restaurasse,1,False,example.txt:614
restituantur,2,False,example.txt:25800; example.txt:44641
restituturus,1,False,example.txt:44058
reswiecie,1,False,example.txt:37710
retinendaque,1,False,example.txt:19449
retinuisset,1,False,example.txt:19024
retorquebat,1,False,example.txt:16442
retorquet,1,False,example.txt:52094
retractamusque,1,False,example.txt:19027
retractauimus,1,False,example.txt:19027
retribens,2,False,example.txt:48135; example.txt:48136
retribuet,1,False,example.txt:46093
retrocedit,1,False,example.txt:1418
retrospassio,1,False,example.txt:5787
reuidenda,1,False,example.txt:13878
reuivificuriat,1,False,example.txt:50135
reverterentur,1,False,example.txt:48157
revideant,2,False,example.txt:44545; example.txt:44546
rexitque,1,False,example.txt:11372
ricordiae,1,False,example.txt:8533
ricorditer,1,False,example.txt:36464
rigoreJuris,1,False,example.txt:30632
riguositat,1,False,example.txt:974
rijskoi,1,False,example.txt:20821
rilihamie,1,False,example.txt:48536
rioratur,1,False,example.txt:26952
ripsecurit,1,False,example.txt:31679
riquizowani,1,False,example.txt:11119
robienia,2,False,example.txt:37354; example.txt:42692
robionych,1,False,example.txt:33021
roboranda,1,False,example.txt:16677
roborando,1,False,example.txt:21233
roborantur,1,False,example.txt:24295
roborari,1,False,example.txt:18905
roborarique,1,False,example.txt:20490
roboratam,2,False,example.txt:50111; example.txt:51545
roboratas,1,False,example.txt:28763
roboratur,2,False,example.txt:37420; example.txt:53001
robustum,1,False,example.txt:3772
rodmarsthe,1,False,example.txt:30516
rodzaj,1,True,example.txt:17247
rodzeni,2,True,example.txt:14105; example.txt:26019
rodzicach,1,True,example.txt:36187
rodzicow,1,True,example.txt:35953
rodziela,1,True,example.txt:33658
romirz,1,True,example.txt:17952
romisze,1,True,example.txt:13027
ronsdze,1,True,example.txt:24338
ronymum,2,False,example.txt:18775; example.txt:33355
roschowaniu,1,False,example.txt:29914
rosczepem,1,True,example.txt:11694
roselakie,1,False,example.txt:18458
roskasaniuJego,1,False,example.txt:9280
roskassa,1,False,example.txt:31201
roskazalismy,1,False,example.txt:2258
roskazaniem,2,False,example.txt:7578; example.txt:42532
roskazowamu,1,False,example.txt:38341
roskazuyącze,1,True,example.txt:11509
roskonewska,1,False,example.txt:38392
roslaczenia,2,True,example.txt:24209; example.txt:24219
rospierai,1,False,example.txt:13014
rosprawiania,1,False,example.txt:22197
rosprawianym,1,False,example.txt:22171
rosprawili,1,False,example.txt:37175
rossprzesthrzem,1,True,example.txt:36848
rostarial,1,False,example.txt:30370
rostkami,1,False,example.txt:13837
roszandek,1,True,example.txt:13387
roszandku,1,True,example.txt:18951
rotseags,1,False,example.txt:41312
rotundam,1,False,example.txt:36501
rotundkiem,1,False,example.txt:37391
rousaila,1,False,example.txt:24846
rownież,1,True,example.txt:33135
rownys,1,False,example.txt:22528
roxnoboxatoriam,1,False,example.txt:20378
royssedl,1,False,example.txt:31208
roywodow,1,False,example.txt:24581
roywodsi,1,False,example.txt:24570
royzliab,1,False,example.txt:30703
rozaydem,1,False,example.txt:40812
rozdawane,1,False,example.txt:37318
rozdziale,2,True,example.txt:50818; example.txt:50819
rozdzieliem,1,True,example.txt:39919
rozdzieloną,1,True,example.txt:15956
rozednialo,1,False,example.txt:30447
rozesnac,1,False,example.txt:50008
rozgodaił,1,True,example.txt:18430
roziechal,1,False,example.txt:40612
rozkazalismy,1,False,example.txt:43524
rozkazanie,1,False,example.txt:30469
rozliana,1,False,example.txt:30057
rozmawiaiąc,1,True,example.txt:31336
rozmawial,2,False,example.txt:31004; example.txt:31013
rozmawiali,1,False,example.txt:40626
rozmawiał,1,True,example.txt:30670
rozmowa,1,False,example.txt:41699
rozmowiwszy,1,True,example.txt:29712
rozmowniwszy,1,True,example.txt:31328
rozmowy,1,False,example.txt:11147
rozmyslem,1,False,example.txt:22395
roznicach,1,False,example.txt:8933
rozniezey,1,False,example.txt:24324
rozpadly,1,False,example.txt:37710
rozpisany,1,False,example.txt:31915
rozpra,1,False,example.txt:28783
rozprana,1,False,example.txt:24321
rozprawic,2,False,example.txt:4311; example.txt:4314
rozprawie,1,False,example.txt:31032
rozprawić,1,True,example.txt:41878
rozprawił,1,True,example.txt:41898
rozrzucać,1,True,example.txt:15949
rozrządzenie,1,True,example.txt:29933
rozsadhkom,1,False,example.txt:37294
rozsowbalo,1,False,example.txt:30325
rozuiazal,1,False,example.txt:1301
rozumiano,1,False,example.txt:31209
rozumiał,1,True,example.txt:4255
rozumie,1,False,example.txt:31204
rozumiec,2,False,example.txt:13154; example.txt:31879
rozumieiac,1,False,example.txt:7939
rozumiejąc,1,True,example.txt:29714
rozumieli,1,False,example.txt:31999
rozumu,2,False,example.txt:13149; example.txt:35946
rozzłączeme,1,True,example.txt:24322
rozłuskie,1,True,example.txt:29738
rościła,1,True,example.txt:26189
rożnicze,1,True,example.txt:18914
rticularem,1,False,example.txt:44388
ruchome,2,False,example.txt:80; example.txt:26419
ruchomemi,1,False,example.txt:22393
ruchomi,1,False,example.txt:26421
ruchomych,2,False,example.txt:1400; example.txt:8961
ruinosis,1,False,example.txt:24155
ruisomysl,1,False,example.txt:41482
rumcuis,1,False,example.txt:4173
runculam,1,False,example.txt:17707
rupturas,1,False,example.txt:33510
rusyli,1,False,example.txt:7613
ruszac,2,True,example.txt:696; example.txt:3317
ruszgum,1,True,example.txt:34080
ruszyc,1,True,example.txt:38522
ruszyla,1,True,example.txt:16934
ruszyt,1,True,example.txt:90
ruszyła,1,True,example.txt:38696
rutsomych,1,False,example.txt:44809
rycerskim,1,False,example.txt:2242
rychterce,1,False,example.txt:17288
ryczowsska,1,True,example.txt:18861
rynkach,1,False,example.txt:30963
ryszkowskam,1,True,example.txt:3142
ryzyko,1,False,example.txt:34382
rzadzamy,1,True,example.txt:29999
rzeczenia,1,True,example.txt:1355
rzeliom,1,True,example.txt:26087
rzelnik,1,True,example.txt:48063
rzemieslnego,1,True,example.txt:50376
rzemyo,1,True,example.txt:18401
rzepiej,1,True,example.txt:23427
rzeźbą,1,True,example.txt:33059
rzuconych,1,True,example.txt:8924
rzymosci,1,True,example.txt:22424
rzyszych,1,True,example.txt:48960
różnym,1,True,example.txt:33089
rękami,1,True,example.txt:38537
rękawow,1,True,example.txt:40724
rętonski,1,True,example.txt:29037
sabalinskie,1,False,example.txt:49027
sabuchasupra,1,False,example.txt:3505
sadubowi,1,False,example.txt:2384
saepedictis,1,False,example.txt:48390
saepenumero,2,False,example.txt:19515; example.txt:27330
sahadom,1,False,example.txt:37323
saibyc,1,False,example.txt:27713
salutare,1,False,example.txt:31144
salvoconductibus,1,False,example.txt:12978
samborowai,1,False,example.txt:18947
samokrzei,1,True,example.txt:30217
samolat,2,False,example.txt:30373; example.txt:30379
samowai,1,False,example.txt:22193
samowala,1,False,example.txt:29816
samowales,1,False,example.txt:31033
samuycie,1,False,example.txt:30317
sanguinearum,1,False,example.txt:3076
sanguinolentis,2,False,example.txt:13055; example.txt:13226
sanitatem,1,False,example.txt:30087
sanowicza,1,True,example.txt:8961
sapleciona,1,False,example.txt:5809
sarozym,1,False,example.txt:11529
sasadlo,1,False,example.txt:10844
sasiada,1,False,example.txt:27924
sasiady,1,False,example.txt:31369
sasiedzi,2,True,example.txt:37733; example.txt:38327
sastąpić,1,True,example.txt:5811
satagebat,1,False,example.txt:43550
satisdare,1,False,example.txt:28825
saubiniis,1,False,example.txt:31181
saxeptae,2,False,example.txt:26345; example.txt:26352
scandalum,1,False,example.txt:14284
scateramie,1,False,example.txt:1299
scendisse,2,False,example.txt:23202; example.txt:36738
schadzać,1,True,example.txt:37388
schkzo,1,False,example.txt:37296
schlepikiem,1,False,example.txt:26302
schliepu,1,False,example.txt:26314
schliepą,1,True,example.txt:26304
schodBar,1,False,example.txt:22511
schodziech,1,True,example.txt:2402
scholastica,1,False,example.txt:34250
scholasticis,2,False,example.txt:2660; example.txt:19828
schorzalem,1,True,example.txt:34995
schorączia,1,True,example.txt:33101
schowania,1,False,example.txt:36315
schowanie,2,False,example.txt:43060; example.txt:47894
schowany,1,False,example.txt:37066
schownatna,1,False,example.txt:18421
schronił,1,True,example.txt:30268
schronplimie,1,False,example.txt:30198
schusza,1,True,example.txt:25055
sciciel,1,False,example.txt:36345
scieszkami,1,True,example.txt:40499
sciszky,1,True,example.txt:40571
sciuthi,1,False,example.txt:50819
sciverit,2,False,example.txt:6132; example.txt:43204
sciągac,1,True,example.txt:13201
sciągać,1,True,example.txt:37122
scogos,1,False,example.txt:30434
scriberem,1,False,example.txt:18109
scrinijsque,1,False,example.txt:13866
scrutinij,2,False,example.txt:30803; example.txt:37991
scrutinium,1,False,example.txt:30977
scybydzą,1,True,example.txt:22928
seberian,1,False,example.txt:18861
sebolerati,1,False,example.txt:2996
seconomia,1,False,example.txt:43346
secundapostridie,1,False,example.txt:42784
securare,1,False,example.txt:38964
sedandos,2,False,example.txt:30037; example.txt:30466
sediuratoria,1,False,example.txt:50909
sedziskiey,1,True,example.txt:24581
segregandam,1,False,example.txt:10357
segregare,1,False,example.txt:21812
segregatam,1,False,example.txt:13450
segregatas,1,False,example.txt:46809
segregationem,1,False,example.txt:19579
seguelie,1,False,example.txt:35960
seiowic,1,False,example.txt:33569
seiunctas,1,False,example.txt:21547
seiungere,1,False,example.txt:21811
sellarij,1,False,example.txt:36235
semestri,2,False,example.txt:2096; example.txt:40795
semiconsortis,1,False,example.txt:45148
semifundium,1,False,example.txt:13455
semimortua,1,False,example.txt:48166
semiulna,1,False,example.txt:17512
semiuoce,1,False,example.txt:7301
semivolam,1,False,example.txt:22152
senectutem,2,False,example.txt:12269; example.txt:52177
sentaneo,1,False,example.txt:18686
sententissime,1,False,example.txt:9727
sentientialiter,1,False,example.txt:45817
separanturconiunctimque,1,False,example.txt:41305
sepedictibus,1,False,example.txt:2980
sepedicto,1,False,example.txt:9776
sepefatam,1,False,example.txt:5391
sepelivit,1,False,example.txt:19347
sepememorati,1,False,example.txt:20201
sepimenta,2,False,example.txt:37506; example.txt:37817
sepimentoque,1,False,example.txt:26334
seposteratum,1,False,example.txt:49120
sepulturae,2,False,example.txt:22379; example.txt:31124
sepulturam,1,False,example.txt:48830
sequelam,1,False,example.txt:40254
sequerent,1,False,example.txt:41394
sequestratae,1,False,example.txt:6892
serawonym,1,False,example.txt:11535
serdecznij,1,True,example.txt:22331
sericea,1,False,example.txt:14385
sericeae,1,False,example.txt:15269
sericeum,1,False,example.txt:26852
seruacionem,1,False,example.txt:35444
seruarunt,1,False,example.txt:42032
seruicij,2,False,example.txt:45132; example.txt:45133
seruicio,1,False,example.txt:16185
seruiciorum,2,False,example.txt:9152; example.txt:19449
seruiebat,2,False,example.txt:10912; example.txt:42386
seruire,1,False,example.txt:10745
seruitiae,1,False,example.txt:9061
seruitiorum,1,False,example.txt:39461
seruitium,1,False,example.txt:46288
seruitute,1,False,example.txt:47090
servicia,1,False,example.txt:44948
serviebat,1,False,example.txt:48714
servire,1,False,example.txt:2020
servitor,1,False,example.txt:46782
servitute,2,False,example.txt:6098; example.txt:10374
servituti,1,False,example.txt:47929
servivit,1,False,example.txt:2020
sesowaniu,1,False,example.txt:288
severitatemque,1,False,example.txt:37656
sexuitiorum,1,False,example.txt:36108
seylardis,1,False,example.txt:12942
sffaramiem,1,False,example.txt:35042
sfoliarstwie,1,False,example.txt:37323
shandlowało,1,True,example.txt:38725
shladniyszych,1,True,example.txt:34397
shromadzona,1,True,example.txt:26305
siadac,1,False,example.txt:24678
siadacz,1,True,example.txt:30307
sicerarij,1,False,example.txt:49319
sichego,1,False,example.txt:37089
sidentiae,1,False,example.txt:52210
siderantes,1,False,example.txt:35140
siedemnascie,2,False,example.txt:17329; example.txt:17331
siedmnascie,2,False,example.txt:11741; example.txt:13892
siedmnaście,1,True,example.txt:22411
siedmset,1,False,example.txt:673
siedmseth,1,False,example.txt:13874
siedmsets,1,False,example.txt:4912
siedstrycze,1,True,example.txt:14104
siedzialo,1,True,example.txt:31006
siedzącego,1,True,example.txt:30968
siedzący,1,True,example.txt:31013
siedzączego,1,True,example.txt:29959
siekierami,1,False,example.txt:30426
siekierke,1,False,example.txt:38092
siempzes,1,False,example.txt:42428
sieniach,1,False,example.txt:47888
sieross,1,False,example.txt:31969
sierostais,1,False,example.txt:31970
sierota,2,False,example.txt:38286; example.txt:48421
sierotom,2,False,example.txt:34566; example.txt:48427
sierott,1,False,example.txt:26016
sieroty,1,False,example.txt:20839
signalisare,1,False,example.txt:5132
signandos,1,False,example.txt:29267
signetow,1,False,example.txt:50006
siliginacei,2,False,example.txt:19311; example.txt:19325
siliginaceum,1,False,example.txt:19315
simultaneo,1,False,example.txt:53038
singulosquarumcumque,1,False,example.txt:9922
sinowszkie,1,True,example.txt:12699
siodmego,1,False,example.txt:8613
siodsma,2,False,example.txt:47235; example.txt:47262
siolobna,1,False,example.txt:8074
sionaluoska,1,False,example.txt:45527
sistendo,1,False,example.txt:27794
sitieius,1,False,example.txt:43856
sitummodi,1,False,example.txt:42395
siódmem,1,True,example.txt:36198
skabamia,1,False,example.txt:30691
skadkolwiek,1,False,example.txt:8956
skalatar,1,False,example.txt:30512
skaleze,1,False,example.txt:30247
skarbney,2,False,example.txt:34628; example.txt:34642
skarbnik,1,False,example.txt:42948
skarbowa,1,False,example.txt:23700
skarzat,1,True,example.txt:45072
skarżyć,1,True,example.txt:8642
skarżył,2,True,example.txt:30295; example.txt:38687
skarżąc,1,True,example.txt:29732
skatiey,1,False,example.txt:30366
skazelioną,1,True,example.txt:29720
skaznyby,1,False,example.txt:18925
skazowal,1,False,example.txt:12866
skazymianey,1,False,example.txt:30161
skałbie,1,True,example.txt:33041
skiemicz,1,True,example.txt:28811
skladayą,1,True,example.txt:30954
skladnego,1,False,example.txt:34393
skladnych,1,False,example.txt:34390
sklepienie,1,False,example.txt:37713
sklepista,2,False,example.txt:2362; example.txt:2400
sklepovego,1,False,example.txt:12174
sklepykowyt,1,False,example.txt:12156
skliepikiem,1,False,example.txt:18441
skoczil,1,True,example.txt:30313
skodliwa,1,False,example.txt:22865
skodliwie,1,False,example.txt:26029
skonani,1,False,example.txt:33612
skonania,1,False,example.txt:37378
skonaniu,1,False,example.txt:29888
skonczema,1,True,example.txt:28785
skoonbyli,1,False,example.txt:30389
skorysz,1,True,example.txt:30392
skotnikem,1,False,example.txt:23607
skowane,1,False,example.txt:13842
skromnosci,1,False,example.txt:31900
skrzecil,2,True,example.txt:31348; example.txt:31349
skrzedz,2,True,example.txt:37324; example.txt:37338
skrzyipek,1,True,example.txt:30342
skrzykami,1,True,example.txt:30507
skrzypkowie,1,True,example.txt:30272
skrzywdzonym,1,True,example.txt:27707
skubyda,1,False,example.txt:35954
skulany,1,False,example.txt:33648
skundowal,1,False,example.txt:16172
skupswa,1,False,example.txt:50082
skupymac,1,False,example.txt:13096
skurzony,1,True,example.txt:30604
skuteczne,1,True,example.txt:49952
skuterme,1,False,example.txt:13093
skutku,1,False,example.txt:29889
skwitowała,1,True,example.txt:31645
skądinąd,1,True,example.txt:8918
slannegó,1,True,example.txt:26402
slauiaburgensis,1,False,example.txt:38028
slawentnemi,1,False,example.txt:18909
slechiewski,1,False,example.txt:33659
slimosnych,1,False,example.txt:32742
sliszny,1,True,example.txt:10962
slodarz,1,True,example.txt:23300
slodownie,1,False,example.txt:37337
slodycz,1,True,example.txt:40806
slubienie,1,False,example.txt:30477
slubiep,1,False,example.txt:22466
slubiwssy,1,False,example.txt:1353
slubuią,1,True,example.txt:37065
slubyowai,1,False,example.txt:18950
sludzyemini,1,True,example.txt:4015
slupieni,1,False,example.txt:14057
slupnaza,1,False,example.txt:49895
slusars,2,False,example.txt:36278; example.txt:49901
slusarza,1,True,example.txt:49865
slusiyes,1,False,example.txt:34563
slusznego,1,True,example.txt:34392
slusznosc,2,True,example.txt:6518; example.txt:33594
slusznych,2,True,example.txt:23361; example.txt:29882
slusznymi,2,True,example.txt:31964; example.txt:31982
sluszom,1,True,example.txt:6460
sluszącego,1,True,example.txt:29887
sluzacego,1,False,example.txt:29886
sluzacym,1,False,example.txt:35516
sluzebnice,1,False,example.txt:50945
sluzebnicy,1,False,example.txt:45071
sluzebnik,2,False,example.txt:23734; example.txt:34045
sluzilem,1,False,example.txt:37533
sluzynkie,1,False,example.txt:23377
smarłym,1,True,example.txt:42884
smelsy,1,False,example.txt:22195
smierayący,1,True,example.txt:30685
smiertelnosci,1,False,example.txt:22390
smiertelny,1,False,example.txt:29857
smietali,1,False,example.txt:37535
smithii,1,False,example.txt:46020
smniescem,1,False,example.txt:42692
smolbiesiarty,1,False,example.txt:24460
smoszadza,1,True,example.txt:11717
smurkami,1,False,example.txt:5198
smurowai,1,False,example.txt:18948
smyczka,1,True,example.txt:50797
smykami,1,False,example.txt:30464
snaidzone,1,True,example.txt:49833
snurkami,1,False,example.txt:32967
sobrzeczne,1,True,example.txt:2373
sobólemi,1,True,example.txt:13836
sociosque,1,False,example.txt:23258
sodalitatem,2,False,example.txt:21379; example.txt:21415
sodalitatemque,1,False,example.txt:21384
sodalitates,1,False,example.txt:21387
sodalitati,1,False,example.txt:21390
solarna,1,False,example.txt:2364
solemniterordinauerunt,1,False,example.txt:15780
solicitudinem,1,False,example.txt:18309
solidante,1,False,example.txt:27935
solidaritati,1,False,example.txt:40003
sollicitationem,1,False,example.txt:5034
sollicitus,1,False,example.txt:44276
solthiss,1,False,example.txt:39309
solucien,1,False,example.txt:37298
solueritActum,1,False,example.txt:47483
soluimusque,1,False,example.txt:45478
soluisse,1,False,example.txt:39685
solvebatur,1,False,example.txt:42014
solvisse,1,False,example.txt:10972
sopiendas,2,False,example.txt:36810; example.txt:44677
sordidisque,1,False,example.txt:21385
sororinam,1,False,example.txt:34733
sororiunculis,1,False,example.txt:17710
sortiatur,1,False,example.txt:25915
sorticunculas,1,False,example.txt:50928
sortiretur,2,False,example.txt:10290; example.txt:21306
sortispaterna,1,False,example.txt:18848
sortiter,1,False,example.txt:7659
sortitioneque,1,False,example.txt:4578
sosnowey,1,False,example.txt:11732
sotiak,1,False,example.txt:21224
spadaiący,1,True,example.txt:23869
spadkiem,2,False,example.txt:10862; example.txt:22399
spadszogorwiczoni,1,True,example.txt:29216
spalili,1,False,example.txt:2277
spaniorzkami,2,True,example.txt:32980; example.txt:32981
spaterme,2,False,example.txt:31149; example.txt:31150
spathae,1,False,example.txt:41132
specificentur,1,False,example.txt:5672
spektabat,1,False,example.txt:6270
spelnnyis,1,False,example.txt:37288
spensiey,1,False,example.txt:23005
spernandi,1,False,example.txt:15308
spernente,1,False,example.txt:26826
spiculis,1,False,example.txt:44133
spierać,1,True,example.txt:24016
spikassin,1,False,example.txt:11857
spilnosci,1,False,example.txt:31303
spisanego,1,False,example.txt:37374
spisanemi,1,False,example.txt:33593
spisanych,1,False,example.txt:6353
spiączego,1,True,example.txt:40507
spiżarnią,1,True,example.txt:18417
splacila,1,False,example.txt:834
splacili,1,False,example.txt:50804
splaczenia,1,True,example.txt:33156
splatkiem,1,False,example.txt:29789
splodziwszy,1,True,example.txt:12419
splodzona,1,True,example.txt:43702
spobrodkiem,1,False,example.txt:17259
spocinawe,1,False,example.txt:11115
spodarskie,1,False,example.txt:38543
spodlienia,1,False,example.txt:25040
spodnicami,1,False,example.txt:11644
spodythania,1,False,example.txt:22484
spodzenia,1,True,example.txt:25054
spoleczni,1,True,example.txt:23370
spolecznictwa,1,True,example.txt:23405
spoliationum,1,False,example.txt:44769
spolkownika,1,False,example.txt:22530
spolnoscią,1,True,example.txt:29738
spomenuta,1,False,example.txt:51820
spomieszu,1,True,example.txt:31373
spopondissent,1,False,example.txt:27607
sporadzila,1,True,example.txt:14814
sposhym,1,False,example.txt:12191
spowiedayącz,1,True,example.txt:30664
spowiedzeniem,1,True,example.txt:29757
spowinnosci,1,False,example.txt:28026
spoxame,1,False,example.txt:38775
spranowai,1,False,example.txt:31992
sprauedliwy,1,False,example.txt:38758
sprawiony,1,False,example.txt:24260
sprawiwszy,2,True,example.txt:22539; example.txt:47227
sprawnyby,1,False,example.txt:24608
sprawonowalem,1,False,example.txt:24626
sprawowac,2,False,example.txt:34555; example.txt:38525
sprawowal,1,False,example.txt:20626
sprawowanie,1,False,example.txt:3726
sprawować,1,True,example.txt:3727
sprawowała,1,True,example.txt:35037
sprawowyc,1,False,example.txt:50012
sprawozdanie,1,False,example.txt:24593
spretalnego,1,False,example.txt:42707
spruchnialosci,1,False,example.txt:37927
sprybydni,2,False,example.txt:26315; example.txt:26316
sprzanial,1,True,example.txt:30528
sprzeciwiac,2,True,example.txt:7584; example.txt:49924
sprzeciwiaiac,1,True,example.txt:30557
sprzeciwili,1,True,example.txt:49978
spueretem,1,False,example.txt:18406
spultakiem,1,False,example.txt:31004
spulthaku,1,False,example.txt:29748
spustoszałej,1,True,example.txt:37058
spustoszały,1,True,example.txt:38545
spustoszek,1,True,example.txt:38724
spustoszenia,2,True,example.txt:37349; example.txt:37733
spustoszenie,2,True,example.txt:12626; example.txt:38576
spustoszeniu,1,True,example.txt:28768
spwanej,1,False,example.txt:26102
spytałieskże,1,True,example.txt:29717
sredniego,2,False,example.txt:5195; example.txt:12167
srodkowy,1,False,example.txt:46814
srodnia,2,False,example.txt:25053; example.txt:46825
sromotnika,1,False,example.txt:30570
srotowi,1,False,example.txt:33183
srowskiem,1,False,example.txt:37677
srzedmey,1,True,example.txt:7355
srzybrziniczem,1,True,example.txt:10793
ssabel,1,False,example.txt:50387
ssafianos,1,False,example.txt:7743
ssasiedztwie,1,True,example.txt:16152
sserszey,1,True,example.txt:48432
sstoczony,1,True,example.txt:50792
sstranbu,1,False,example.txt:24207
sstrielami,1,False,example.txt:30704
sszedlby,1,True,example.txt:44825
stabiliendos,1,False,example.txt:34477
stabilisuti,1,False,example.txt:14201
stabilitatem,1,False,example.txt:3453
staienka,1,False,example.txt:49844
staienku,1,False,example.txt:40812
stametowych,1,False,example.txt:32978
stanadanne,1,False,example.txt:24400
stanczonym,1,True,example.txt:30210
stanely,1,False,example.txt:24277
stanowili,1,False,example.txt:23376
stanowiskow,1,False,example.txt:49999
stanowskiey,1,False,example.txt:37712
stantinopolitano,1,False,example.txt:25174
stantinoviensi,1,False,example.txt:28268
staphkonowski,1,False,example.txt:20043
staradawna,1,False,example.txt:37359
starayąci,1,True,example.txt:35971
starenka,1,False,example.txt:12185
stargowanych,1,False,example.txt:33043
starodawnemu,1,False,example.txt:3720
starodawnych,1,False,example.txt:3731
starosciego,1,False,example.txt:24069
starosczina,1,True,example.txt:37327
statuisse,1,False,example.txt:749
stawaiąc,1,True,example.txt:50467
stawiamy,1,False,example.txt:8285
stawkach,1,False,example.txt:37328
stawmiki,1,False,example.txt:11852
stempliowane,1,False,example.txt:17247
stempowac,1,False,example.txt:13089
stetisse,1,False,example.txt:44563
stillici,1,False,example.txt:9574
stiloet,1,False,example.txt:27947
stinowemi,1,False,example.txt:32989
stipendarii,1,False,example.txt:42347
stipendiarii,1,False,example.txt:7944
stipendiarij,1,False,example.txt:35260
stipendiarius,1,False,example.txt:28621
stipulata,1,False,example.txt:25804
stipulatione,1,False,example.txt:34194
stirpibus,1,False,example.txt:51772
stobenum,1,False,example.txt:911
stocajego,1,False,example.txt:7605
stodoły,1,True,example.txt:4266
stoiaeych,1,False,example.txt:87
stoiaączy,1,True,example.txt:26414
stoigiesciu,1,False,example.txt:41474
stoliarzom,1,True,example.txt:33174
stolikiem,1,False,example.txt:3634
stophero,1,False,example.txt:29545
stopherum,1,False,example.txt:39077
stophori,1,False,example.txt:10307
stornzył,1,True,example.txt:23531
stoyskim,1,False,example.txt:8701
stoyących,1,True,example.txt:33142
stoyącz,1,True,example.txt:29965
stoyącze,1,True,example.txt:29962
stoyąncz,1,True,example.txt:26445
stołowych,1,True,example.txt:17330
strabieni,2,False,example.txt:8700; example.txt:8710
stracaiąc,1,True,example.txt:44825
strachuka,1,False,example.txt:29313
stracili,1,False,example.txt:8952
stradendi,1,False,example.txt:46501
straszkami,1,True,example.txt:5194
straszliwa,1,True,example.txt:35017
straszyli,2,True,example.txt:30269; example.txt:32740
stratarum,1,False,example.txt:10352
strictata,1,False,example.txt:39096
striecznego,1,True,example.txt:12377
stringer,1,False,example.txt:34958
stringeret,1,False,example.txt:13659
strissimi,1,False,example.txt:5969
stronczikom,1,True,example.txt:18410
struantur,1,False,example.txt:47110
structam,1,False,example.txt:16829
strusze,1,True,example.txt:8304
strychowisa,1,False,example.txt:18448
stryszek,1,True,example.txt:7361
strzelac,1,True,example.txt:29822
strzeliai,1,True,example.txt:31105
strzeliat,1,True,example.txt:30546
strzeliaycie,1,True,example.txt:29855
strzeliayeis,1,True,example.txt:29854
strzelono,1,True,example.txt:30499
strzemiona,1,True,example.txt:13841
strzygaja,1,True,example.txt:3698
strzymala,1,True,example.txt:49885
strąymi,1,True,example.txt:18447
studebat,1,False,example.txt:22738
studebimus,1,False,example.txt:18583
student,1,False,example.txt:31040
studeret,1,False,example.txt:21378
stxbalkowskiego,1,False,example.txt:32743
stybymala,1,False,example.txt:24604
stychos,1,False,example.txt:17279
stąmpić,1,True,example.txt:22445
suasitque,1,False,example.txt:23448
subcamera,1,False,example.txt:10313
subdapiferi,1,False,example.txt:45107
subdelegand,1,False,example.txt:27963
subdelegati,1,False,example.txt:39969
subdelegato,1,False,example.txt:45044
subdiaconus,1,False,example.txt:38935
subditurosque,1,False,example.txt:19458
subductos,1,False,example.txt:48218
subductum,1,False,example.txt:26851
subelions,1,False,example.txt:24845
subendoni,1,False,example.txt:38609
subesse,2,False,example.txt:646; example.txt:8866
subeundi,1,False,example.txt:52573
subiektyi,1,False,example.txt:22191
subindatur,1,False,example.txt:2565
subinde,2,False,example.txt:43172; example.txt:47977
subinferret,1,False,example.txt:14260
subintroni,1,False,example.txt:25401
subiret,1,False,example.txt:51661
subiudicial,1,False,example.txt:24656
sublatis,2,False,example.txt:3166; example.txt:32042
subleuauimus,1,False,example.txt:24360
subleuetur,1,False,example.txt:12606
submietowal,1,False,example.txt:37934
subministrant,1,False,example.txt:45162
subministratis,1,False,example.txt:24032
subministrent,1,False,example.txt:51093
submittentem,1,False,example.txt:37440
submittowal,2,False,example.txt:24596; example.txt:24705
submittując,1,True,example.txt:3776
suboriri,1,False,example.txt:34192
subornationem,1,False,example.txt:27668
subornato,1,False,example.txt:41065
subponi,1,False,example.txt:35053
subscassid,1,False,example.txt:10231
subscriberet,1,False,example.txt:13278
subscriberetur,1,False,example.txt:4696
subscudes,1,False,example.txt:47967
subsegni,2,False,example.txt:26113; example.txt:26128
subselliorum,1,False,example.txt:41785
subsequeretur,1,False,example.txt:41607
subsequi,1,False,example.txt:10316
subseruies,1,False,example.txt:47431
subtelne,1,False,example.txt:50474
subtelney,1,False,example.txt:50503
subterfugere,1,False,example.txt:16642
subterfugerent,1,False,example.txt:16772
subterfugiente,1,False,example.txt:13262
subterranem,1,False,example.txt:48352
subtrasi,1,False,example.txt:49684
subvenire,1,False,example.txt:24351
subydzige,1,True,example.txt:27633
subymiliere,1,False,example.txt:23403
subypusibony,1,False,example.txt:16983
subywdzui,1,True,example.txt:27645
succedant,1,False,example.txt:10759
succedendum,2,False,example.txt:14064; example.txt:34160
succedens,1,False,example.txt:2632
succedunt,1,False,example.txt:29367
successutemporis,1,False,example.txt:17462
succomis,1,False,example.txt:27432
succrescant,1,False,example.txt:10346
succubendam,1,False,example.txt:28675
succubendum,1,False,example.txt:14300
succubito,1,False,example.txt:41077
succubuerunt,1,False,example.txt:5899
succubuit,1,False,example.txt:47105
succubus,2,False,example.txt:37646; example.txt:38097
succumbendo,1,False,example.txt:41072
succumbendum,1,False,example.txt:349
succuratur,1,False,example.txt:14659
succurrit,1,False,example.txt:19516
sudopokiem,1,False,example.txt:33698
suetudine,2,False,example.txt:23231; example.txt:27330
suffragari,1,False,example.txt:44931
suffragio,1,False,example.txt:24294
suffultae,1,False,example.txt:9576
suffultas,2,False,example.txt:9586; example.txt:10315
suffulturas,1,False,example.txt:10315
sukcessorowie,1,False,example.txt:4917
sukmanie,1,False,example.txt:30385
sulanbe,1,False,example.txt:24402
suomintrowany,1,False,example.txt:20147
supciuis,1,False,example.txt:38848
supelle,1,False,example.txt:7655
supellectile,2,False,example.txt:14925; example.txt:47986
supellectilem,2,False,example.txt:44453; example.txt:50769
supellex,1,False,example.txt:11574
superabat,1,False,example.txt:2590
superactui,1,False,example.txt:22052
superconduxit,2,False,example.txt:19231; example.txt:21049
supersedendo,2,False,example.txt:9269; example.txt:27777
supersunt,1,False,example.txt:10560
superuenien,1,False,example.txt:17369
supervacanea,1,False,example.txt:36374
suppebiat,1,False,example.txt:31042
suppeditare,1,False,example.txt:48992
suppeditet,1,False,example.txt:48976
suppellectilem,2,False,example.txt:19990; example.txt:33897
suppleant,1,False,example.txt:10089
supponuntur,1,False,example.txt:9267
suppressisse,1,False,example.txt:16588
supputationem,1,False,example.txt:44693
supputationis,2,False,example.txt:16436; example.txt:43725
supputauerunt,1,False,example.txt:43687
supramodum,1,False,example.txt:18307
supranotata,1,False,example.txt:10108
suprascri,2,False,example.txt:4358; example.txt:45288
supraspecificata,1,False,example.txt:43603
suradsky,1,False,example.txt:30581
surowey,1,False,example.txt:29966
surowym,1,False,example.txt:11531
surrepsuow,1,False,example.txt:22498
surreptusque,1,False,example.txt:30075
surronem,1,False,example.txt:13544
surumben,1,False,example.txt:18700
suscepissent,1,False,example.txt:32817
susciperemusque,1,False,example.txt:4369
suspectas,1,False,example.txt:48778
suspensdexe,1,False,example.txt:46453
suspestus,1,False,example.txt:30595
suspicari,1,False,example.txt:31007
suspicata,1,False,example.txt:4097
suspicatus,1,False,example.txt:32705
suspiciey,1,False,example.txt:38705
sustentant,1,False,example.txt:13590
sustentareque,1,False,example.txt:13590
sustentari,1,False,example.txt:21376
sustentaturi,1,False,example.txt:4675
sustinuisse,1,False,example.txt:16383
suszenia,1,True,example.txt:8040
sutczego,1,True,example.txt:8358
suumComparuerunt,1,False,example.txt:47069
suyamarta,1,False,example.txt:22468
swagnoni,1,False,example.txt:35506
swiadssyl,1,False,example.txt:8802
swiatnego,1,False,example.txt:37048
swiatłosci,1,True,example.txt:50972
swicami,1,False,example.txt:11860
swierzał,1,True,example.txt:1296
swiestrowi,1,False,example.txt:24073
swietlych,1,False,example.txt:24436
swoboczyn,1,True,example.txt:20123
swobodnym,1,False,example.txt:2367
swobody,1,False,example.txt:28024
swodoby,1,False,example.txt:38341
swodsow,1,False,example.txt:34988
swortsow,1,False,example.txt:41892
swowoley,1,False,example.txt:50541
swowolnikow,1,False,example.txt:30186
swowolnych,1,False,example.txt:31270
swycili,1,False,example.txt:49628
swympic,1,False,example.txt:34979
synceritatemque,1,False,example.txt:31501
synnika,1,False,example.txt:2415
synopsaria,1,False,example.txt:45030
sysodzeci,1,True,example.txt:31102
szacuje,1,True,example.txt:41715
szacunek,2,True,example.txt:8687; example.txt:41696
szacunie,1,True,example.txt:22400
szacunkiem,1,True,example.txt:8029
szacunku,1,True,example.txt:3961
szafir,1,True,example.txt:32511
szafunku,1,True,example.txt:95
szagaią,1,True,example.txt:8632
szaiąnil,1,True,example.txt:34620
szajpri,1,True,example.txt:22911
szamothubei,1,True,example.txt:30211
szamowy,1,True,example.txt:11726
szamtąd,1,True,example.txt:30506
szarmia,1,True,example.txt:40730
szarowatym,1,True,example.txt:11619
szasiady,1,True,example.txt:31108
szassprawy,1,True,example.txt:38294
szczai,1,True,example.txt:50116
szczanin,1,True,example.txt:26014
szczesciu,1,True,example.txt:24472
szczone,1,True,example.txt:51819
szczykowi,1,True,example.txt:26151
szdebeze,1,True,example.txt:18942
szelazna,1,True,example.txt:7122
szendzrow,1,True,example.txt:31082
szerokość,1,True,example.txt:25012
szeroky,1,True,example.txt:2374
szershiey,1,True,example.txt:30429
szerszego,1,True,example.txt:15950
szescdzie,1,True,example.txt:43703
szesnasta,1,True,example.txt:47225
szewcza,1,True,example.txt:33444
szkamle,1,True,example.txt:17241
szkatulami,1,True,example.txt:36292
szklanicy,1,True,example.txt:11684
szklanym,1,True,example.txt:11622
szklianych,2,True,example.txt:33022; example.txt:33023
szkodliwy,1,True,example.txt:36015
szkodliwym,1,True,example.txt:34643
szkodowała,2,True,example.txt:43522; example.txt:43522
szkonsski,1,True,example.txt:12643
szkowanu,1,True,example.txt:38533
szlachBona,1,True,example.txt:26118
szlysz,1,True,example.txt:29850
szmaragdem,1,True,example.txt:11622
szonsczanka,1,True,example.txt:32163
szorczyk,1,True,example.txt:11654
szorowała,1,True,example.txt:36321
szpichley,1,True,example.txt:18932
sztukarskich,1,True,example.txt:38392
sztuszek,1,True,example.txt:33015
szukanie,1,True,example.txt:49351
szukiemym,1,True,example.txt:12183
szuszeliono,1,True,example.txt:30213
szydzich,1,True,example.txt:32991
szygaikie,1,True,example.txt:11716
szyiowych,2,True,example.txt:33017; example.txt:33024
szykowsky,1,True,example.txt:30690
szynszstok,1,True,example.txt:50958
szysyk,1,True,example.txt:30686
szyszakow,1,True,example.txt:50524
szytonyis,1,True,example.txt:33015
szłysz,1,True,example.txt:30673
sądowniego,1,True,example.txt:8908
sądzono,1,True,example.txt:49998
sądzony,2,True,example.txt:30072; example.txt:30076
sądzóne,1,True,example.txt:30061
sąsiada,1,True,example.txt:32744
sąsiady,2,True,example.txt:29691; example.txt:29710
sąsiedzi,2,True,example.txt:10609; example.txt:30992
sąsiedzku,1,True,example.txt:38570
słobyć,1,True,example.txt:44825
słoiyes,1,True,example.txt:4353
słubem,1,True,example.txt:35030
słuchy,1,True,example.txt:12060
słudze,2,True,example.txt:29802; example.txt:29925
służyła,2,True,example.txt:18424; example.txt:36305
służyłby,1,True,example.txt:37389
służyło,1,True,example.txt:25028
słysaly,1,True,example.txt:30691
tabelario,1,False,example.txt:21495
tabliczce,1,True,example.txt:33037
taiarni,1,False,example.txt:23795
takieszci,1,True,example.txt:23792
takurytem,1,False,example.txt:50519
talibemsie,1,False,example.txt:24835
taliswego,1,False,example.txt:35011
talotka,1,False,example.txt:11571
tamdiuque,1,False,example.txt:29669
tamersznych,1,True,example.txt:9408
tammoni,1,False,example.txt:31041
tanquamtutores,1,False,example.txt:29277
tantumdem,1,False,example.txt:23621
taxandum,1,False,example.txt:13247
taxasque,2,False,example.txt:49751; example.txt:49757
taxatione,1,False,example.txt:5954
taxavit,1,False,example.txt:48682
taxenomata,1,False,example.txt:22937
taxowane,1,False,example.txt:13207
teasoreplen,1,False,example.txt:10403
tebranti,1,False,example.txt:28614
tedyżmy,1,True,example.txt:30806
tegodniu,1,False,example.txt:8699
telegnie,1,False,example.txt:31856
temeraria,2,False,example.txt:20600; example.txt:23973
temerario,2,False,example.txt:21414; example.txt:39871
temperent,1,False,example.txt:5555
temporaneas,1,False,example.txt:27459
temporepraefixo,1,False,example.txt:27093
tencunque,1,False,example.txt:12738
tenditque,1,False,example.txt:24992
tenebunturJamque,1,False,example.txt:18356
tenendumhaberi,1,False,example.txt:39717
tentaburos,1,False,example.txt:23455
tentarium,1,False,example.txt:46735
tentauerat,1,False,example.txt:3343
tenutario,1,False,example.txt:22260
teofiona,1,False,example.txt:33639
terabzest,1,False,example.txt:24696
terasniey,1,False,example.txt:24584
terasnieyszy,1,True,example.txt:13186
terazney,1,False,example.txt:42700
teraznieyszego,2,True,example.txt:28207; example.txt:49646
teraznieyszym,1,True,example.txt:3966
tergiuersa,1,False,example.txt:33992
tergiversando,1,False,example.txt:22980
tergiversaretur,1,False,example.txt:7709
terminostatuendi,1,False,example.txt:15146
teskowna,1,False,example.txt:25186
testamentoliter,1,False,example.txt:2661
testificandoquidem,1,False,example.txt:3336
testoneum,1,False,example.txt:9580
testymony,1,False,example.txt:30588
teszacey,1,True,example.txt:672
thamtego,1,False,example.txt:28021
thasar,1,False,example.txt:5653
thasaro,1,False,example.txt:36407
thegotho,1,False,example.txt:36213
thelonea,1,False,example.txt:19023
thelonei,2,False,example.txt:12795; example.txt:13405
thendorps,1,False,example.txt:29030
theoloneo,1,False,example.txt:28278
therazmieysza,1,True,example.txt:24321
theraznieyszego,1,True,example.txt:29924
thesaurario,1,False,example.txt:48774
theszkiemu,1,True,example.txt:31538
thezauriona,1,False,example.txt:31080
thmniacz,1,True,example.txt:24715
tholomaei,2,False,example.txt:19187; example.txt:21474
tholomeo,2,False,example.txt:6010; example.txt:43740
tholomeum,1,False,example.txt:50236
tholomeus,1,False,example.txt:42226
thomarzystwo,1,True,example.txt:31340
thoszowna,1,True,example.txt:23576
thowarzystwa,1,True,example.txt:31005
thowarzystwo,1,True,example.txt:30542
thudzesz,2,True,example.txt:30451; example.txt:37336
thudziez,1,True,example.txt:30171
ticulam,1,False,example.txt:43861
ticulari,1,False,example.txt:37470
tificantes,1,False,example.txt:9081
tignandum,1,False,example.txt:50833
tinencia,1,False,example.txt:33356
tioneque,1,False,example.txt:19775
tisbee,1,False,example.txt:48316
tispartionis,1,False,example.txt:5470
titulohaereditario,1,False,example.txt:39472
tiunculam,1,False,example.txt:45821
tniczego,1,True,example.txt:24260
tollun,1,False,example.txt:49653
tolluntur,1,False,example.txt:50117
tormenta,2,False,example.txt:6945; example.txt:42078
tormento,1,False,example.txt:44529
tormentum,1,False,example.txt:44532
torowicz,1,True,example.txt:20889
totalitatis,1,False,example.txt:10058
touice,1,False,example.txt:6305
towarami,1,False,example.txt:41872
towaristwa,2,False,example.txt:16946; example.txt:16970
towarisz,2,True,example.txt:16945; example.txt:16947
towaryssa,1,False,example.txt:4411
towarzyskich,2,True,example.txt:29932; example.txt:29951
towarzysowi,1,True,example.txt:16978
towarzystwem,1,True,example.txt:16943
towarzysz,1,True,example.txt:36316
towarzysza,2,True,example.txt:3723; example.txt:29945
towarzysze,1,True,example.txt:29719
tractare,1,False,example.txt:35297
tradentes,1,False,example.txt:28675
traductus,1,False,example.txt:12934
tradykowali,1,False,example.txt:50512
trahatur,1,False,example.txt:12286
trahebat,2,False,example.txt:27217; example.txt:27771
trahentes,2,False,example.txt:15960; example.txt:29488
traiecturis,1,False,example.txt:37996
traijcere,1,False,example.txt:38006
tramawialismy,1,False,example.txt:24265
tranowcz,1,True,example.txt:31538
tranquilitatem,1,False,example.txt:34199
tranquilitati,2,False,example.txt:28751; example.txt:28752
tranquillitatem,1,False,example.txt:977
transcensu,1,False,example.txt:12267
transciriva,1,False,example.txt:34342
transege,1,False,example.txt:51775
transfigorum,1,False,example.txt:20907
transgredientem,1,False,example.txt:348
transgresores,1,False,example.txt:50097
transgressi,1,False,example.txt:49626
transgressis,1,False,example.txt:37447
transgresso,1,False,example.txt:37447
transgressores,1,False,example.txt:50578
transgressoribus,1,False,example.txt:15550
transiit,1,False,example.txt:47281
transiret,1,False,example.txt:16384
transitorium,1,False,example.txt:24989
translabsum,1,False,example.txt:8001
translatarum,1,False,example.txt:10570
translatas,1,False,example.txt:8280
transmiserit,1,False,example.txt:25802
transmisisse,1,False,example.txt:50902
transmittit,1,False,example.txt:37793
transmittitur,1,False,example.txt:16629
transonat,1,False,example.txt:12918
transponenda,1,False,example.txt:4974
transportationem,1,False,example.txt:18088
transportauerant,1,False,example.txt:42036
transportaverunt,1,False,example.txt:41265
transscribi,1,False,example.txt:37159
transsupse,1,False,example.txt:42632
transuersum,1,False,example.txt:52341
transversum,2,False,example.txt:5056; example.txt:39873
trgebakie,1,False,example.txt:27713
tribuentes,1,False,example.txt:51843
tribuere,1,False,example.txt:30972
tripartitam,1,False,example.txt:50941
triplex,1,False,example.txt:31881
triplicando,2,False,example.txt:31255; example.txt:31256
triticei,1,False,example.txt:19311
triticeum,1,False,example.txt:19315
troieczne,1,True,example.txt:37082
trombut,1,False,example.txt:30650
trouersia,2,False,example.txt:37154; example.txt:37162
troversam,1,False,example.txt:38813
troversis,1,False,example.txt:34411
trubinkiem,1,False,example.txt:11619
trumnie,1,False,example.txt:11849
trwalo,1,False,example.txt:8591
trwała,1,True,example.txt:8630
trwog,1,False,example.txt:8624
trybowany,1,False,example.txt:41519
trybowat,1,False,example.txt:41516
trzemidzesci,1,True,example.txt:22418
trzymaiąc,1,True,example.txt:46667
trzymania,1,True,example.txt:37180
trzymaniu,1,True,example.txt:37087
trzymawszy,1,True,example.txt:49648
trzystset,1,True,example.txt:48553
tubeliono,1,False,example.txt:31266
tubernali,1,False,example.txt:32798
tubydwiema,1,False,example.txt:33677
tubydwoch,2,False,example.txt:33678; example.txt:33679
tubymayaczy,1,True,example.txt:33694
tudziesz,2,True,example.txt:29880; example.txt:31210
tudzieszActora,1,True,example.txt:26199
tuebimur,1,False,example.txt:27484
tulamiam,1,False,example.txt:27530
tulamias,1,False,example.txt:27526
tumacia,1,False,example.txt:48628
tumathey,1,False,example.txt:24706
tumdemum,2,False,example.txt:25800; example.txt:47982
turbarent,1,False,example.txt:51086
turbaue,1,False,example.txt:18146
turbet,1,False,example.txt:5559
tutecznych,1,True,example.txt:24211
tuteisznem,1,True,example.txt:13064
tutiorifica,1,False,example.txt:41030
tutorumwidexunt,1,False,example.txt:32735
twierdzenie,1,True,example.txt:3716
twierdzi,1,True,example.txt:6482
tylnym,2,False,example.txt:47330; example.txt:47337
tyrnil,1,False,example.txt:24097
tyrocinio,2,False,example.txt:310; example.txt:35207
tytuły,1,True,example.txt:43501
tłumienia,1,True,example.txt:33059
ubeganie,2,False,example.txt:30961; example.txt:30967
ubiquelocorum,1,False,example.txt:23135
uboczu,1,True,example.txt:7121
ubogich,1,False,example.txt:30182
ubostwo,1,False,example.txt:30184
uboztwa,1,False,example.txt:23364
ubycia,1,False,example.txt:8605
ubynofoni,1,False,example.txt:36346
uchoci,1,False,example.txt:710
uchwala,1,False,example.txt:23692
uchwalili,1,False,example.txt:8663
uciekai,1,False,example.txt:30539
uciekł,1,True,example.txt:23390
uczciwie,1,True,example.txt:10600
uczciwiey,1,True,example.txt:35976
uczciwym,1,True,example.txt:10628
uczciwymi,1,True,example.txt:41812
uczciłem,1,True,example.txt:41867
uczinycil,1,True,example.txt:30316
uczynionego,1,True,example.txt:35034
uczyniwszy,1,True,example.txt:31031
uczynkow,1,True,example.txt:95
udaiemy,1,False,example.txt:50430
uderzo,1,True,example.txt:31313
uderzyli,1,True,example.txt:30520
uderzył,1,True,example.txt:40482
uentarii,1,False,example.txt:641
uentario,1,False,example.txt:16186
uersijs,1,False,example.txt:38796
uerterunt,1,False,example.txt:15761
uexaretur,1,False,example.txt:28999
uffundli,1,False,example.txt:30019
uilegia,1,False,example.txt:14668
uisitque,2,False,example.txt:46896; example.txt:46898
uiszczy,1,True,example.txt:46998
ukladano,1,False,example.txt:30030
uliczach,1,True,example.txt:29704
ultronea,2,False,example.txt:516; example.txt:517
umarlego,1,False,example.txt:4302
umiesieniem,1,False,example.txt:8946
umowione,1,False,example.txt:36196
uncularum,1,False,example.txt:27512
unisono,1,False,example.txt:49805
universalibus,1,False,example.txt:16563
universitatis,1,False,example.txt:20011
unoquoque,1,False,example.txt:13826
upadła,1,True,example.txt:38720
upierskiey,1,False,example.txt:22141
upodobania,1,False,example.txt:35505
upominać,1,True,example.txt:8372
upominał,1,True,example.txt:287
upraszal,1,True,example.txt:16969
uprzaszek,1,True,example.txt:11540
uprzejmie,1,True,example.txt:14804
urbanorum,2,False,example.txt:3258; example.txt:42316
uredzial,1,True,example.txt:27718
urgebat,1,False,example.txt:34468
ursowi,1,False,example.txt:10835
urzedowym,1,True,example.txt:44817
urzendnikiem,1,True,example.txt:24404
usidzieniem,1,True,example.txt:17255
usnowet,1,False,example.txt:9419
usodonym,1,False,example.txt:22219
ussyszy,1,True,example.txt:52884
ustanoku,1,False,example.txt:37297
ustapil,1,False,example.txt:1063
ustkimby,1,False,example.txt:702
ustryszka,1,True,example.txt:47340
ustępował,1,True,example.txt:36322
usualium,1,False,example.txt:12972
usufructuaque,1,False,example.txt:37009
usufructuaria,1,False,example.txt:2048
usufructuetur,1,False,example.txt:5261
usufruitione,1,False,example.txt:43965
usurpanda,1,False,example.txt:37215
usurpare,1,False,example.txt:27338
usurpate,1,False,example.txt:46065
uszczerbkiem,1,True,example.txt:8923
uszerby,1,True,example.txt:23870
usłuchali,1,True,example.txt:30469
usłyszeby,1,True,example.txt:29738
utensilia,1,False,example.txt:19990
utensilibus,1,False,example.txt:35237
utiliorem,1,False,example.txt:14461
utrinqueconsistentem,1,False,example.txt:2358
utrudon,1,False,example.txt:49377
uwalniają,1,True,example.txt:33141
uwolniła,1,True,example.txt:33103
uxoremque,1,False,example.txt:28575
uzeliut,1,False,example.txt:41893
uśmierzało,1,True,example.txt:8600
vacauerit,1,False,example.txt:9096
vadioque,1,False,example.txt:15248
vaginarum,1,False,example.txt:14864
valensque,2,False,example.txt:29368; example.txt:29435
validari,1,False,example.txt:48625
validatis,1,False,example.txt:44668
varthey,1,False,example.txt:35005
vasiombus,1,False,example.txt:30565
vberior,1,False,example.txt:27653
vberiori,2,False,example.txt:27632; example.txt:30011
vblizenia,1,False,example.txt:13059
vchodzili,1,True,example.txt:30429
vciekl,1,False,example.txt:30320
vciekł,1,True,example.txt:30491
vcrynysz,1,True,example.txt:31090
vczinył,1,True,example.txt:26409
vcziwa,1,True,example.txt:38329
vderził,1,True,example.txt:30489
vehementiorum,1,False,example.txt:48164
velitque,1,False,example.txt:46123
velocissime,1,False,example.txt:12606
vendebant,1,False,example.txt:34930
vendicantium,1,False,example.txt:1658
venditaefuerunt,1,False,example.txt:7849
venditricibus,1,False,example.txt:51453
venduntur,1,False,example.txt:47412
venissent,1,False,example.txt:52719
ventilata,1,False,example.txt:46213
verbalem,1,False,example.txt:52276
verbales,1,False,example.txt:20425
verecundiam,2,False,example.txt:51745; example.txt:51754
verificandi,1,False,example.txt:35354
verisimile,2,False,example.txt:31330; example.txt:47981
verisimilius,1,False,example.txt:31343
veronicola,1,False,example.txt:33394
verosimiliter,1,False,example.txt:12356
versantur,1,False,example.txt:50021
verscribebat,1,False,example.txt:50627
verumuis,1,False,example.txt:39721
verzyini,1,True,example.txt:38304
veshuda,1,False,example.txt:50112
vesperum,1,False,example.txt:48155
vetustate,1,False,example.txt:44474
vexabant,1,False,example.txt:51306
vexantur,1,False,example.txt:23843
vezynki,1,False,example.txt:30628
viceccepturamque,1,False,example.txt:53015
vicesgerens,2,False,example.txt:12036; example.txt:44269
vicevictor,1,False,example.txt:46301
vicissitudines,1,False,example.txt:37601
victusque,1,False,example.txt:980
vicuires,1,False,example.txt:43102
videdendo,1,False,example.txt:6759
videndas,1,False,example.txt:16220
videnterque,1,False,example.txt:5853
vigoreeuictionis,1,False,example.txt:32387
vigoreque,2,False,example.txt:14703; example.txt:43274
vigrimony,2,False,example.txt:13013; example.txt:13017
vilegium,1,False,example.txt:9327
vilipensorem,1,False,example.txt:51693
vincenti,1,False,example.txt:20846
vindicandosque,1,False,example.txt:10482
vindicare,1,False,example.txt:11375
vindicent,1,False,example.txt:14604
vineaeque,1,False,example.txt:28225
violatasque,1,False,example.txt:38003
virmacie,1,False,example.txt:8597
viscerem,1,False,example.txt:5138
viscivo,1,False,example.txt:1355
vitaderedere,1,False,example.txt:36768
vitendos,1,False,example.txt:47309
vitreas,1,False,example.txt:10312
vkazui,1,False,example.txt:52859
vkazuiie,1,False,example.txt:13124
vkazuiąc,1,True,example.txt:12869
vkazuiącz,1,True,example.txt:12854
vlepszenia,1,True,example.txt:8954
vlieby,1,False,example.txt:24835
vltiscetur,1,False,example.txt:12672
vltronea,2,False,example.txt:32270; example.txt:32276
vmorzyli,1,True,example.txt:24337
vmorzyly,1,True,example.txt:24335
vmowiony,1,False,example.txt:44633
vmyśle,2,True,example.txt:26410; example.txt:37045
vnanter,1,False,example.txt:28953
vnaquibus,1,False,example.txt:21222
vniuersalibus,1,False,example.txt:21300
vnusquisque,1,False,example.txt:30129
vnutquisque,1,False,example.txt:34915
vocaverat,1,False,example.txt:31418
vocitentur,1,False,example.txt:13226
vocungus,1,False,example.txt:9016
vodzinisiey,1,True,example.txt:35021
volamai,1,False,example.txt:35003
volgdnie,1,False,example.txt:2784
voluminis,1,False,example.txt:21034
vpewnili,1,False,example.txt:8954
vpodobania,1,False,example.txt:2779
vpominaia,1,False,example.txt:6256
vpominania,1,False,example.txt:29907
vpominać,1,True,example.txt:2232
vpominał,1,True,example.txt:29907
vpomniony,1,False,example.txt:31333
vpośledniey,1,True,example.txt:17643
vprzeymie,2,True,example.txt:38325; example.txt:38326
vpusthy,1,False,example.txt:37329
vrgebant,1,False,example.txt:24358
vrgebat,1,False,example.txt:26151
vrzadowanie,1,True,example.txt:26073
vschybili,1,False,example.txt:16926
vsciwem,1,False,example.txt:49630
vskaszyl,1,True,example.txt:30326
vskoczyl,1,True,example.txt:30415
vskodaynem,1,False,example.txt:31092
vskomne,1,False,example.txt:39668
vspokoienia,2,False,example.txt:24209; example.txt:24218
vsprodali,1,False,example.txt:39670
vssliszawszy,1,True,example.txt:29755
vsufructuabitur,1,False,example.txt:19329
vsufructusnihil,1,False,example.txt:6729
vsurpare,2,False,example.txt:37210; example.txt:46207
vtendique,1,False,example.txt:33489
vtilionem,1,False,example.txt:35802
vtilior,1,False,example.txt:26802
vtilor,1,False,example.txt:31997
vtlumoczia,1,True,example.txt:16978
vtoutque,1,False,example.txt:19442
vtrzymania,1,True,example.txt:12855
vtwierdził,1,True,example.txt:41882
vtwierdzonych,1,True,example.txt:30551
vulneratasque,1,False,example.txt:38003
vulneratione,1,False,example.txt:17829
vulnerationis,1,False,example.txt:35345
vulpinis,2,False,example.txt:31485; example.txt:31487
vxorisuorum,1,False,example.txt:52002
vyglove,1,False,example.txt:30397
vymiarzow,1,True,example.txt:49345
vzpominał,1,True,example.txt:26069
vłomnego,1,True,example.txt:35944
wBgliand,1,False,example.txt:38299
wadzenia,1,True,example.txt:8049
wadzona,1,True,example.txt:8701
waithy,2,False,example.txt:11526; example.txt:11528
wankirzy,1,True,example.txt:38558
warefou,1,False,example.txt:41876
warowac,1,False,example.txt:7607
warowano,1,False,example.txt:3730
warowat,1,False,example.txt:8072
warsztaczy,1,True,example.txt:49843
warsztatu,1,True,example.txt:49874
wartości,1,True,example.txt:8689
warunkony,1,False,example.txt:16980
warzyl,1,True,example.txt:33158
warzyć,1,True,example.txt:50952
wasciom,1,False,example.txt:49928
waszmosc,1,True,example.txt:50034
watpliwego,1,False,example.txt:18932
watpliwosc,2,False,example.txt:49831; example.txt:49866
wayskiey,1,False,example.txt:32983
wazyla,1,False,example.txt:17243
wbiegł,1,True,example.txt:30676
wbodzona,2,True,example.txt:50945; example.txt:50945
wcapieniu,1,False,example.txt:3951
wchodzic,1,True,example.txt:49879
wciskać,1,True,example.txt:3722
wczorayszego,2,True,example.txt:12853; example.txt:29695
wdałszu,1,True,example.txt:25018
wdziecznosci,1,True,example.txt:3308
wdziecznym,1,True,example.txt:44793
wdziegat,1,True,example.txt:45054
weciwego,1,False,example.txt:26402
weczwartek,1,True,example.txt:1065
wegierek,1,False,example.txt:11637
wegierkich,1,False,example.txt:33167
wepisnal,1,False,example.txt:30312
wersalem,1,False,example.txt:8685
weselia,1,False,example.txt:22474
weskoby,1,False,example.txt:5811
wesprzec,1,True,example.txt:6490
wespół,2,True,example.txt:30186; example.txt:36578
wespółek,1,True,example.txt:29785
wesrod,1,False,example.txt:7381
weszwanij,1,True,example.txt:8902
weyrografie,1,False,example.txt:1352
weyrzal,1,True,example.txt:28021
weyrzenie,1,True,example.txt:38790
weysciem,1,False,example.txt:18401
weytsze,1,True,example.txt:46676
weyść,1,True,example.txt:29729
weyśćie,1,True,example.txt:22453
wezliais,1,False,example.txt:34997
wezlością,1,True,example.txt:672
wezwani,1,False,example.txt:18924
wezwała,1,True,example.txt:44825
wfixowany,1,False,example.txt:27652
wgnskol,1,False,example.txt:32728
wiazarnie,1,False,example.txt:42318
wiazdoni,1,False,example.txt:25058
wichodu,1,False,example.txt:47227
wiczowi,1,True,example.txt:36191
widokiem,1,False,example.txt:2378
widzami,1,True,example.txt:30417
widzapus,2,True,example.txt:30404; example.txt:30409
widząc,2,True,example.txt:12861; example.txt:31054
wieceyActum,1,False,example.txt:52759
wieczność,1,True,example.txt:674
wieczora,1,True,example.txt:40621
wieczorem,1,True,example.txt:30186
wieczysty,1,True,example.txt:26055
wiedliwa,1,False,example.txt:24662
wiedliwie,1,False,example.txt:20834
wiedliwosci,1,False,example.txt:24001
wiedsiano,1,False,example.txt:41715
wiedziona,1,True,example.txt:2238
wiekszona,1,True,example.txt:4332
wielekroc,1,False,example.txt:45062
wielkości,1,True,example.txt:52871
wielosmi,1,False,example.txt:35038
wienibey,1,False,example.txt:35506
wientssza,1,True,example.txt:14067
wierchem,1,False,example.txt:2375
wierescik,1,False,example.txt:13369
wierschnim,1,False,example.txt:4271
wierzycieliom,1,True,example.txt:37067
wiesmykila,1,False,example.txt:29748
wieszami,1,True,example.txt:50524
wieziony,1,False,example.txt:29751
wieznum,1,False,example.txt:24406
wiezrschniego,1,False,example.txt:47333
winiszey,1,True,example.txt:37298
winnosci,2,False,example.txt:29746; example.txt:31360
winowac,1,False,example.txt:30471
wiolencyjej,1,False,example.txt:30998
wischema,1,False,example.txt:46678
wiskamy,1,False,example.txt:10888
wizerunkiem,1,False,example.txt:50515
wiązany,1,True,example.txt:30173
większey,1,True,example.txt:30478
więtsza,1,True,example.txt:6264
więtszey,1,True,example.txt:35957
więtszą,1,True,example.txt:3705
wkladaiac,1,False,example.txt:48435
wklieponych,1,False,example.txt:25035
wkonwszy,1,True,example.txt:10844
wkoscele,1,False,example.txt:11849
wladamy,1,False,example.txt:23303
wladayacymi,1,False,example.txt:23904
wladayanis,1,False,example.txt:30955
wladzey,2,True,example.txt:23292; example.txt:45552
wlodzą,1,True,example.txt:23425
wlosono,1,False,example.txt:46986
wlostey,1,False,example.txt:34630
wlozony,1,False,example.txt:20141
wlozyc,1,False,example.txt:8058
wmsiami,1,False,example.txt:50139
wmurowane,1,False,example.txt:50945
wnetrsa,1,False,example.txt:2364
wnieschku,1,False,example.txt:22710
wniesione,1,False,example.txt:5407
wniosła,1,True,example.txt:26448
wniozla,1,False,example.txt:22426
wocsimi,1,False,example.txt:16984
wodobami,1,False,example.txt:13198
wojennych,1,False,example.txt:8624
wolaiacymi,1,False,example.txt:31119
wolasznem,1,True,example.txt:13045
woliemam,1,False,example.txt:18234
wolnosciami,1,False,example.txt:30554
wolphorowska,1,False,example.txt:14576
wonzyal,1,False,example.txt:30359
woreczek,1,True,example.txt:11529
worzmibry,1,True,example.txt:36264
worzmibrych,1,True,example.txt:36265
woskowey,1,False,example.txt:11522
wotprami,1,False,example.txt:23437
woybiegl,1,False,example.txt:30207
woytskim,1,False,example.txt:34566
woyvodzstwens,1,True,example.txt:14063
woyłogami,1,True,example.txt:36295
wozembaw,1,False,example.txt:37322
wozmibrych,2,False,example.txt:36266; example.txt:36267
woznicza,1,True,example.txt:30689
wozpólny,1,True,example.txt:18426
wozymil,1,False,example.txt:29569
wpadać,1,True,example.txt:22442
wpadmych,1,False,example.txt:23369
wpatrzywszy,1,True,example.txt:40480
wpisawszy,1,True,example.txt:3714
wpuszczono,1,True,example.txt:7390
wracenia,1,False,example.txt:7761
wrodzai,1,True,example.txt:46692
wroiseniey,1,False,example.txt:17641
wrotodami,1,False,example.txt:18425
wrsyliai,1,False,example.txt:30219
wruzywani,1,False,example.txt:90
wschic,1,False,example.txt:43060
wschodni,1,False,example.txt:31850
wschodzie,1,True,example.txt:7354
wschodzienik,1,True,example.txt:31850
wschodzom,1,True,example.txt:44183
wschyli,1,False,example.txt:24633
wsczonys,1,True,example.txt:13150
wsechony,1,False,example.txt:39937
wsedak,1,False,example.txt:24075
wsierocztwie,1,True,example.txt:48421
wsitkims,1,False,example.txt:14127
wskubinse,1,False,example.txt:24228
wsliesci,1,False,example.txt:30627
wspaniała,1,True,example.txt:33035
wspieramy,1,False,example.txt:52759
wspomnek,1,False,example.txt:23291
wspomnianego,1,False,example.txt:39931
wspomnieniu,1,False,example.txt:10602
wspomnioney,1,False,example.txt:11718
wssyim,1,False,example.txt:17238
wstempney,1,False,example.txt:29876
wstempuic,1,False,example.txt:30677
wstepxanne,1,False,example.txt:31232
wstompil,1,False,example.txt:30214
wstrzyac,1,True,example.txt:33662
wstrętów,1,True,example.txt:8625
wstydu,1,False,example.txt:49369
wstydzimy,1,True,example.txt:49369
wstąpili,1,True,example.txt:40503
wstępuję,1,True,example.txt:41838
wszczątkach,1,True,example.txt:40522
wszechakiemu,1,True,example.txt:23735
wszechmocnego,1,True,example.txt:16940
wszyderdem,1,True,example.txt:37291
wszyoit,1,True,example.txt:5811
wszytkichszlyby,1,True,example.txt:34651
wsłyszeć,1,True,example.txt:45080
wtenczas,1,True,example.txt:8362
wtendziepki,1,True,example.txt:51811
wteyito,1,False,example.txt:39501
wtracac,1,False,example.txt:38089
wtraczamy,1,True,example.txt:49352
wtrącac,1,True,example.txt:50407
wtrącamy,1,True,example.txt:50418
wxoysbla,1,False,example.txt:34981
wybiegli,1,False,example.txt:30428
wybiegł,1,True,example.txt:30490
wybijanie,1,False,example.txt:31319
wybrawszy,1,True,example.txt:4296
wybytho,1,False,example.txt:26062
wychodzic,1,True,example.txt:30013
wychowala,1,False,example.txt:33443
wyciagai,1,False,example.txt:37333
wyciaganiem,1,False,example.txt:8706
wyciagniony,1,False,example.txt:12879
wyciety,1,False,example.txt:32742
wyciskal,1,False,example.txt:5416
wyciąga,1,True,example.txt:28018
wyciągaiąc,1,True,example.txt:12866
wyciągno,1,True,example.txt:12863
wydadzay,1,True,example.txt:37724
wydatku,2,False,example.txt:11873; example.txt:33155
wydawali,1,False,example.txt:36013
wydzieliono,1,True,example.txt:17292
wydzieloney,1,True,example.txt:8168
wydzielonych,1,True,example.txt:4911
wyessalam,1,False,example.txt:29810
wyfodzil,1,True,example.txt:21854
wyganiać,1,True,example.txt:37112
wygnantowana,1,False,example.txt:22529
wygodniey,1,False,example.txt:25019
wygorzala,1,True,example.txt:43060
wyiassnowal,1,False,example.txt:27686
wyiazdoni,1,False,example.txt:25058
wyiazoby,1,False,example.txt:36832
wyiechali,1,False,example.txt:31083
wyionsol,1,False,example.txt:24448
wyisla,1,False,example.txt:37361
wyjawionej,1,False,example.txt:38502
wyjazdom,1,False,example.txt:25022
wyjrzis,2,True,example.txt:30537; example.txt:30537
wykladane,1,False,example.txt:21883
wykladania,1,False,example.txt:21884
wykonnanie,1,False,example.txt:18936
wykosnanie,1,False,example.txt:37356
wykrzykiwal,1,True,example.txt:30461
wylogach,1,False,example.txt:36288
wylozonem,1,False,example.txt:15681
wylozyl,1,False,example.txt:26055
wymiatać,1,True,example.txt:7367
wymierzona,1,True,example.txt:7368
wymiodl,1,False,example.txt:31252
wymiodlo,1,False,example.txt:31945
wymoc,1,False,example.txt:2752
wymowioney,1,False,example.txt:18939
wynalazku,1,False,example.txt:49898
wynalezek,2,False,example.txt:49882; example.txt:49899
wyniedli,2,False,example.txt:30254; example.txt:30258
wynimiey,1,False,example.txt:38515
wynioslo,1,False,example.txt:50378
wynstoku,1,False,example.txt:12184
wypełnic,1,True,example.txt:37363
wypisanej,1,False,example.txt:15952
wyplacenia,1,False,example.txt:22483
wyplacici,1,False,example.txt:41482
wyplacit,2,False,example.txt:46675; example.txt:46688
wypomniczy,1,True,example.txt:37934
wyposrodex,1,False,example.txt:23398
wypowiedzenia,1,True,example.txt:8059
wyprassono,1,False,example.txt:13003
wypraszona,1,True,example.txt:31910
wypuscil,2,False,example.txt:24438; example.txt:29222
wypłacać,1,True,example.txt:33094
wypłacała,1,True,example.txt:33098
wyraznie,2,False,example.txt:24649; example.txt:44825
wyrazona,2,False,example.txt:678; example.txt:46998
wyrazwszy,1,True,example.txt:7799
wyraża,1,True,example.txt:38787
wyrokiem,1,False,example.txt:23288
wyrozumie,1,False,example.txt:29755
wyrozumiei,1,False,example.txt:31216
wyrzadzalibysmy,1,True,example.txt:24467
wyrzekamy,1,True,example.txt:48545
wysadzał,1,True,example.txt:31005
wysedlsy,1,False,example.txt:24837
wystapic,1,False,example.txt:33681
wystąpili,1,True,example.txt:24264
występek,1,True,example.txt:3739
występie,1,True,example.txt:10587
występkie,1,True,example.txt:23938
występne,1,True,example.txt:3737
wysuwał,1,True,example.txt:30501
wyszla,2,True,example.txt:30205; example.txt:33443
wyszła,1,True,example.txt:30488
wysłuchawszy,1,True,example.txt:29705
wytoczylo,1,True,example.txt:49922
wytrącić,1,True,example.txt:33633
wyuczywszy,1,True,example.txt:49966
wywieść,1,True,example.txt:30051
wywiodł,1,True,example.txt:40525
wywiozl,1,False,example.txt:18942
wywodami,1,False,example.txt:38734
wywodow,1,False,example.txt:31982
wywodzat,1,True,example.txt:11091
wyxabonemi,1,False,example.txt:22351
wyzdebsze,1,True,example.txt:18948
wyzempek,1,False,example.txt:23294
wyzkowai,1,False,example.txt:18935
wyznaczonych,1,True,example.txt:29560
wyznawającym,1,True,example.txt:29938
wyznawcow,1,False,example.txt:37111
wyznawski,1,False,example.txt:24334
wyzpendzenia,1,True,example.txt:38128
wyzpendzon,1,True,example.txt:38127
wyzrostki,1,False,example.txt:40527
wyzwolic,1,False,example.txt:41477
wyzwolił,1,True,example.txt:18719
wyzwolono,1,False,example.txt:18722
wyzwolony,1,False,example.txt:29792
wyłożyła,1,True,example.txt:43756
wzaiemna,1,False,example.txt:49813
wzburzone,1,True,example.txt:30461
wzglad,1,False,example.txt:46678
wzgladem,1,False,example.txt:24284
wzgledem,1,False,example.txt:37131
wzgledom,1,False,example.txt:47260
wzgliendem,2,False,example.txt:17283; example.txt:23427
względem,1,True,example.txt:44825
wziegla,1,False,example.txt:6514
wzielysmy,1,False,example.txt:46689
wzwyz,1,False,example.txt:50075
wzwyż,2,True,example.txt:50951; example.txt:50954
wzyimiony,1,False,example.txt:12856
wzymienia,1,False,example.txt:3973
wąsorowic,1,True,example.txt:30689
wątpliwego,1,True,example.txt:38608
wędrowawszy,1,True,example.txt:50460
wędzidła,1,True,example.txt:48960
władzę,1,True,example.txt:45577
włożono,1,True,example.txt:11771
włożyć,1,True,example.txt:33106
włożył,1,True,example.txt:1382
wżaliby,1,True,example.txt:12918
wżytyś,1,True,example.txt:40493
xacbyli,1,False,example.txt:31120
xenodochia,1,False,example.txt:14870
xerensili,1,False,example.txt:37451
xeroginta,1,False,example.txt:34093
xobiąnez,1,True,example.txt:36286
xostandek,1,False,example.txt:38758
xuslony,1,False,example.txt:16947
xwisomies,1,False,example.txt:33657
yatosby,1,False,example.txt:24838
yedyzny,1,False,example.txt:15569
ygnieli,1,False,example.txt:38521
ymilieu,1,False,example.txt:37551
ymysly,1,False,example.txt:12876
yndmasz,1,True,example.txt:18397
yndziey,1,True,example.txt:38696
ynfamis,1,False,example.txt:24075
yniesc,1,False,example.txt:33665
yointhy,1,False,example.txt:18691
yprzeymie,2,True,example.txt:28013; example.txt:28014
yschorubas,1,False,example.txt:13001
ystkich,1,False,example.txt:52882
yszczem,2,True,example.txt:24250; example.txt:24254
zaByszeglem,1,True,example.txt:31247
zabetham,1,False,example.txt:20947
zabiegaiąni,1,True,example.txt:22462
zabiegow,2,False,example.txt:8591; example.txt:37381
zabijać,1,True,example.txt:30993
zabithego,2,False,example.txt:30469; example.txt:31116
zabroniony,1,False,example.txt:33676
zachodai,1,False,example.txt:49890
zachowai,1,False,example.txt:24336
zachowale,1,False,example.txt:33097
zachowana,1,False,example.txt:35949
zachowany,1,False,example.txt:3748
zachoway,1,False,example.txt:12628
zachowała,1,True,example.txt:33102
zachowywać,1,True,example.txt:3756
zachyli,1,False,example.txt:23948
zaciemsky,1,False,example.txt:37344
zaciesniaiac,1,False,example.txt:49924
zaciągnęła,1,True,example.txt:33127
zaciąguś,1,True,example.txt:50414
zaczało,1,True,example.txt:40621
zaczethe,1,True,example.txt:37743
zaczęcie,1,True,example.txt:8638
zadaiemy,1,False,example.txt:49367
zadawano,1,False,example.txt:16947
zadayącz,1,True,example.txt:22140
zadowało,1,True,example.txt:35038
zafaniona,1,False,example.txt:36251
zagrody,1,False,example.txt:4265
zagrodzic,1,True,example.txt:49878
zagrodzona,1,True,example.txt:19620
zagrodzone,1,True,example.txt:47208
zagłowski,1,True,example.txt:11668
zaiawic,1,False,example.txt:36201
zaiazal,1,False,example.txt:37683
zakazymam,1,False,example.txt:31538
zakindrzec,1,True,example.txt:35953
zakonnikowi,1,False,example.txt:36314
zakrawaią,1,True,example.txt:31307
zakupiwszy,1,True,example.txt:13062
zakładem,1,True,example.txt:36199
zalatwien,1,False,example.txt:23363
zalecziwszy,1,True,example.txt:38285
zalieczam,1,True,example.txt:34034
zalobie,1,False,example.txt:30162
zalowicy,1,False,example.txt:46670
zalowizi,1,False,example.txt:46679
zalozyl,1,False,example.txt:24624
zamawiał,1,True,example.txt:30679
zamczyste,1,True,example.txt:43060
zamedbali,1,False,example.txt:44815
zamiastowi,1,False,example.txt:24477
zamierzam,1,True,example.txt:34628
zamierzayac,1,True,example.txt:29811
zamieszaney,1,True,example.txt:35000
zamilowany,1,False,example.txt:16961
zamitował,1,True,example.txt:13212
zamknelam,1,False,example.txt:29814
zamkniemia,1,False,example.txt:29892
zamknieniem,1,False,example.txt:48554
zamkniona,2,False,example.txt:11559; example.txt:11571
zamknione,2,False,example.txt:25052; example.txt:31287
zamknioney,1,False,example.txt:31000
zamszdzon,1,True,example.txt:30023
zamszowe,1,True,example.txt:11554
zamykay,1,False,example.txt:29808
zanensi,1,False,example.txt:38378
zaniechal,1,False,example.txt:31154
zaniechali,1,False,example.txt:28023
zaniedbanie,1,False,example.txt:37061
zaniosł,1,True,example.txt:12864
zapieczetowana,1,True,example.txt:44656
zapieczętowal,1,True,example.txt:29906
zapilmoscia,1,False,example.txt:34587
zaplacona,2,False,example.txt:44814; example.txt:44821
zaplatali,1,False,example.txt:6344
zaplathe,1,False,example.txt:31538
zapleczem,1,True,example.txt:36189
zapobudzony,1,True,example.txt:29799
zapominano,1,False,example.txt:7760
zapomniawssy,1,False,example.txt:1354
zaprzec,2,True,example.txt:24325; example.txt:29992
zareystrowane,2,False,example.txt:23794; example.txt:23854
zarobku,1,False,example.txt:33094
zarogm,1,False,example.txt:8224
zarowno,1,False,example.txt:43506
zaręczinach,1,True,example.txt:8928
zasewaiac,1,False,example.txt:50945
zasiedli,1,False,example.txt:41812
zasklepiste,1,False,example.txt:47335
zasloniony,1,False,example.txt:49815
zaslubyl,2,False,example.txt:33158; example.txt:33178
zaslyssie,1,False,example.txt:24600
zasmucona,1,False,example.txt:48
zaspokoiwszy,1,True,example.txt:31644
zassiad,1,False,example.txt:24327
zastalizmy,1,False,example.txt:30685
zastapic,2,False,example.txt:3977; example.txt:42953
zastawami,1,False,example.txt:17252
zastawial,1,False,example.txt:13068
zastawila,1,False,example.txt:671
zastawili,1,False,example.txt:40558
zastawioney,1,False,example.txt:695
zastawy,1,False,example.txt:675
zastałem,1,True,example.txt:30485
zastempowac,1,False,example.txt:34638
zastempuie,1,False,example.txt:30339
zastepuie,1,False,example.txt:6412
zasuwani,1,False,example.txt:33628
zaszedłszy,1,True,example.txt:31014
zaszodziły,1,True,example.txt:31192
zasłani,1,True,example.txt:38577
zasłaniając,1,True,example.txt:12163
zasłonał,1,True,example.txt:29734
zatrzymac,1,True,example.txt:7585
zatrzymali,1,True,example.txt:9285
zatrzymany,1,True,example.txt:46714
zatwierdz,1,True,example.txt:33677
zatwierdzeniu,1,True,example.txt:31639
zatwierdzonych,1,True,example.txt:33593
zawiesili,1,False,example.txt:10636
zawiklana,1,False,example.txt:6333
zawiodła,1,True,example.txt:45580
zawiązany,1,True,example.txt:30174
zawolal,2,False,example.txt:10963; example.txt:10963
zaxmitem,1,False,example.txt:32990
zayssowac,1,False,example.txt:23443
zazdrościc,1,True,example.txt:50491
zazipratzra,1,False,example.txt:11130
załobie,1,True,example.txt:31303
założyć,1,True,example.txt:3709
założył,1,True,example.txt:38718
zażywanym,1,True,example.txt:3732
zażywawszy,1,True,example.txt:37106
zberkoney,1,False,example.txt:40524
zbiegaiac,1,False,example.txt:7585
zbiegł,1,True,example.txt:1300
zbieraj,1,False,example.txt:30268
zbierosz,1,True,example.txt:37356
zbiuciem,1,False,example.txt:47338
zblizonego,1,False,example.txt:29892
zbludnie,1,False,example.txt:38291
zbraiaiąc,1,True,example.txt:23378
zbroił,1,True,example.txt:3724
zbroszony,1,True,example.txt:45603
zbroynych,1,False,example.txt:30454
zbudowac,2,False,example.txt:37933; example.txt:42696
zbudowal,1,False,example.txt:26054
zbythki,2,False,example.txt:29703; example.txt:30442
zbytkow,1,False,example.txt:29986
zbytku,1,False,example.txt:12147
zbywamy,1,False,example.txt:40404
zdarzylo,1,True,example.txt:52967
zdarzyć,1,True,example.txt:8638
zdebsze,1,True,example.txt:18947
zdobyli,1,False,example.txt:30521
zdomyslu,1,False,example.txt:39539
zdradyl,1,False,example.txt:2803
zdrziecki,1,True,example.txt:12254
zdzikowna,1,True,example.txt:31627
zebranawyącz,1,True,example.txt:39947
zebyście,1,True,example.txt:24078
zechcą,1,True,example.txt:35036
zefciem,1,False,example.txt:20124
zegarow,1,False,example.txt:50018
zeiowey,1,False,example.txt:33690
zeliadri,1,False,example.txt:12862
zeliony,1,False,example.txt:30226
zemieniac,1,False,example.txt:49365
zemscy,1,False,example.txt:13169
zepsowai,1,False,example.txt:13169
zepsowane,1,False,example.txt:41705
zeszdzai,1,True,example.txt:1354
zeszedlszy,1,True,example.txt:34562
zewssy,1,False,example.txt:11047
zeznawaiączego,1,True,example.txt:40519
zeznawaiączy,1,True,example.txt:37063
zeznałPosłuszeliony,1,True,example.txt:30698
zezwoleniem,1,False,example.txt:8379
zgiełk,1,True,example.txt:29809
zglendem,1,False,example.txt:33665
zgloszenia,1,True,example.txt:26095
zglądwą,1,True,example.txt:39948
zgodzaiączemi,1,True,example.txt:27924
zgolymi,1,False,example.txt:30387
zgolymy,1,False,example.txt:30372
zgorzal,1,True,example.txt:29420
zgorzalo,2,True,example.txt:38564; example.txt:43060
zgorzały,2,True,example.txt:38548; example.txt:38550
zgromadzenia,2,True,example.txt:3701; example.txt:3707
zgromadzili,1,True,example.txt:41704
zgromadzonych,1,True,example.txt:29887
zgromna,1,False,example.txt:37117
zgruba,1,False,example.txt:18428
zgrubą,1,True,example.txt:12171
zgubieniem,1,False,example.txt:37349
ziakiemiary,1,False,example.txt:11161
ziarmarka,1,False,example.txt:1301
zielonego,2,False,example.txt:5192; example.txt:40721
ziemianach,1,False,example.txt:50523
ziemskydny,1,False,example.txt:25500
zinskich,1,False,example.txt:13361
zkomili,1,False,example.txt:24256
zleceniem,1,False,example.txt:290
zlieczonego,1,True,example.txt:36214
zlocista,1,False,example.txt:17243
zlocisty,1,False,example.txt:40722
zlotoglawow,1,False,example.txt:8245
zlotoglowy,1,False,example.txt:11529
zlozone,1,False,example.txt:12857
zmarłych,1,True,example.txt:36187
zmeiszey,1,True,example.txt:843
zmeszem,1,True,example.txt:4248
zmieczmi,1,True,example.txt:11558
zmierzchalo,1,True,example.txt:30378
zmurowana,1,False,example.txt:18455
zmurowane,1,False,example.txt:25033
zmysstok,1,False,example.txt:50945
znaczna,1,True,example.txt:8599
znaczne,2,True,example.txt:36009; example.txt:37706
znacznie,1,True,example.txt:34596
znajda,1,False,example.txt:23406
znalazlo,1,False,example.txt:33610
znatiaszku,1,True,example.txt:37347
znayazni,1,False,example.txt:22207
zniesione,1,False,example.txt:30607
zniesionego,1,False,example.txt:31355
znieśćionemu,1,True,example.txt:29694
znikad,1,False,example.txt:49990
znoszona,1,True,example.txt:49830
zobopolnych,2,False,example.txt:33592; example.txt:37294
zobustron,1,False,example.txt:37103
zogrodem,1,False,example.txt:4239
zolmaria,1,False,example.txt:2424
zonkowi,1,False,example.txt:48426
zoslianey,1,False,example.txt:30952
zossobona,1,False,example.txt:9404
zostaiącey,1,True,example.txt:8891
zpodanem,1,False,example.txt:33151
zprzybylieiowa,1,True,example.txt:23948
zreglow,1,False,example.txt:40633
zrodzone,1,True,example.txt:31647
zrozumial,1,False,example.txt:31162
zrysowane,1,False,example.txt:37702
zrzekaiąc,1,True,example.txt:31653
zstryszkiem,1,True,example.txt:7122
zstąpił,1,True,example.txt:30498
zujący,1,True,example.txt:35998
zumalze,1,False,example.txt:11085
zuxowna,1,False,example.txt:17713
zwielssa,1,False,example.txt:2424
zwierciadle,1,False,example.txt:5192
zwierszchom,1,True,example.txt:7365
zwierzchnosci,1,True,example.txt:24323
zwirnione,1,False,example.txt:11570
zwlasc,1,False,example.txt:10608
zwlok,1,False,example.txt:37069
zwolnoscia,1,False,example.txt:50964
zwrocone,1,False,example.txt:22403
zwyczajem,1,True,example.txt:33091
zwyczayne,1,True,example.txt:3740
zwykli,1,False,example.txt:50542
zwykłych,1,True,example.txt:43519
zwykłą,1,True,example.txt:30173
zwąthline,1,True,example.txt:31857
zwłokami,1,True,example.txt:41880
zyciliwe,1,False,example.txt:38328
zyczliwe,1,True,example.txt:38285
zyczliwosci,1,True,example.txt:23442
zydawcami,1,False,example.txt:2249
zyiącego,1,True,example.txt:8884
zymisrzy,1,True,example.txt:49616
zymowicz,1,True,example.txt:37959
zynobila,1,False,example.txt:22427
zynsami,1,False,example.txt:29743
zyoliwey,1,False,example.txt:38305
zysomro,1,False,example.txt:37714
zywnosc,1,False,example.txt:50112
ząlesimie,1,True,example.txt:41885
złotogłowem,1,True,example.txt:40715
złożenia,1,True,example.txt:3752
ćwierćgolt,1,True,example.txt:50548
Łagoczod,1,True,example.txt:26409
Łankwojt,2,True,example.txt:29690; example.txt:29706
Łankwojta,1,True,example.txt:29941
Ławniki,1,True,example.txt:6253
Łaźniej,1,True,example.txt:33057
Łomnicki,1,True,example.txt:29723
Łożsko,1,True,example.txt:33062
Łukasiewicza,1,True,example.txt:37377
Łukasowiczowem,1,True,example.txt:37387
Łukasowiczowi,1,True,example.txt:37388
Łukasyem,1,True,example.txt:22509
Łukaszowiowi,1,True,example.txt:37306
Łysianka,2,True,example.txt:30484; example.txt:30489
Łysianki,1,True,example.txt:30509
ładuią,1,True,example.txt:8630
łagwy,1,True,example.txt:38556
łubyma,1,True,example.txt:38619
łzalmi,1,True,example.txt:38550
łóżkiem,1,True,example.txt:38504
Ślubiła,1,True,example.txt:38717
Ślusarze,1,True,example.txt:50545
ściąższej,1,True,example.txt:38502
ślubmi,1,True,example.txt:38733
ślusarz,1,True,example.txt:30504
śniatynie,1,True,example.txt:8667
Żałuje,1,True,example.txt:38486
Żołnierskiemi,1,True,example.txt:29736
Żupanik,1,True,example.txt:33048
Żydowka,1,True,example.txt:38903
życzliwe,1,True,example.txt:14804
żącej,1,True,example.txt:36189
